Date,predictions (m)
2026-11-01 20:18 PT,3.305
2026-11-01 20:19 PT,3.306
2026-11-01 20:20 PT,3.308
2026-11-01 20:21 PT,3.31
2026-11-01 20:22 PT,3.311
2026-11-01 20:23 PT,3.313
2026-11-01 20:24 PT,3.314
2026-11-01 20:25 PT,3.316
2026-11-01 20:26 PT,3.318
2026-11-01 20:27 PT,3.319
2026-11-01 20:28 PT,3.321
2026-11-01 20:29 PT,3.323
2026-11-01 20:30 PT,3.324
2026-11-01 20:31 PT,3.326
2026-11-01 20:32 PT,3.328
2026-11-01 20:33 PT,3.329
2026-11-01 20:34 PT,3.331
2026-11-01 20:35 PT,3.333
2026-11-01 20:36 PT,3.334
2026-11-01 20:37 PT,3.336
2026-11-01 20:38 PT,3.338
2026-11-01 20:39 PT,3.34
2026-11-01 20:40 PT,3.341
2026-11-01 20:41 PT,3.343
2026-11-01 20:42 PT,3.345
2026-11-01 20:43 PT,3.346
2026-11-01 20:44 PT,3.348
2026-11-01 20:45 PT,3.35
2026-11-01 20:46 PT,3.352
2026-11-01 20:47 PT,3.353
2026-11-01 20:48 PT,3.355
2026-11-01 20:49 PT,3.357
2026-11-01 20:50 PT,3.358
2026-11-01 20:51 PT,3.36
2026-11-01 20:52 PT,3.362
2026-11-01 20:53 PT,3.364
2026-11-01 20:54 PT,3.365
2026-11-01 20:55 PT,3.367
2026-11-01 20:56 PT,3.369
2026-11-01 20:57 PT,3.371
2026-11-01 20:58 PT,3.372
2026-11-01 20:59 PT,3.374
2026-11-01 21:00 PT,3.376
2026-11-01 21:01 PT,3.377
2026-11-01 21:02 PT,3.379
2026-11-01 21:03 PT,3.381
2026-11-01 21:04 PT,3.383
2026-11-01 21:05 PT,3.384
2026-11-01 21:06 PT,3.386
2026-11-01 21:07 PT,3.388
2026-11-01 21:08 PT,3.389
2026-11-01 21:09 PT,3.391
2026-11-01 21:10 PT,3.393
2026-11-01 21:11 PT,3.395
2026-11-01 21:12 PT,3.396
2026-11-01 21:13 PT,3.398
2026-11-01 21:14 PT,3.4
2026-11-01 21:15 PT,3.401
2026-11-01 21:16 PT,3.403
2026-11-01 21:17 PT,3.405
2026-11-01 21:18 PT,3.406
2026-11-01 21:19 PT,3.408
2026-11-01 21:20 PT,3.41
2026-11-01 21:21 PT,3.411
2026-11-01 21:22 PT,3.413
2026-11-01 21:23 PT,3.414
2026-11-01 21:24 PT,3.416
2026-11-01 21:25 PT,3.418
2026-11-01 21:26 PT,3.419
2026-11-01 21:27 PT,3.421
2026-11-01 21:28 PT,3.422
2026-11-01 21:29 PT,3.424
2026-11-01 21:30 PT,3.426
2026-11-01 21:31 PT,3.427
2026-11-01 21:32 PT,3.429
2026-11-01 21:33 PT,3.43
2026-11-01 21:34 PT,3.432
2026-11-01 21:35 PT,3.433
2026-11-01 21:36 PT,3.435
2026-11-01 21:37 PT,3.436
2026-11-01 21:38 PT,3.438
2026-11-01 21:39 PT,3.439
2026-11-01 21:40 PT,3.44
2026-11-01 21:41 PT,3.442
2026-11-01 21:42 PT,3.443
2026-11-01 21:43 PT,3.445
2026-11-01 21:44 PT,3.446
2026-11-01 21:45 PT,3.447
2026-11-01 21:46 PT,3.449
2026-11-01 21:47 PT,3.45
2026-11-01 21:48 PT,3.451
2026-11-01 21:49 PT,3.453
2026-11-01 21:50 PT,3.454
2026-11-01 21:51 PT,3.455
2026-11-01 21:52 PT,3.456
2026-11-01 21:53 PT,3.458
2026-11-01 21:54 PT,3.459
2026-11-01 21:55 PT,3.46
2026-11-01 21:56 PT,3.461
2026-11-01 21:57 PT,3.462
2026-11-01 21:58 PT,3.464
2026-11-01 21:59 PT,3.465
2026-11-01 22:00 PT,3.466
2026-11-01 22:01 PT,3.467
2026-11-01 22:02 PT,3.468
2026-11-01 22:03 PT,3.469
2026-11-01 22:04 PT,3.47
2026-11-01 22:05 PT,3.471
2026-11-01 22:06 PT,3.472
2026-11-01 22:07 PT,3.473
2026-11-01 22:08 PT,3.473
2026-11-01 22:09 PT,3.474
2026-11-01 22:10 PT,3.475
2026-11-01 22:11 PT,3.476
2026-11-01 22:12 PT,3.477
2026-11-01 22:13 PT,3.478
2026-11-01 22:14 PT,3.478
2026-11-01 22:15 PT,3.479
2026-11-01 22:16 PT,3.48
2026-11-01 22:17 PT,3.48
2026-11-01 22:18 PT,3.481
2026-11-01 22:19 PT,3.482
2026-11-01 22:20 PT,3.482
2026-11-01 22:21 PT,3.483
2026-11-01 22:22 PT,3.483
2026-11-01 22:23 PT,3.484
2026-11-01 22:24 PT,3.484
2026-11-01 22:25 PT,3.484
2026-11-01 22:26 PT,3.485
2026-11-01 22:27 PT,3.485
2026-11-01 22:28 PT,3.486
2026-11-01 22:29 PT,3.486
2026-11-01 22:30 PT,3.486
2026-11-01 22:31 PT,3.486
2026-11-01 22:32 PT,3.486
2026-11-01 22:33 PT,3.487
2026-11-01 22:34 PT,3.487
2026-11-01 22:35 PT,3.487
2026-11-01 22:36 PT,3.487
2026-11-01 22:37 PT,3.487
2026-11-01 22:38 PT,3.487
2026-11-01 22:39 PT,3.487
2026-11-01 22:40 PT,3.487
2026-11-01 22:41 PT,3.486
2026-11-01 22:42 PT,3.486
2026-11-01 22:43 PT,3.486
2026-11-01 22:44 PT,3.486
2026-11-01 22:45 PT,3.485
2026-11-01 22:46 PT,3.485
2026-11-01 22:47 PT,3.485
2026-11-01 22:48 PT,3.484
2026-11-01 22:49 PT,3.484
2026-11-01 22:50 PT,3.483
2026-11-01 22:51 PT,3.483
2026-11-01 22:52 PT,3.482
2026-11-01 22:53 PT,3.482
2026-11-01 22:54 PT,3.481
2026-11-01 22:55 PT,3.48
2026-11-01 22:56 PT,3.48
2026-11-01 22:57 PT,3.479
2026-11-01 22:58 PT,3.478
2026-11-01 22:59 PT,3.477
2026-11-01 23:00 PT,3.476
2026-11-01 23:01 PT,3.475
2026-11-01 23:02 PT,3.474
2026-11-01 23:03 PT,3.473
2026-11-01 23:04 PT,3.472
2026-11-01 23:05 PT,3.471
2026-11-01 23:06 PT,3.47
2026-11-01 23:07 PT,3.469
2026-11-01 23:08 PT,3.467
2026-11-01 23:09 PT,3.466
2026-11-01 23:10 PT,3.465
2026-11-01 23:11 PT,3.463
2026-11-01 23:12 PT,3.462
2026-11-01 23:13 PT,3.46
2026-11-01 23:14 PT,3.459
2026-11-01 23:15 PT,3.457
2026-11-01 23:16 PT,3.456
2026-11-01 23:17 PT,3.454
2026-11-01 23:18 PT,3.452
2026-11-01 23:19 PT,3.45
2026-11-01 23:20 PT,3.449
2026-11-01 23:21 PT,3.447
2026-11-01 23:22 PT,3.445
2026-11-01 23:23 PT,3.443
2026-11-01 23:24 PT,3.441
2026-11-01 23:25 PT,3.439
2026-11-01 23:26 PT,3.437
2026-11-01 23:27 PT,3.435
2026-11-01 23:28 PT,3.432
2026-11-01 23:29 PT,3.43
2026-11-01 23:30 PT,3.428
2026-11-01 23:31 PT,3.426
2026-11-01 23:32 PT,3.423
2026-11-01 23:33 PT,3.421
2026-11-01 23:34 PT,3.418
2026-11-01 23:35 PT,3.416
2026-11-01 23:36 PT,3.413
2026-11-01 23:37 PT,3.411
2026-11-01 23:38 PT,3.408
2026-11-01 23:39 PT,3.405
2026-11-01 23:40 PT,3.403
2026-11-01 23:41 PT,3.4
2026-11-01 23:42 PT,3.397
2026-11-01 23:43 PT,3.394
2026-11-01 23:44 PT,3.391
2026-11-01 23:45 PT,3.388
2026-11-01 23:46 PT,3.385
2026-11-01 23:47 PT,3.382
2026-11-01 23:48 PT,3.379
2026-11-01 23:49 PT,3.376
2026-11-01 23:50 PT,3.373
2026-11-01 23:51 PT,3.369
2026-11-01 23:52 PT,3.366
2026-11-01 23:53 PT,3.363
2026-11-01 23:54 PT,3.359
2026-11-01 23:55 PT,3.356
2026-11-01 23:56 PT,3.352
2026-11-01 23:57 PT,3.349
2026-11-01 23:58 PT,3.345
2026-11-01 23:59 PT,3.342
2026-11-02 00:00 PT,3.338
2026-11-02 00:01 PT,3.334
2026-11-02 00:02 PT,3.33
2026-11-02 00:03 PT,3.327
2026-11-02 00:04 PT,3.323
2026-11-02 00:05 PT,3.319
2026-11-02 00:06 PT,3.315
2026-11-02 00:07 PT,3.311
2026-11-02 00:08 PT,3.307
2026-11-02 00:09 PT,3.303
2026-11-02 00:10 PT,3.299
2026-11-02 00:11 PT,3.295
2026-11-02 00:12 PT,3.29
2026-11-02 00:13 PT,3.286
2026-11-02 00:14 PT,3.282
2026-11-02 00:15 PT,3.278
2026-11-02 00:16 PT,3.273
2026-11-02 00:17 PT,3.269
2026-11-02 00:18 PT,3.264
2026-11-02 00:19 PT,3.26
2026-11-02 00:20 PT,3.255
2026-11-02 00:21 PT,3.251
2026-11-02 00:22 PT,3.246
2026-11-02 00:23 PT,3.242
2026-11-02 00:24 PT,3.237
2026-11-02 00:25 PT,3.232
2026-11-02 00:26 PT,3.227
2026-11-02 00:27 PT,3.223
2026-11-02 00:28 PT,3.218
2026-11-02 00:29 PT,3.213
2026-11-02 00:30 PT,3.208
2026-11-02 00:31 PT,3.203
2026-11-02 00:32 PT,3.198
2026-11-02 00:33 PT,3.193
2026-11-02 00:34 PT,3.188
2026-11-02 00:35 PT,3.183
2026-11-02 00:36 PT,3.177
2026-11-02 00:37 PT,3.172
2026-11-02 00:38 PT,3.167
2026-11-02 00:39 PT,3.162
2026-11-02 00:40 PT,3.156
2026-11-02 00:41 PT,3.151
2026-11-02 00:42 PT,3.146
2026-11-02 00:43 PT,3.14
2026-11-02 00:44 PT,3.135
2026-11-02 00:45 PT,3.129
2026-11-02 00:46 PT,3.124
2026-11-02 00:47 PT,3.118
2026-11-02 00:48 PT,3.113
2026-11-02 00:49 PT,3.107
2026-11-02 00:50 PT,3.101
2026-11-02 00:51 PT,3.095
2026-11-02 00:52 PT,3.09
2026-11-02 00:53 PT,3.084
2026-11-02 00:54 PT,3.078
2026-11-02 00:55 PT,3.072
2026-11-02 00:56 PT,3.066
2026-11-02 00:57 PT,3.061
2026-11-02 00:58 PT,3.055
2026-11-02 00:59 PT,3.049
2026-11-02 01:00 PT,3.043
2026-11-02 01:01 PT,3.037
2026-11-02 01:02 PT,3.03
2026-11-02 01:03 PT,3.024
2026-11-02 01:04 PT,3.018
2026-11-02 01:05 PT,3.012
2026-11-02 01:06 PT,3.006
2026-11-02 01:07 PT,3
2026-11-02 01:08 PT,2.993
2026-11-02 01:09 PT,2.987
2026-11-02 01:10 PT,2.981
2026-11-02 01:11 PT,2.974
2026-11-02 01:12 PT,2.968
2026-11-02 01:13 PT,2.962
2026-11-02 01:14 PT,2.955
2026-11-02 01:15 PT,2.949
2026-11-02 01:16 PT,2.942
2026-11-02 01:17 PT,2.936
2026-11-02 01:18 PT,2.929
2026-11-02 01:19 PT,2.923
2026-11-02 01:20 PT,2.916
2026-11-02 01:21 PT,2.909
2026-11-02 01:22 PT,2.903
2026-11-02 01:23 PT,2.896
2026-11-02 01:24 PT,2.889
2026-11-02 01:25 PT,2.882
2026-11-02 01:26 PT,2.876
2026-11-02 01:27 PT,2.869
2026-11-02 01:28 PT,2.862
2026-11-02 01:29 PT,2.855
2026-11-02 01:30 PT,2.848
2026-11-02 01:31 PT,2.841
2026-11-02 01:32 PT,2.835
2026-11-02 01:33 PT,2.828
2026-11-02 01:34 PT,2.821
2026-11-02 01:35 PT,2.814
2026-11-02 01:36 PT,2.807
2026-11-02 01:37 PT,2.8
2026-11-02 01:38 PT,2.792
2026-11-02 01:39 PT,2.785
2026-11-02 01:40 PT,2.778
2026-11-02 01:41 PT,2.771
2026-11-02 01:42 PT,2.764
2026-11-02 01:43 PT,2.757
2026-11-02 01:44 PT,2.75
2026-11-02 01:45 PT,2.742
2026-11-02 01:46 PT,2.735
2026-11-02 01:47 PT,2.728
2026-11-02 01:48 PT,2.721
2026-11-02 01:49 PT,2.713
2026-11-02 01:50 PT,2.706
2026-11-02 01:51 PT,2.699
2026-11-02 01:52 PT,2.691
2026-11-02 01:53 PT,2.684
2026-11-02 01:54 PT,2.676
2026-11-02 01:55 PT,2.669
2026-11-02 01:56 PT,2.661
2026-11-02 01:57 PT,2.654
2026-11-02 01:58 PT,2.646
2026-11-02 01:59 PT,2.639
2026-11-02 02:00 PT,2.631
2026-11-02 02:01 PT,2.624
2026-11-02 02:02 PT,2.616
2026-11-02 02:03 PT,2.609
2026-11-02 02:04 PT,2.601
2026-11-02 02:05 PT,2.594
2026-11-02 02:06 PT,2.586
2026-11-02 02:07 PT,2.578
2026-11-02 02:08 PT,2.571
2026-11-02 02:09 PT,2.563
2026-11-02 02:10 PT,2.555
2026-11-02 02:11 PT,2.548
2026-11-02 02:12 PT,2.54
2026-11-02 02:13 PT,2.532
2026-11-02 02:14 PT,2.524
2026-11-02 02:15 PT,2.517
2026-11-02 02:16 PT,2.509
2026-11-02 02:17 PT,2.501
2026-11-02 02:18 PT,2.493
2026-11-02 02:19 PT,2.485
2026-11-02 02:20 PT,2.478
2026-11-02 02:21 PT,2.47
2026-11-02 02:22 PT,2.462
2026-11-02 02:23 PT,2.454
2026-11-02 02:24 PT,2.446
2026-11-02 02:25 PT,2.438
2026-11-02 02:26 PT,2.43
2026-11-02 02:27 PT,2.422
2026-11-02 02:28 PT,2.415
2026-11-02 02:29 PT,2.407
2026-11-02 02:30 PT,2.399
2026-11-02 02:31 PT,2.391
2026-11-02 02:32 PT,2.383
2026-11-02 02:33 PT,2.375
2026-11-02 02:34 PT,2.367
2026-11-02 02:35 PT,2.359
2026-11-02 02:36 PT,2.351
2026-11-02 02:37 PT,2.343
2026-11-02 02:38 PT,2.335
2026-11-02 02:39 PT,2.327
2026-11-02 02:40 PT,2.319
2026-11-02 02:41 PT,2.311
2026-11-02 02:42 PT,2.303
2026-11-02 02:43 PT,2.295
2026-11-02 02:44 PT,2.287
2026-11-02 02:45 PT,2.279
2026-11-02 02:46 PT,2.271
2026-11-02 02:47 PT,2.263
2026-11-02 02:48 PT,2.255
2026-11-02 02:49 PT,2.246
2026-11-02 02:50 PT,2.238
2026-11-02 02:51 PT,2.23
2026-11-02 02:52 PT,2.222
2026-11-02 02:53 PT,2.214
2026-11-02 02:54 PT,2.206
2026-11-02 02:55 PT,2.198
2026-11-02 02:56 PT,2.19
2026-11-02 02:57 PT,2.182
2026-11-02 02:58 PT,2.174
2026-11-02 02:59 PT,2.166
2026-11-02 03:00 PT,2.158
2026-11-02 03:01 PT,2.15
2026-11-02 03:02 PT,2.142
2026-11-02 03:03 PT,2.134
2026-11-02 03:04 PT,2.126
2026-11-02 03:05 PT,2.118
2026-11-02 03:06 PT,2.11
2026-11-02 03:07 PT,2.101
2026-11-02 03:08 PT,2.093
2026-11-02 03:09 PT,2.085
2026-11-02 03:10 PT,2.077
2026-11-02 03:11 PT,2.069
2026-11-02 03:12 PT,2.061
2026-11-02 03:13 PT,2.053
2026-11-02 03:14 PT,2.045
2026-11-02 03:15 PT,2.037
2026-11-02 03:16 PT,2.029
2026-11-02 03:17 PT,2.021
2026-11-02 03:18 PT,2.013
2026-11-02 03:19 PT,2.005
2026-11-02 03:20 PT,1.998
2026-11-02 03:21 PT,1.99
2026-11-02 03:22 PT,1.982
2026-11-02 03:23 PT,1.974
2026-11-02 03:24 PT,1.966
2026-11-02 03:25 PT,1.958
2026-11-02 03:26 PT,1.95
2026-11-02 03:27 PT,1.942
2026-11-02 03:28 PT,1.934
2026-11-02 03:29 PT,1.926
2026-11-02 03:30 PT,1.919
2026-11-02 03:31 PT,1.911
2026-11-02 03:32 PT,1.903
2026-11-02 03:33 PT,1.895
2026-11-02 03:34 PT,1.887
2026-11-02 03:35 PT,1.88
2026-11-02 03:36 PT,1.872
2026-11-02 03:37 PT,1.864
2026-11-02 03:38 PT,1.857
2026-11-02 03:39 PT,1.849
2026-11-02 03:40 PT,1.841
2026-11-02 03:41 PT,1.834
2026-11-02 03:42 PT,1.826
2026-11-02 03:43 PT,1.818
2026-11-02 03:44 PT,1.811
2026-11-02 03:45 PT,1.803
2026-11-02 03:46 PT,1.796
2026-11-02 03:47 PT,1.788
2026-11-02 03:48 PT,1.781
2026-11-02 03:49 PT,1.773
2026-11-02 03:50 PT,1.766
2026-11-02 03:51 PT,1.758
2026-11-02 03:52 PT,1.751
2026-11-02 03:53 PT,1.744
2026-11-02 03:54 PT,1.736
2026-11-02 03:55 PT,1.729
2026-11-02 03:56 PT,1.722
2026-11-02 03:57 PT,1.714
2026-11-02 03:58 PT,1.707
2026-11-02 03:59 PT,1.7
2026-11-02 04:00 PT,1.693
2026-11-02 04:01 PT,1.685
2026-11-02 04:02 PT,1.678
2026-11-02 04:03 PT,1.671
2026-11-02 04:04 PT,1.664
2026-11-02 04:05 PT,1.657
2026-11-02 04:06 PT,1.65
2026-11-02 04:07 PT,1.643
2026-11-02 04:08 PT,1.636
2026-11-02 04:09 PT,1.629
2026-11-02 04:10 PT,1.622
2026-11-02 04:11 PT,1.616
2026-11-02 04:12 PT,1.609
2026-11-02 04:13 PT,1.602
2026-11-02 04:14 PT,1.595
2026-11-02 04:15 PT,1.588
2026-11-02 04:16 PT,1.582
2026-11-02 04:17 PT,1.575
2026-11-02 04:18 PT,1.569
2026-11-02 04:19 PT,1.562
2026-11-02 04:20 PT,1.556
2026-11-02 04:21 PT,1.549
2026-11-02 04:22 PT,1.543
2026-11-02 04:23 PT,1.536
2026-11-02 04:24 PT,1.53
2026-11-02 04:25 PT,1.524
2026-11-02 04:26 PT,1.517
2026-11-02 04:27 PT,1.511
2026-11-02 04:28 PT,1.505
2026-11-02 04:29 PT,1.499
2026-11-02 04:30 PT,1.493
2026-11-02 04:31 PT,1.487
2026-11-02 04:32 PT,1.481
2026-11-02 04:33 PT,1.475
2026-11-02 04:34 PT,1.469
2026-11-02 04:35 PT,1.463
2026-11-02 04:36 PT,1.457
2026-11-02 04:37 PT,1.451
2026-11-02 04:38 PT,1.446
2026-11-02 04:39 PT,1.44
2026-11-02 04:40 PT,1.434
2026-11-02 04:41 PT,1.429
2026-11-02 04:42 PT,1.423
2026-11-02 04:43 PT,1.418
2026-11-02 04:44 PT,1.413
2026-11-02 04:45 PT,1.407
2026-11-02 04:46 PT,1.402
2026-11-02 04:47 PT,1.397
2026-11-02 04:48 PT,1.391
2026-11-02 04:49 PT,1.386
2026-11-02 04:50 PT,1.381
2026-11-02 04:51 PT,1.376
2026-11-02 04:52 PT,1.371
2026-11-02 04:53 PT,1.366
2026-11-02 04:54 PT,1.362
2026-11-02 04:55 PT,1.357
2026-11-02 04:56 PT,1.352
2026-11-02 04:57 PT,1.347
2026-11-02 04:58 PT,1.343
2026-11-02 04:59 PT,1.338
2026-11-02 05:00 PT,1.334
2026-11-02 05:01 PT,1.329
2026-11-02 05:02 PT,1.325
2026-11-02 05:03 PT,1.321
2026-11-02 05:04 PT,1.316
2026-11-02 05:05 PT,1.312
2026-11-02 05:06 PT,1.308
2026-11-02 05:07 PT,1.304
2026-11-02 05:08 PT,1.3
2026-11-02 05:09 PT,1.296
2026-11-02 05:10 PT,1.292
2026-11-02 05:11 PT,1.289
2026-11-02 05:12 PT,1.285
2026-11-02 05:13 PT,1.281
2026-11-02 05:14 PT,1.278
2026-11-02 05:15 PT,1.274
2026-11-02 05:16 PT,1.271
2026-11-02 05:17 PT,1.268
2026-11-02 05:18 PT,1.264
2026-11-02 05:19 PT,1.261
2026-11-02 05:20 PT,1.258
2026-11-02 05:21 PT,1.255
2026-11-02 05:22 PT,1.252
2026-11-02 05:23 PT,1.249
2026-11-02 05:24 PT,1.246
2026-11-02 05:25 PT,1.243
2026-11-02 05:26 PT,1.241
2026-11-02 05:27 PT,1.238
2026-11-02 05:28 PT,1.236
2026-11-02 05:29 PT,1.233
2026-11-02 05:30 PT,1.231
2026-11-02 05:31 PT,1.228
2026-11-02 05:32 PT,1.226
2026-11-02 05:33 PT,1.224
2026-11-02 05:34 PT,1.222
2026-11-02 05:35 PT,1.22
2026-11-02 05:36 PT,1.218
2026-11-02 05:37 PT,1.216
2026-11-02 05:38 PT,1.215
2026-11-02 05:39 PT,1.213
2026-11-02 05:40 PT,1.211
2026-11-02 05:41 PT,1.21
2026-11-02 05:42 PT,1.208
2026-11-02 05:43 PT,1.207
2026-11-02 05:44 PT,1.206
2026-11-02 05:45 PT,1.205
2026-11-02 05:46 PT,1.204
2026-11-02 05:47 PT,1.203
2026-11-02 05:48 PT,1.202
2026-11-02 05:49 PT,1.201
2026-11-02 05:50 PT,1.2
2026-11-02 05:51 PT,1.199
2026-11-02 05:52 PT,1.199
2026-11-02 05:53 PT,1.198
2026-11-02 05:54 PT,1.198
2026-11-02 05:55 PT,1.198
2026-11-02 05:56 PT,1.197
2026-11-02 05:57 PT,1.197
2026-11-02 05:58 PT,1.197
2026-11-02 05:59 PT,1.197
2026-11-02 06:00 PT,1.197
2026-11-02 06:01 PT,1.197
2026-11-02 06:02 PT,1.198
2026-11-02 06:03 PT,1.198
2026-11-02 06:04 PT,1.199
2026-11-02 06:05 PT,1.199
2026-11-02 06:06 PT,1.2
2026-11-02 06:07 PT,1.2
2026-11-02 06:08 PT,1.201
2026-11-02 06:09 PT,1.202
2026-11-02 06:10 PT,1.203
2026-11-02 06:11 PT,1.204
2026-11-02 06:12 PT,1.205
2026-11-02 06:13 PT,1.207
2026-11-02 06:14 PT,1.208
2026-11-02 06:15 PT,1.209
2026-11-02 06:16 PT,1.211
2026-11-02 06:17 PT,1.212
2026-11-02 06:18 PT,1.214
2026-11-02 06:19 PT,1.216
2026-11-02 06:20 PT,1.218
2026-11-02 06:21 PT,1.22
2026-11-02 06:22 PT,1.222
2026-11-02 06:23 PT,1.224
2026-11-02 06:24 PT,1.226
2026-11-02 06:25 PT,1.228
2026-11-02 06:26 PT,1.231
2026-11-02 06:27 PT,1.233
2026-11-02 06:28 PT,1.236
2026-11-02 06:29 PT,1.238
2026-11-02 06:30 PT,1.241
2026-11-02 06:31 PT,1.244
2026-11-02 06:32 PT,1.247
2026-11-02 06:33 PT,1.25
2026-11-02 06:34 PT,1.253
2026-11-02 06:35 PT,1.256
2026-11-02 06:36 PT,1.259
2026-11-02 06:37 PT,1.263
2026-11-02 06:38 PT,1.266
2026-11-02 06:39 PT,1.27
2026-11-02 06:40 PT,1.273
2026-11-02 06:41 PT,1.277
2026-11-02 06:42 PT,1.281
2026-11-02 06:43 PT,1.285
2026-11-02 06:44 PT,1.288
2026-11-02 06:45 PT,1.292
2026-11-02 06:46 PT,1.297
2026-11-02 06:47 PT,1.301
2026-11-02 06:48 PT,1.305
2026-11-02 06:49 PT,1.309
2026-11-02 06:50 PT,1.314
2026-11-02 06:51 PT,1.318
2026-11-02 06:52 PT,1.323
2026-11-02 06:53 PT,1.327
2026-11-02 06:54 PT,1.332
2026-11-02 06:55 PT,1.337
2026-11-02 06:56 PT,1.342
2026-11-02 06:57 PT,1.347
2026-11-02 06:58 PT,1.352
2026-11-02 06:59 PT,1.357
2026-11-02 07:00 PT,1.362
2026-11-02 07:01 PT,1.368
2026-11-02 07:02 PT,1.373
2026-11-02 07:03 PT,1.378
2026-11-02 07:04 PT,1.384
2026-11-02 07:05 PT,1.389
2026-11-02 07:06 PT,1.395
2026-11-02 07:07 PT,1.401
2026-11-02 07:08 PT,1.407
2026-11-02 07:09 PT,1.412
2026-11-02 07:10 PT,1.418
2026-11-02 07:11 PT,1.424
2026-11-02 07:12 PT,1.43
2026-11-02 07:13 PT,1.437
2026-11-02 07:14 PT,1.443
2026-11-02 07:15 PT,1.449
2026-11-02 07:16 PT,1.455
2026-11-02 07:17 PT,1.462
2026-11-02 07:18 PT,1.468
2026-11-02 07:19 PT,1.475
2026-11-02 07:20 PT,1.482
2026-11-02 07:21 PT,1.488
2026-11-02 07:22 PT,1.495
2026-11-02 07:23 PT,1.502
2026-11-02 07:24 PT,1.509
2026-11-02 07:25 PT,1.516
2026-11-02 07:26 PT,1.523
2026-11-02 07:27 PT,1.53
2026-11-02 07:28 PT,1.537
2026-11-02 07:29 PT,1.544
2026-11-02 07:30 PT,1.551
2026-11-02 07:31 PT,1.559
2026-11-02 07:32 PT,1.566
2026-11-02 07:33 PT,1.573
2026-11-02 07:34 PT,1.581
2026-11-02 07:35 PT,1.588
2026-11-02 07:36 PT,1.596
2026-11-02 07:37 PT,1.604
2026-11-02 07:38 PT,1.611
2026-11-02 07:39 PT,1.619
2026-11-02 07:40 PT,1.627
2026-11-02 07:41 PT,1.635
2026-11-02 07:42 PT,1.643
2026-11-02 07:43 PT,1.651
2026-11-02 07:44 PT,1.659
2026-11-02 07:45 PT,1.667
2026-11-02 07:46 PT,1.675
2026-11-02 07:47 PT,1.683
2026-11-02 07:48 PT,1.691
2026-11-02 07:49 PT,1.699
2026-11-02 07:50 PT,1.708
2026-11-02 07:51 PT,1.716
2026-11-02 07:52 PT,1.724
2026-11-02 07:53 PT,1.733
2026-11-02 07:54 PT,1.741
2026-11-02 07:55 PT,1.75
2026-11-02 07:56 PT,1.758
2026-11-02 07:57 PT,1.767
2026-11-02 07:58 PT,1.776
2026-11-02 07:59 PT,1.784
2026-11-02 08:00 PT,1.793
2026-11-02 08:01 PT,1.802
2026-11-02 08:02 PT,1.811
2026-11-02 08:03 PT,1.82
2026-11-02 08:04 PT,1.829
2026-11-02 08:05 PT,1.838
2026-11-02 08:06 PT,1.847
2026-11-02 08:07 PT,1.856
2026-11-02 08:08 PT,1.865
2026-11-02 08:09 PT,1.874
2026-11-02 08:10 PT,1.883
2026-11-02 08:11 PT,1.892
2026-11-02 08:12 PT,1.901
2026-11-02 08:13 PT,1.91
2026-11-02 08:14 PT,1.92
2026-11-02 08:15 PT,1.929
2026-11-02 08:16 PT,1.938
2026-11-02 08:17 PT,1.948
2026-11-02 08:18 PT,1.957
2026-11-02 08:19 PT,1.967
2026-11-02 08:20 PT,1.976
2026-11-02 08:21 PT,1.986
2026-11-02 08:22 PT,1.995
2026-11-02 08:23 PT,2.005
2026-11-02 08:24 PT,2.014
2026-11-02 08:25 PT,2.024
2026-11-02 08:26 PT,2.034
2026-11-02 08:27 PT,2.043
2026-11-02 08:28 PT,2.053
2026-11-02 08:29 PT,2.063
2026-11-02 08:30 PT,2.073
2026-11-02 08:31 PT,2.083
2026-11-02 08:32 PT,2.092
2026-11-02 08:33 PT,2.102
2026-11-02 08:34 PT,2.112
2026-11-02 08:35 PT,2.122
2026-11-02 08:36 PT,2.132
2026-11-02 08:37 PT,2.142
2026-11-02 08:38 PT,2.152
2026-11-02 08:39 PT,2.162
2026-11-02 08:40 PT,2.172
2026-11-02 08:41 PT,2.182
2026-11-02 08:42 PT,2.192
2026-11-02 08:43 PT,2.203
2026-11-02 08:44 PT,2.213
2026-11-02 08:45 PT,2.223
2026-11-02 08:46 PT,2.233
2026-11-02 08:47 PT,2.243
2026-11-02 08:48 PT,2.254
2026-11-02 08:49 PT,2.264
2026-11-02 08:50 PT,2.274
2026-11-02 08:51 PT,2.285
2026-11-02 08:52 PT,2.295
2026-11-02 08:53 PT,2.305
2026-11-02 08:54 PT,2.316
2026-11-02 08:55 PT,2.326
2026-11-02 08:56 PT,2.336
2026-11-02 08:57 PT,2.347
2026-11-02 08:58 PT,2.357
2026-11-02 08:59 PT,2.368
2026-11-02 09:00 PT,2.378
2026-11-02 09:01 PT,2.389
2026-11-02 09:02 PT,2.4
2026-11-02 09:03 PT,2.41
2026-11-02 09:04 PT,2.421
2026-11-02 09:05 PT,2.431
2026-11-02 09:06 PT,2.442
2026-11-02 09:07 PT,2.453
2026-11-02 09:08 PT,2.463
2026-11-02 09:09 PT,2.474
2026-11-02 09:10 PT,2.485
2026-11-02 09:11 PT,2.496
2026-11-02 09:12 PT,2.506
2026-11-02 09:13 PT,2.517
2026-11-02 09:14 PT,2.528
2026-11-02 09:15 PT,2.539
2026-11-02 09:16 PT,2.55
2026-11-02 09:17 PT,2.561
2026-11-02 09:18 PT,2.571
2026-11-02 09:19 PT,2.582
2026-11-02 09:20 PT,2.593
2026-11-02 09:21 PT,2.604
2026-11-02 09:22 PT,2.615
2026-11-02 09:23 PT,2.626
2026-11-02 09:24 PT,2.637
2026-11-02 09:25 PT,2.648
2026-11-02 09:26 PT,2.659
2026-11-02 09:27 PT,2.67
2026-11-02 09:28 PT,2.681
2026-11-02 09:29 PT,2.692
2026-11-02 09:30 PT,2.703
2026-11-02 09:31 PT,2.714
2026-11-02 09:32 PT,2.725
2026-11-02 09:33 PT,2.737
2026-11-02 09:34 PT,2.748
2026-11-02 09:35 PT,2.759
2026-11-02 09:36 PT,2.77
2026-11-02 09:37 PT,2.781
2026-11-02 09:38 PT,2.792
2026-11-02 09:39 PT,2.804
2026-11-02 09:40 PT,2.815
2026-11-02 09:41 PT,2.826
2026-11-02 09:42 PT,2.837
2026-11-02 09:43 PT,2.849
2026-11-02 09:44 PT,2.86
2026-11-02 09:45 PT,2.871
2026-11-02 09:46 PT,2.882
2026-11-02 09:47 PT,2.894
2026-11-02 09:48 PT,2.905
2026-11-02 09:49 PT,2.916
2026-11-02 09:50 PT,2.928
2026-11-02 09:51 PT,2.939
2026-11-02 09:52 PT,2.95
2026-11-02 09:53 PT,2.962
2026-11-02 09:54 PT,2.973
2026-11-02 09:55 PT,2.984
2026-11-02 09:56 PT,2.996
2026-11-02 09:57 PT,3.007
2026-11-02 09:58 PT,3.019
2026-11-02 09:59 PT,3.03
2026-11-02 10:00 PT,3.041
2026-11-02 10:01 PT,3.053
2026-11-02 10:02 PT,3.064
2026-11-02 10:03 PT,3.076
2026-11-02 10:04 PT,3.087
2026-11-02 10:05 PT,3.099
2026-11-02 10:06 PT,3.11
2026-11-02 10:07 PT,3.121
2026-11-02 10:08 PT,3.133
2026-11-02 10:09 PT,3.144
2026-11-02 10:10 PT,3.156
2026-11-02 10:11 PT,3.167
2026-11-02 10:12 PT,3.179
2026-11-02 10:13 PT,3.19
2026-11-02 10:14 PT,3.202
2026-11-02 10:15 PT,3.213
2026-11-02 10:16 PT,3.224
2026-11-02 10:17 PT,3.236
2026-11-02 10:18 PT,3.247
2026-11-02 10:19 PT,3.259
2026-11-02 10:20 PT,3.27
2026-11-02 10:21 PT,3.282
2026-11-02 10:22 PT,3.293
2026-11-02 10:23 PT,3.304
2026-11-02 10:24 PT,3.316
2026-11-02 10:25 PT,3.327
2026-11-02 10:26 PT,3.339
2026-11-02 10:27 PT,3.35
2026-11-02 10:28 PT,3.361
2026-11-02 10:29 PT,3.373
2026-11-02 10:30 PT,3.384
2026-11-02 10:31 PT,3.396
2026-11-02 10:32 PT,3.407
2026-11-02 10:33 PT,3.418
2026-11-02 10:34 PT,3.43
2026-11-02 10:35 PT,3.441
2026-11-02 10:36 PT,3.452
2026-11-02 10:37 PT,3.463
2026-11-02 10:38 PT,3.475
2026-11-02 10:39 PT,3.486
2026-11-02 10:40 PT,3.497
2026-11-02 10:41 PT,3.508
2026-11-02 10:42 PT,3.52
2026-11-02 10:43 PT,3.531
2026-11-02 10:44 PT,3.542
2026-11-02 10:45 PT,3.553
2026-11-02 10:46 PT,3.564
2026-11-02 10:47 PT,3.575
2026-11-02 10:48 PT,3.586
2026-11-02 10:49 PT,3.597
2026-11-02 10:50 PT,3.608
2026-11-02 10:51 PT,3.619
2026-11-02 10:52 PT,3.63
2026-11-02 10:53 PT,3.641
2026-11-02 10:54 PT,3.652
2026-11-02 10:55 PT,3.663
2026-11-02 10:56 PT,3.674
2026-11-02 10:57 PT,3.685
2026-11-02 10:58 PT,3.696
2026-11-02 10:59 PT,3.707
2026-11-02 11:00 PT,3.717
2026-11-02 11:01 PT,3.728
2026-11-02 11:02 PT,3.739
2026-11-02 11:03 PT,3.749
2026-11-02 11:04 PT,3.76
2026-11-02 11:05 PT,3.771
2026-11-02 11:06 PT,3.781
2026-11-02 11:07 PT,3.792
2026-11-02 11:08 PT,3.802
2026-11-02 11:09 PT,3.813
2026-11-02 11:10 PT,3.823
2026-11-02 11:11 PT,3.833
2026-11-02 11:12 PT,3.844
2026-11-02 11:13 PT,3.854
2026-11-02 11:14 PT,3.864
2026-11-02 11:15 PT,3.874
2026-11-02 11:16 PT,3.885
2026-11-02 11:17 PT,3.895
2026-11-02 11:18 PT,3.905
2026-11-02 11:19 PT,3.915
2026-11-02 11:20 PT,3.925
2026-11-02 11:21 PT,3.935
2026-11-02 11:22 PT,3.945
2026-11-02 11:23 PT,3.954
2026-11-02 11:24 PT,3.964
2026-11-02 11:25 PT,3.974
2026-11-02 11:26 PT,3.984
2026-11-02 11:27 PT,3.993
2026-11-02 11:28 PT,4.003
2026-11-02 11:29 PT,4.012
2026-11-02 11:30 PT,4.022
2026-11-02 11:31 PT,4.031
2026-11-02 11:32 PT,4.041
2026-11-02 11:33 PT,4.05
2026-11-02 11:34 PT,4.059
2026-11-02 11:35 PT,4.069
2026-11-02 11:36 PT,4.078
2026-11-02 11:37 PT,4.087
2026-11-02 11:38 PT,4.096
2026-11-02 11:39 PT,4.105
2026-11-02 11:40 PT,4.114
2026-11-02 11:41 PT,4.123
2026-11-02 11:42 PT,4.131
2026-11-02 11:43 PT,4.14
2026-11-02 11:44 PT,4.149
2026-11-02 11:45 PT,4.157
2026-11-02 11:46 PT,4.166
2026-11-02 11:47 PT,4.175
2026-11-02 11:48 PT,4.183
2026-11-02 11:49 PT,4.191
2026-11-02 11:50 PT,4.2
2026-11-02 11:51 PT,4.208
2026-11-02 11:52 PT,4.216
2026-11-02 11:53 PT,4.224
2026-11-02 11:54 PT,4.232
2026-11-02 11:55 PT,4.24
2026-11-02 11:56 PT,4.248
2026-11-02 11:57 PT,4.256
2026-11-02 11:58 PT,4.264
2026-11-02 11:59 PT,4.271
2026-11-02 12:00 PT,4.279
2026-11-02 12:01 PT,4.286
2026-11-02 12:02 PT,4.294
2026-11-02 12:03 PT,4.301
2026-11-02 12:04 PT,4.309
2026-11-02 12:05 PT,4.316
2026-11-02 12:06 PT,4.323
2026-11-02 12:07 PT,4.33
2026-11-02 12:08 PT,4.337
2026-11-02 12:09 PT,4.344
2026-11-02 12:10 PT,4.351
2026-11-02 12:11 PT,4.358
2026-11-02 12:12 PT,4.365
2026-11-02 12:13 PT,4.371
2026-11-02 12:14 PT,4.378
2026-11-02 12:15 PT,4.384
2026-11-02 12:16 PT,4.391
2026-11-02 12:17 PT,4.397
2026-11-02 12:18 PT,4.403
2026-11-02 12:19 PT,4.41
2026-11-02 12:20 PT,4.416
2026-11-02 12:21 PT,4.422
2026-11-02 12:22 PT,4.428
2026-11-02 12:23 PT,4.434
2026-11-02 12:24 PT,4.439
2026-11-02 12:25 PT,4.445
2026-11-02 12:26 PT,4.451
2026-11-02 12:27 PT,4.456
2026-11-02 12:28 PT,4.462
2026-11-02 12:29 PT,4.467
2026-11-02 12:30 PT,4.473
2026-11-02 12:31 PT,4.478
2026-11-02 12:32 PT,4.483
2026-11-02 12:33 PT,4.488
2026-11-02 12:34 PT,4.493
2026-11-02 12:35 PT,4.498
2026-11-02 12:36 PT,4.503
2026-11-02 12:37 PT,4.508
2026-11-02 12:38 PT,4.513
2026-11-02 12:39 PT,4.517
2026-11-02 12:40 PT,4.522
2026-11-02 12:41 PT,4.526
2026-11-02 12:42 PT,4.531
2026-11-02 12:43 PT,4.535
2026-11-02 12:44 PT,4.539
2026-11-02 12:45 PT,4.543
2026-11-02 12:46 PT,4.547
2026-11-02 12:47 PT,4.551
2026-11-02 12:48 PT,4.555
2026-11-02 12:49 PT,4.559
2026-11-02 12:50 PT,4.563
2026-11-02 12:51 PT,4.566
2026-11-02 12:52 PT,4.57
2026-11-02 12:53 PT,4.573
2026-11-02 12:54 PT,4.577
2026-11-02 12:55 PT,4.58
2026-11-02 12:56 PT,4.583
2026-11-02 12:57 PT,4.586
2026-11-02 12:58 PT,4.589
2026-11-02 12:59 PT,4.592
2026-11-02 13:00 PT,4.595
2026-11-02 13:01 PT,4.598
2026-11-02 13:02 PT,4.601
2026-11-02 13:03 PT,4.604
2026-11-02 13:04 PT,4.606
2026-11-02 13:05 PT,4.609
2026-11-02 13:06 PT,4.611
2026-11-02 13:07 PT,4.614
2026-11-02 13:08 PT,4.616
2026-11-02 13:09 PT,4.618
2026-11-02 13:10 PT,4.62
2026-11-02 13:11 PT,4.622
2026-11-02 13:12 PT,4.624
2026-11-02 13:13 PT,4.626
2026-11-02 13:14 PT,4.628
2026-11-02 13:15 PT,4.63
2026-11-02 13:16 PT,4.631
2026-11-02 13:17 PT,4.633
2026-11-02 13:18 PT,4.634
2026-11-02 13:19 PT,4.636
2026-11-02 13:20 PT,4.637
2026-11-02 13:21 PT,4.638
2026-11-02 13:22 PT,4.639
2026-11-02 13:23 PT,4.641
2026-11-02 13:24 PT,4.642
2026-11-02 13:25 PT,4.643
2026-11-02 13:26 PT,4.643
2026-11-02 13:27 PT,4.644
2026-11-02 13:28 PT,4.645
2026-11-02 13:29 PT,4.646
2026-11-02 13:30 PT,4.646
2026-11-02 13:31 PT,4.647
2026-11-02 13:32 PT,4.647
2026-11-02 13:33 PT,4.647
2026-11-02 13:34 PT,4.648
2026-11-02 13:35 PT,4.648
2026-11-02 13:36 PT,4.648
2026-11-02 13:37 PT,4.648
2026-11-02 13:38 PT,4.648
2026-11-02 13:39 PT,4.648
2026-11-02 13:40 PT,4.648
2026-11-02 13:41 PT,4.648
2026-11-02 13:42 PT,4.647
2026-11-02 13:43 PT,4.647
2026-11-02 13:44 PT,4.647
2026-11-02 13:45 PT,4.646
2026-11-02 13:46 PT,4.646
2026-11-02 13:47 PT,4.645
2026-11-02 13:48 PT,4.644
2026-11-02 13:49 PT,4.643
2026-11-02 13:50 PT,4.643
2026-11-02 13:51 PT,4.642
2026-11-02 13:52 PT,4.641
2026-11-02 13:53 PT,4.64
2026-11-02 13:54 PT,4.639
2026-11-02 13:55 PT,4.637
2026-11-02 13:56 PT,4.636
2026-11-02 13:57 PT,4.635
2026-11-02 13:58 PT,4.634
2026-11-02 13:59 PT,4.632
2026-11-02 14:00 PT,4.631
2026-11-02 14:01 PT,4.629
2026-11-02 14:02 PT,4.627
2026-11-02 14:03 PT,4.626
2026-11-02 14:04 PT,4.624
2026-11-02 14:05 PT,4.622
2026-11-02 14:06 PT,4.62
2026-11-02 14:07 PT,4.618
2026-11-02 14:08 PT,4.616
2026-11-02 14:09 PT,4.614
2026-11-02 14:10 PT,4.612
2026-11-02 14:11 PT,4.61
2026-11-02 14:12 PT,4.608
2026-11-02 14:13 PT,4.606
2026-11-02 14:14 PT,4.603
2026-11-02 14:15 PT,4.601
2026-11-02 14:16 PT,4.598
2026-11-02 14:17 PT,4.596
2026-11-02 14:18 PT,4.593
2026-11-02 14:19 PT,4.591
2026-11-02 14:20 PT,4.588
2026-11-02 14:21 PT,4.585
2026-11-02 14:22 PT,4.583
2026-11-02 14:23 PT,4.58
2026-11-02 14:24 PT,4.577
2026-11-02 14:25 PT,4.574
2026-11-02 14:26 PT,4.571
2026-11-02 14:27 PT,4.568
2026-11-02 14:28 PT,4.565
2026-11-02 14:29 PT,4.562
2026-11-02 14:30 PT,4.559
2026-11-02 14:31 PT,4.555
2026-11-02 14:32 PT,4.552
2026-11-02 14:33 PT,4.549
2026-11-02 14:34 PT,4.545
2026-11-02 14:35 PT,4.542
2026-11-02 14:36 PT,4.538
2026-11-02 14:37 PT,4.535
2026-11-02 14:38 PT,4.531
2026-11-02 14:39 PT,4.528
2026-11-02 14:40 PT,4.524
2026-11-02 14:41 PT,4.52
2026-11-02 14:42 PT,4.516
2026-11-02 14:43 PT,4.513
2026-11-02 14:44 PT,4.509
2026-11-02 14:45 PT,4.505
2026-11-02 14:46 PT,4.501
2026-11-02 14:47 PT,4.497
2026-11-02 14:48 PT,4.493
2026-11-02 14:49 PT,4.489
2026-11-02 14:50 PT,4.485
2026-11-02 14:51 PT,4.481
2026-11-02 14:52 PT,4.477
2026-11-02 14:53 PT,4.472
2026-11-02 14:54 PT,4.468
2026-11-02 14:55 PT,4.464
2026-11-02 14:56 PT,4.459
2026-11-02 14:57 PT,4.455
2026-11-02 14:58 PT,4.451
2026-11-02 14:59 PT,4.446
2026-11-02 15:00 PT,4.442
2026-11-02 15:01 PT,4.437
2026-11-02 15:02 PT,4.433
2026-11-02 15:03 PT,4.428
2026-11-02 15:04 PT,4.423
2026-11-02 15:05 PT,4.419
2026-11-02 15:06 PT,4.414
2026-11-02 15:07 PT,4.409
2026-11-02 15:08 PT,4.404
2026-11-02 15:09 PT,4.4
2026-11-02 15:10 PT,4.395
2026-11-02 15:11 PT,4.39
2026-11-02 15:12 PT,4.385
2026-11-02 15:13 PT,4.38
2026-11-02 15:14 PT,4.375
2026-11-02 15:15 PT,4.37
2026-11-02 15:16 PT,4.365
2026-11-02 15:17 PT,4.36
2026-11-02 15:18 PT,4.355
2026-11-02 15:19 PT,4.35
2026-11-02 15:20 PT,4.345
2026-11-02 15:21 PT,4.34
2026-11-02 15:22 PT,4.334
2026-11-02 15:23 PT,4.329
2026-11-02 15:24 PT,4.324
2026-11-02 15:25 PT,4.318
2026-11-02 15:26 PT,4.313
2026-11-02 15:27 PT,4.308
2026-11-02 15:28 PT,4.302
2026-11-02 15:29 PT,4.297
2026-11-02 15:30 PT,4.292
2026-11-02 15:31 PT,4.286
2026-11-02 15:32 PT,4.281
2026-11-02 15:33 PT,4.275
2026-11-02 15:34 PT,4.27
2026-11-02 15:35 PT,4.264
2026-11-02 15:36 PT,4.258
2026-11-02 15:37 PT,4.253
2026-11-02 15:38 PT,4.247
2026-11-02 15:39 PT,4.241
2026-11-02 15:40 PT,4.236
2026-11-02 15:41 PT,4.23
2026-11-02 15:42 PT,4.224
2026-11-02 15:43 PT,4.219
2026-11-02 15:44 PT,4.213
2026-11-02 15:45 PT,4.207
2026-11-02 15:46 PT,4.201
2026-11-02 15:47 PT,4.195
2026-11-02 15:48 PT,4.189
2026-11-02 15:49 PT,4.184
2026-11-02 15:50 PT,4.178
2026-11-02 15:51 PT,4.172
2026-11-02 15:52 PT,4.166
2026-11-02 15:53 PT,4.16
2026-11-02 15:54 PT,4.154
2026-11-02 15:55 PT,4.148
2026-11-02 15:56 PT,4.142
2026-11-02 15:57 PT,4.136
2026-11-02 15:58 PT,4.13
2026-11-02 15:59 PT,4.124
2026-11-02 16:00 PT,4.117
2026-11-02 16:01 PT,4.111
2026-11-02 16:02 PT,4.105
2026-11-02 16:03 PT,4.099
2026-11-02 16:04 PT,4.093
2026-11-02 16:05 PT,4.087
2026-11-02 16:06 PT,4.08
2026-11-02 16:07 PT,4.074
2026-11-02 16:08 PT,4.068
2026-11-02 16:09 PT,4.062
2026-11-02 16:10 PT,4.055
2026-11-02 16:11 PT,4.049
2026-11-02 16:12 PT,4.043
2026-11-02 16:13 PT,4.036
2026-11-02 16:14 PT,4.03
2026-11-02 16:15 PT,4.023
2026-11-02 16:16 PT,4.017
2026-11-02 16:17 PT,4.011
2026-11-02 16:18 PT,4.004
2026-11-02 16:19 PT,3.998
2026-11-02 16:20 PT,3.991
2026-11-02 16:21 PT,3.985
2026-11-02 16:22 PT,3.978
2026-11-02 16:23 PT,3.972
2026-11-02 16:24 PT,3.965
2026-11-02 16:25 PT,3.959
2026-11-02 16:26 PT,3.952
2026-11-02 16:27 PT,3.946
2026-11-02 16:28 PT,3.939
2026-11-02 16:29 PT,3.932
2026-11-02 16:30 PT,3.926
2026-11-02 16:31 PT,3.919
2026-11-02 16:32 PT,3.913
2026-11-02 16:33 PT,3.906
2026-11-02 16:34 PT,3.899
2026-11-02 16:35 PT,3.893
2026-11-02 16:36 PT,3.886
2026-11-02 16:37 PT,3.879
2026-11-02 16:38 PT,3.873
2026-11-02 16:39 PT,3.866
2026-11-02 16:40 PT,3.859
2026-11-02 16:41 PT,3.852
2026-11-02 16:42 PT,3.846
2026-11-02 16:43 PT,3.839
2026-11-02 16:44 PT,3.832
2026-11-02 16:45 PT,3.825
2026-11-02 16:46 PT,3.818
2026-11-02 16:47 PT,3.812
2026-11-02 16:48 PT,3.805
2026-11-02 16:49 PT,3.798
2026-11-02 16:50 PT,3.791
2026-11-02 16:51 PT,3.784
2026-11-02 16:52 PT,3.778
2026-11-02 16:53 PT,3.771
2026-11-02 16:54 PT,3.764
2026-11-02 16:55 PT,3.757
2026-11-02 16:56 PT,3.75
2026-11-02 16:57 PT,3.743
2026-11-02 16:58 PT,3.736
2026-11-02 16:59 PT,3.729
2026-11-02 17:00 PT,3.722
2026-11-02 17:01 PT,3.716
2026-11-02 17:02 PT,3.709
2026-11-02 17:03 PT,3.702
2026-11-02 17:04 PT,3.695
2026-11-02 17:05 PT,3.688
2026-11-02 17:06 PT,3.681
2026-11-02 17:07 PT,3.674
2026-11-02 17:08 PT,3.667
2026-11-02 17:09 PT,3.66
2026-11-02 17:10 PT,3.653
2026-11-02 17:11 PT,3.646
2026-11-02 17:12 PT,3.639
2026-11-02 17:13 PT,3.632
2026-11-02 17:14 PT,3.625
2026-11-02 17:15 PT,3.619
2026-11-02 17:16 PT,3.612
2026-11-02 17:17 PT,3.605
2026-11-02 17:18 PT,3.598
2026-11-02 17:19 PT,3.591
2026-11-02 17:20 PT,3.584
2026-11-02 17:21 PT,3.577
2026-11-02 17:22 PT,3.57
2026-11-02 17:23 PT,3.563
2026-11-02 17:24 PT,3.556
2026-11-02 17:25 PT,3.549
2026-11-02 17:26 PT,3.542
2026-11-02 17:27 PT,3.535
2026-11-02 17:28 PT,3.528
2026-11-02 17:29 PT,3.522
2026-11-02 17:30 PT,3.515
2026-11-02 17:31 PT,3.508
2026-11-02 17:32 PT,3.501
2026-11-02 17:33 PT,3.494
2026-11-02 17:34 PT,3.487
2026-11-02 17:35 PT,3.48
2026-11-02 17:36 PT,3.474
2026-11-02 17:37 PT,3.467
2026-11-02 17:38 PT,3.46
2026-11-02 17:39 PT,3.453
2026-11-02 17:40 PT,3.446
2026-11-02 17:41 PT,3.439
2026-11-02 17:42 PT,3.433
2026-11-02 17:43 PT,3.426
2026-11-02 17:44 PT,3.419
2026-11-02 17:45 PT,3.412
2026-11-02 17:46 PT,3.406
2026-11-02 17:47 PT,3.399
2026-11-02 17:48 PT,3.392
2026-11-02 17:49 PT,3.386
2026-11-02 17:50 PT,3.379
2026-11-02 17:51 PT,3.372
2026-11-02 17:52 PT,3.366
2026-11-02 17:53 PT,3.359
2026-11-02 17:54 PT,3.353
2026-11-02 17:55 PT,3.346
2026-11-02 17:56 PT,3.34
2026-11-02 17:57 PT,3.333
2026-11-02 17:58 PT,3.327
2026-11-02 17:59 PT,3.32
2026-11-02 18:00 PT,3.314
2026-11-02 18:01 PT,3.307
2026-11-02 18:02 PT,3.301
2026-11-02 18:03 PT,3.295
2026-11-02 18:04 PT,3.288
2026-11-02 18:05 PT,3.282
2026-11-02 18:06 PT,3.276
2026-11-02 18:07 PT,3.269
2026-11-02 18:08 PT,3.263
2026-11-02 18:09 PT,3.257
2026-11-02 18:10 PT,3.251
2026-11-02 18:11 PT,3.245
2026-11-02 18:12 PT,3.238
2026-11-02 18:13 PT,3.232
2026-11-02 18:14 PT,3.226
2026-11-02 18:15 PT,3.22
2026-11-02 18:16 PT,3.214
2026-11-02 18:17 PT,3.208
2026-11-02 18:18 PT,3.202
2026-11-02 18:19 PT,3.197
2026-11-02 18:20 PT,3.191
2026-11-02 18:21 PT,3.185
2026-11-02 18:22 PT,3.179
2026-11-02 18:23 PT,3.173
2026-11-02 18:24 PT,3.168
2026-11-02 18:25 PT,3.162
2026-11-02 18:26 PT,3.156
2026-11-02 18:27 PT,3.151
2026-11-02 18:28 PT,3.145
2026-11-02 18:29 PT,3.14
2026-11-02 18:30 PT,3.134
2026-11-02 18:31 PT,3.129
2026-11-02 18:32 PT,3.123
2026-11-02 18:33 PT,3.118
2026-11-02 18:34 PT,3.113
2026-11-02 18:35 PT,3.108
2026-11-02 18:36 PT,3.102
2026-11-02 18:37 PT,3.097
2026-11-02 18:38 PT,3.092
2026-11-02 18:39 PT,3.087
2026-11-02 18:40 PT,3.082
2026-11-02 18:41 PT,3.077
2026-11-02 18:42 PT,3.072
2026-11-02 18:43 PT,3.067
2026-11-02 18:44 PT,3.062
2026-11-02 18:45 PT,3.058
2026-11-02 18:46 PT,3.053
2026-11-02 18:47 PT,3.048
2026-11-02 18:48 PT,3.043
2026-11-02 18:49 PT,3.039
2026-11-02 18:50 PT,3.034
2026-11-02 18:51 PT,3.03
2026-11-02 18:52 PT,3.025
2026-11-02 18:53 PT,3.021
2026-11-02 18:54 PT,3.017
2026-11-02 18:55 PT,3.012
2026-11-02 18:56 PT,3.008
2026-11-02 18:57 PT,3.004
2026-11-02 18:58 PT,3
2026-11-02 18:59 PT,2.995
2026-11-02 19:00 PT,2.991
2026-11-02 19:01 PT,2.987
2026-11-02 19:02 PT,2.984
2026-11-02 19:03 PT,2.98
2026-11-02 19:04 PT,2.976
2026-11-02 19:05 PT,2.972
2026-11-02 19:06 PT,2.968
2026-11-02 19:07 PT,2.965
2026-11-02 19:08 PT,2.961
2026-11-02 19:09 PT,2.957
2026-11-02 19:10 PT,2.954
2026-11-02 19:11 PT,2.95
2026-11-02 19:12 PT,2.947
2026-11-02 19:13 PT,2.944
2026-11-02 19:14 PT,2.94
2026-11-02 19:15 PT,2.937
2026-11-02 19:16 PT,2.934
2026-11-02 19:17 PT,2.931
2026-11-02 19:18 PT,2.928
2026-11-02 19:19 PT,2.925
2026-11-02 19:20 PT,2.922
2026-11-02 19:21 PT,2.919
2026-11-02 19:22 PT,2.916
2026-11-02 19:23 PT,2.913
2026-11-02 19:24 PT,2.911
2026-11-02 19:25 PT,2.908
2026-11-02 19:26 PT,2.905
2026-11-02 19:27 PT,2.903
2026-11-02 19:28 PT,2.9
2026-11-02 19:29 PT,2.898
2026-11-02 19:30 PT,2.895
2026-11-02 19:31 PT,2.893
2026-11-02 19:32 PT,2.891
2026-11-02 19:33 PT,2.889
2026-11-02 19:34 PT,2.886
2026-11-02 19:35 PT,2.884
2026-11-02 19:36 PT,2.882
2026-11-02 19:37 PT,2.88
2026-11-02 19:38 PT,2.878
2026-11-02 19:39 PT,2.876
2026-11-02 19:40 PT,2.875
2026-11-02 19:41 PT,2.873
2026-11-02 19:42 PT,2.871
2026-11-02 19:43 PT,2.869
2026-11-02 19:44 PT,2.868
2026-11-02 19:45 PT,2.866
2026-11-02 19:46 PT,2.865
2026-11-02 19:47 PT,2.863
2026-11-02 19:48 PT,2.862
2026-11-02 19:49 PT,2.86
2026-11-02 19:50 PT,2.859
2026-11-02 19:51 PT,2.858
2026-11-02 19:52 PT,2.857
2026-11-02 19:53 PT,2.856
2026-11-02 19:54 PT,2.855
2026-11-02 19:55 PT,2.853
2026-11-02 19:56 PT,2.852
2026-11-02 19:57 PT,2.852
2026-11-02 19:58 PT,2.851
2026-11-02 19:59 PT,2.85
2026-11-02 20:00 PT,2.849
2026-11-02 20:01 PT,2.848
2026-11-02 20:02 PT,2.848
2026-11-02 20:03 PT,2.847
2026-11-02 20:04 PT,2.846
2026-11-02 20:05 PT,2.846
2026-11-02 20:06 PT,2.845
2026-11-02 20:07 PT,2.845
2026-11-02 20:08 PT,2.845
2026-11-02 20:09 PT,2.844
2026-11-02 20:10 PT,2.844
2026-11-02 20:11 PT,2.844
2026-11-02 20:12 PT,2.843
2026-11-02 20:13 PT,2.843
2026-11-02 20:14 PT,2.843
2026-11-02 20:15 PT,2.843
2026-11-02 20:16 PT,2.843
2026-11-02 20:17 PT,2.843
2026-11-02 20:18 PT,2.843
2026-11-02 20:19 PT,2.843
2026-11-02 20:20 PT,2.843
2026-11-02 20:21 PT,2.844
2026-11-02 20:22 PT,2.844
2026-11-02 20:23 PT,2.844
2026-11-02 20:24 PT,2.845
2026-11-02 20:25 PT,2.845
2026-11-02 20:26 PT,2.845
2026-11-02 20:27 PT,2.846
2026-11-02 20:28 PT,2.846
2026-11-02 20:29 PT,2.847
2026-11-02 20:30 PT,2.847
2026-11-02 20:31 PT,2.848
2026-11-02 20:32 PT,2.849
2026-11-02 20:33 PT,2.849
2026-11-02 20:34 PT,2.85
2026-11-02 20:35 PT,2.851
2026-11-02 20:36 PT,2.852
2026-11-02 20:37 PT,2.852
2026-11-02 20:38 PT,2.853
2026-11-02 20:39 PT,2.854
2026-11-02 20:40 PT,2.855
2026-11-02 20:41 PT,2.856
2026-11-02 20:42 PT,2.857
2026-11-02 20:43 PT,2.858
2026-11-02 20:44 PT,2.859
2026-11-02 20:45 PT,2.86
2026-11-02 20:46 PT,2.862
2026-11-02 20:47 PT,2.863
2026-11-02 20:48 PT,2.864
2026-11-02 20:49 PT,2.865
2026-11-02 20:50 PT,2.867
2026-11-02 20:51 PT,2.868
2026-11-02 20:52 PT,2.869
2026-11-02 20:53 PT,2.871
2026-11-02 20:54 PT,2.872
2026-11-02 20:55 PT,2.874
2026-11-02 20:56 PT,2.875
2026-11-02 20:57 PT,2.876
2026-11-02 20:58 PT,2.878
2026-11-02 20:59 PT,2.88
2026-11-02 21:00 PT,2.881
2026-11-02 21:01 PT,2.883
2026-11-02 21:02 PT,2.884
2026-11-02 21:03 PT,2.886
2026-11-02 21:04 PT,2.888
2026-11-02 21:05 PT,2.89
2026-11-02 21:06 PT,2.891
2026-11-02 21:07 PT,2.893
2026-11-02 21:08 PT,2.895
2026-11-02 21:09 PT,2.897
2026-11-02 21:10 PT,2.899
2026-11-02 21:11 PT,2.901
2026-11-02 21:12 PT,2.902
2026-11-02 21:13 PT,2.904
2026-11-02 21:14 PT,2.906
2026-11-02 21:15 PT,2.908
2026-11-02 21:16 PT,2.91
2026-11-02 21:17 PT,2.912
2026-11-02 21:18 PT,2.914
2026-11-02 21:19 PT,2.917
2026-11-02 21:20 PT,2.919
2026-11-02 21:21 PT,2.921
2026-11-02 21:22 PT,2.923
2026-11-02 21:23 PT,2.925
2026-11-02 21:24 PT,2.927
2026-11-02 21:25 PT,2.929
2026-11-02 21:26 PT,2.932
2026-11-02 21:27 PT,2.934
2026-11-02 21:28 PT,2.936
2026-11-02 21:29 PT,2.938
2026-11-02 21:30 PT,2.941
2026-11-02 21:31 PT,2.943
2026-11-02 21:32 PT,2.945
2026-11-02 21:33 PT,2.948
2026-11-02 21:34 PT,2.95
2026-11-02 21:35 PT,2.953
2026-11-02 21:36 PT,2.955
2026-11-02 21:37 PT,2.957
2026-11-02 21:38 PT,2.96
2026-11-02 21:39 PT,2.962
2026-11-02 21:40 PT,2.965
2026-11-02 21:41 PT,2.967
2026-11-02 21:42 PT,2.97
2026-11-02 21:43 PT,2.972
2026-11-02 21:44 PT,2.975
2026-11-02 21:45 PT,2.977
2026-11-02 21:46 PT,2.98
2026-11-02 21:47 PT,2.982
2026-11-02 21:48 PT,2.985
2026-11-02 21:49 PT,2.988
2026-11-02 21:50 PT,2.99
2026-11-02 21:51 PT,2.993
2026-11-02 21:52 PT,2.996
2026-11-02 21:53 PT,2.998
2026-11-02 21:54 PT,3.001
2026-11-02 21:55 PT,3.004
2026-11-02 21:56 PT,3.006
2026-11-02 21:57 PT,3.009
2026-11-02 21:58 PT,3.012
2026-11-02 21:59 PT,3.014
2026-11-02 22:00 PT,3.017
2026-11-02 22:01 PT,3.02
2026-11-02 22:02 PT,3.023
2026-11-02 22:03 PT,3.025
2026-11-02 22:04 PT,3.028
2026-11-02 22:05 PT,3.031
2026-11-02 22:06 PT,3.034
2026-11-02 22:07 PT,3.036
2026-11-02 22:08 PT,3.039
2026-11-02 22:09 PT,3.042
2026-11-02 22:10 PT,3.045
2026-11-02 22:11 PT,3.048
2026-11-02 22:12 PT,3.051
2026-11-02 22:13 PT,3.053
2026-11-02 22:14 PT,3.056
2026-11-02 22:15 PT,3.059
2026-11-02 22:16 PT,3.062
2026-11-02 22:17 PT,3.065
2026-11-02 22:18 PT,3.068
2026-11-02 22:19 PT,3.07
2026-11-02 22:20 PT,3.073
2026-11-02 22:21 PT,3.076
2026-11-02 22:22 PT,3.079
2026-11-02 22:23 PT,3.082
2026-11-02 22:24 PT,3.085
2026-11-02 22:25 PT,3.088
2026-11-02 22:26 PT,3.09
2026-11-02 22:27 PT,3.093
2026-11-02 22:28 PT,3.096
2026-11-02 22:29 PT,3.099
2026-11-02 22:30 PT,3.102
2026-11-02 22:31 PT,3.105
2026-11-02 22:32 PT,3.108
2026-11-02 22:33 PT,3.111
2026-11-02 22:34 PT,3.113
2026-11-02 22:35 PT,3.116
2026-11-02 22:36 PT,3.119
2026-11-02 22:37 PT,3.122
2026-11-02 22:38 PT,3.125
2026-11-02 22:39 PT,3.128
2026-11-02 22:40 PT,3.13
2026-11-02 22:41 PT,3.133
2026-11-02 22:42 PT,3.136
2026-11-02 22:43 PT,3.139
2026-11-02 22:44 PT,3.142
2026-11-02 22:45 PT,3.145
2026-11-02 22:46 PT,3.147
2026-11-02 22:47 PT,3.15
2026-11-02 22:48 PT,3.153
2026-11-02 22:49 PT,3.156
2026-11-02 22:50 PT,3.159
2026-11-02 22:51 PT,3.161
2026-11-02 22:52 PT,3.164
2026-11-02 22:53 PT,3.167
2026-11-02 22:54 PT,3.17
2026-11-02 22:55 PT,3.172
2026-11-02 22:56 PT,3.175
2026-11-02 22:57 PT,3.178
2026-11-02 22:58 PT,3.18
2026-11-02 22:59 PT,3.183
2026-11-02 23:00 PT,3.186
2026-11-02 23:01 PT,3.188
2026-11-02 23:02 PT,3.191
2026-11-02 23:03 PT,3.194
2026-11-02 23:04 PT,3.196
2026-11-02 23:05 PT,3.199
2026-11-02 23:06 PT,3.201
2026-11-02 23:07 PT,3.204
2026-11-02 23:08 PT,3.206
2026-11-02 23:09 PT,3.209
2026-11-02 23:10 PT,3.211
2026-11-02 23:11 PT,3.214
2026-11-02 23:12 PT,3.216
2026-11-02 23:13 PT,3.219
2026-11-02 23:14 PT,3.221
2026-11-02 23:15 PT,3.224
2026-11-02 23:16 PT,3.226
2026-11-02 23:17 PT,3.228
2026-11-02 23:18 PT,3.231
2026-11-02 23:19 PT,3.233
2026-11-02 23:20 PT,3.235
2026-11-02 23:21 PT,3.238
2026-11-02 23:22 PT,3.24
2026-11-02 23:23 PT,3.242
2026-11-02 23:24 PT,3.244
2026-11-02 23:25 PT,3.247
2026-11-02 23:26 PT,3.249
2026-11-02 23:27 PT,3.251
2026-11-02 23:28 PT,3.253
2026-11-02 23:29 PT,3.255
2026-11-02 23:30 PT,3.257
2026-11-02 23:31 PT,3.259
2026-11-02 23:32 PT,3.261
2026-11-02 23:33 PT,3.263
2026-11-02 23:34 PT,3.265
2026-11-02 23:35 PT,3.267
2026-11-02 23:36 PT,3.269
2026-11-02 23:37 PT,3.271
2026-11-02 23:38 PT,3.273
2026-11-02 23:39 PT,3.275
2026-11-02 23:40 PT,3.276
2026-11-02 23:41 PT,3.278
2026-11-02 23:42 PT,3.28
2026-11-02 23:43 PT,3.282
2026-11-02 23:44 PT,3.283
2026-11-02 23:45 PT,3.285
2026-11-02 23:46 PT,3.287
2026-11-02 23:47 PT,3.288
2026-11-02 23:48 PT,3.29
2026-11-02 23:49 PT,3.291
2026-11-02 23:50 PT,3.293
2026-11-02 23:51 PT,3.294
2026-11-02 23:52 PT,3.295
2026-11-02 23:53 PT,3.297
2026-11-02 23:54 PT,3.298
2026-11-02 23:55 PT,3.299
2026-11-02 23:56 PT,3.301
2026-11-02 23:57 PT,3.302
2026-11-02 23:58 PT,3.303
2026-11-02 23:59 PT,3.304
2026-11-03 00:00 PT,3.305
2026-11-03 00:01 PT,3.307
2026-11-03 00:02 PT,3.308
2026-11-03 00:03 PT,3.309
2026-11-03 00:04 PT,3.31
2026-11-03 00:05 PT,3.311
2026-11-03 00:06 PT,3.311
2026-11-03 00:07 PT,3.312
2026-11-03 00:08 PT,3.313
2026-11-03 00:09 PT,3.314
2026-11-03 00:10 PT,3.315
2026-11-03 00:11 PT,3.315
2026-11-03 00:12 PT,3.316
2026-11-03 00:13 PT,3.317
2026-11-03 00:14 PT,3.317
2026-11-03 00:15 PT,3.318
2026-11-03 00:16 PT,3.318
2026-11-03 00:17 PT,3.319
2026-11-03 00:18 PT,3.319
2026-11-03 00:19 PT,3.32
2026-11-03 00:20 PT,3.32
2026-11-03 00:21 PT,3.32
2026-11-03 00:22 PT,3.321
2026-11-03 00:23 PT,3.321
2026-11-03 00:24 PT,3.321
2026-11-03 00:25 PT,3.321
2026-11-03 00:26 PT,3.321
2026-11-03 00:27 PT,3.321
2026-11-03 00:28 PT,3.321
2026-11-03 00:29 PT,3.321
2026-11-03 00:30 PT,3.321
2026-11-03 00:31 PT,3.321
2026-11-03 00:32 PT,3.321
2026-11-03 00:33 PT,3.321
2026-11-03 00:34 PT,3.32
2026-11-03 00:35 PT,3.32
2026-11-03 00:36 PT,3.32
2026-11-03 00:37 PT,3.32
2026-11-03 00:38 PT,3.319
2026-11-03 00:39 PT,3.319
2026-11-03 00:40 PT,3.318
2026-11-03 00:41 PT,3.318
2026-11-03 00:42 PT,3.317
2026-11-03 00:43 PT,3.316
2026-11-03 00:44 PT,3.316
2026-11-03 00:45 PT,3.315
2026-11-03 00:46 PT,3.314
2026-11-03 00:47 PT,3.313
2026-11-03 00:48 PT,3.313
2026-11-03 00:49 PT,3.312
2026-11-03 00:50 PT,3.311
2026-11-03 00:51 PT,3.31
2026-11-03 00:52 PT,3.309
2026-11-03 00:53 PT,3.308
2026-11-03 00:54 PT,3.307
2026-11-03 00:55 PT,3.305
2026-11-03 00:56 PT,3.304
2026-11-03 00:57 PT,3.303
2026-11-03 00:58 PT,3.302
2026-11-03 00:59 PT,3.3
2026-11-03 01:00 PT,3.299
2026-11-03 01:01 PT,3.298
2026-11-03 01:02 PT,3.296
2026-11-03 01:03 PT,3.295
2026-11-03 01:04 PT,3.293
2026-11-03 01:05 PT,3.292
2026-11-03 01:06 PT,3.29
2026-11-03 01:07 PT,3.288
2026-11-03 01:08 PT,3.286
2026-11-03 01:09 PT,3.285
2026-11-03 01:10 PT,3.283
2026-11-03 01:11 PT,3.281
2026-11-03 01:12 PT,3.279
2026-11-03 01:13 PT,3.277
2026-11-03 01:14 PT,3.275
2026-11-03 01:15 PT,3.273
2026-11-03 01:16 PT,3.271
2026-11-03 01:17 PT,3.269
2026-11-03 01:18 PT,3.267
2026-11-03 01:19 PT,3.265
2026-11-03 01:20 PT,3.262
2026-11-03 01:21 PT,3.26
2026-11-03 01:22 PT,3.258
2026-11-03 01:23 PT,3.255
2026-11-03 01:24 PT,3.253
2026-11-03 01:25 PT,3.251
2026-11-03 01:26 PT,3.248
2026-11-03 01:27 PT,3.245
2026-11-03 01:28 PT,3.243
2026-11-03 01:29 PT,3.24
2026-11-03 01:30 PT,3.238
2026-11-03 01:31 PT,3.235
2026-11-03 01:32 PT,3.232
2026-11-03 01:33 PT,3.229
2026-11-03 01:34 PT,3.226
2026-11-03 01:35 PT,3.224
2026-11-03 01:36 PT,3.221
2026-11-03 01:37 PT,3.218
2026-11-03 01:38 PT,3.215
2026-11-03 01:39 PT,3.212
2026-11-03 01:40 PT,3.208
2026-11-03 01:41 PT,3.205
2026-11-03 01:42 PT,3.202
2026-11-03 01:43 PT,3.199
2026-11-03 01:44 PT,3.196
2026-11-03 01:45 PT,3.192
2026-11-03 01:46 PT,3.189
2026-11-03 01:47 PT,3.186
2026-11-03 01:48 PT,3.182
2026-11-03 01:49 PT,3.179
2026-11-03 01:50 PT,3.175
2026-11-03 01:51 PT,3.172
2026-11-03 01:52 PT,3.168
2026-11-03 01:53 PT,3.164
2026-11-03 01:54 PT,3.161
2026-11-03 01:55 PT,3.157
2026-11-03 01:56 PT,3.153
2026-11-03 01:57 PT,3.149
2026-11-03 01:58 PT,3.146
2026-11-03 01:59 PT,3.142
2026-11-03 02:00 PT,3.138
2026-11-03 02:01 PT,3.134
2026-11-03 02:02 PT,3.13
2026-11-03 02:03 PT,3.126
2026-11-03 02:04 PT,3.122
2026-11-03 02:05 PT,3.118
2026-11-03 02:06 PT,3.114
2026-11-03 02:07 PT,3.109
2026-11-03 02:08 PT,3.105
2026-11-03 02:09 PT,3.101
2026-11-03 02:10 PT,3.097
2026-11-03 02:11 PT,3.092
2026-11-03 02:12 PT,3.088
2026-11-03 02:13 PT,3.083
2026-11-03 02:14 PT,3.079
2026-11-03 02:15 PT,3.075
2026-11-03 02:16 PT,3.07
2026-11-03 02:17 PT,3.065
2026-11-03 02:18 PT,3.061
2026-11-03 02:19 PT,3.056
2026-11-03 02:20 PT,3.052
2026-11-03 02:21 PT,3.047
2026-11-03 02:22 PT,3.042
2026-11-03 02:23 PT,3.037
2026-11-03 02:24 PT,3.033
2026-11-03 02:25 PT,3.028
2026-11-03 02:26 PT,3.023
2026-11-03 02:27 PT,3.018
2026-11-03 02:28 PT,3.013
2026-11-03 02:29 PT,3.008
2026-11-03 02:30 PT,3.003
2026-11-03 02:31 PT,2.998
2026-11-03 02:32 PT,2.993
2026-11-03 02:33 PT,2.988
2026-11-03 02:34 PT,2.983
2026-11-03 02:35 PT,2.977
2026-11-03 02:36 PT,2.972
2026-11-03 02:37 PT,2.967
2026-11-03 02:38 PT,2.962
2026-11-03 02:39 PT,2.956
2026-11-03 02:40 PT,2.951
2026-11-03 02:41 PT,2.946
2026-11-03 02:42 PT,2.94
2026-11-03 02:43 PT,2.935
2026-11-03 02:44 PT,2.929
2026-11-03 02:45 PT,2.924
2026-11-03 02:46 PT,2.918
2026-11-03 02:47 PT,2.913
2026-11-03 02:48 PT,2.907
2026-11-03 02:49 PT,2.901
2026-11-03 02:50 PT,2.896
2026-11-03 02:51 PT,2.89
2026-11-03 02:52 PT,2.884
2026-11-03 02:53 PT,2.879
2026-11-03 02:54 PT,2.873
2026-11-03 02:55 PT,2.867
2026-11-03 02:56 PT,2.861
2026-11-03 02:57 PT,2.855
2026-11-03 02:58 PT,2.85
2026-11-03 02:59 PT,2.844
2026-11-03 03:00 PT,2.838
2026-11-03 03:01 PT,2.832
2026-11-03 03:02 PT,2.826
2026-11-03 03:03 PT,2.82
2026-11-03 03:04 PT,2.814
2026-11-03 03:05 PT,2.808
2026-11-03 03:06 PT,2.802
2026-11-03 03:07 PT,2.795
2026-11-03 03:08 PT,2.789
2026-11-03 03:09 PT,2.783
2026-11-03 03:10 PT,2.777
2026-11-03 03:11 PT,2.771
2026-11-03 03:12 PT,2.765
2026-11-03 03:13 PT,2.758
2026-11-03 03:14 PT,2.752
2026-11-03 03:15 PT,2.746
2026-11-03 03:16 PT,2.739
2026-11-03 03:17 PT,2.733
2026-11-03 03:18 PT,2.727
2026-11-03 03:19 PT,2.72
2026-11-03 03:20 PT,2.714
2026-11-03 03:21 PT,2.708
2026-11-03 03:22 PT,2.701
2026-11-03 03:23 PT,2.695
2026-11-03 03:24 PT,2.688
2026-11-03 03:25 PT,2.682
2026-11-03 03:26 PT,2.675
2026-11-03 03:27 PT,2.669
2026-11-03 03:28 PT,2.662
2026-11-03 03:29 PT,2.655
2026-11-03 03:30 PT,2.649
2026-11-03 03:31 PT,2.642
2026-11-03 03:32 PT,2.636
2026-11-03 03:33 PT,2.629
2026-11-03 03:34 PT,2.622
2026-11-03 03:35 PT,2.616
2026-11-03 03:36 PT,2.609
2026-11-03 03:37 PT,2.602
2026-11-03 03:38 PT,2.596
2026-11-03 03:39 PT,2.589
2026-11-03 03:40 PT,2.582
2026-11-03 03:41 PT,2.575
2026-11-03 03:42 PT,2.569
2026-11-03 03:43 PT,2.562
2026-11-03 03:44 PT,2.555
2026-11-03 03:45 PT,2.548
2026-11-03 03:46 PT,2.542
2026-11-03 03:47 PT,2.535
2026-11-03 03:48 PT,2.528
2026-11-03 03:49 PT,2.521
2026-11-03 03:50 PT,2.514
2026-11-03 03:51 PT,2.507
2026-11-03 03:52 PT,2.5
2026-11-03 03:53 PT,2.494
2026-11-03 03:54 PT,2.487
2026-11-03 03:55 PT,2.48
2026-11-03 03:56 PT,2.473
2026-11-03 03:57 PT,2.466
2026-11-03 03:58 PT,2.459
2026-11-03 03:59 PT,2.452
2026-11-03 04:00 PT,2.445
2026-11-03 04:01 PT,2.438
2026-11-03 04:02 PT,2.431
2026-11-03 04:03 PT,2.425
2026-11-03 04:04 PT,2.418
2026-11-03 04:05 PT,2.411
2026-11-03 04:06 PT,2.404
2026-11-03 04:07 PT,2.397
2026-11-03 04:08 PT,2.39
2026-11-03 04:09 PT,2.383
2026-11-03 04:10 PT,2.376
2026-11-03 04:11 PT,2.369
2026-11-03 04:12 PT,2.362
2026-11-03 04:13 PT,2.355
2026-11-03 04:14 PT,2.348
2026-11-03 04:15 PT,2.341
2026-11-03 04:16 PT,2.334
2026-11-03 04:17 PT,2.327
2026-11-03 04:18 PT,2.32
2026-11-03 04:19 PT,2.313
2026-11-03 04:20 PT,2.307
2026-11-03 04:21 PT,2.3
2026-11-03 04:22 PT,2.293
2026-11-03 04:23 PT,2.286
2026-11-03 04:24 PT,2.279
2026-11-03 04:25 PT,2.272
2026-11-03 04:26 PT,2.265
2026-11-03 04:27 PT,2.258
2026-11-03 04:28 PT,2.251
2026-11-03 04:29 PT,2.244
2026-11-03 04:30 PT,2.237
2026-11-03 04:31 PT,2.231
2026-11-03 04:32 PT,2.224
2026-11-03 04:33 PT,2.217
2026-11-03 04:34 PT,2.21
2026-11-03 04:35 PT,2.203
2026-11-03 04:36 PT,2.196
2026-11-03 04:37 PT,2.189
2026-11-03 04:38 PT,2.183
2026-11-03 04:39 PT,2.176
2026-11-03 04:40 PT,2.169
2026-11-03 04:41 PT,2.162
2026-11-03 04:42 PT,2.156
2026-11-03 04:43 PT,2.149
2026-11-03 04:44 PT,2.142
2026-11-03 04:45 PT,2.135
2026-11-03 04:46 PT,2.129
2026-11-03 04:47 PT,2.122
2026-11-03 04:48 PT,2.115
2026-11-03 04:49 PT,2.109
2026-11-03 04:50 PT,2.102
2026-11-03 04:51 PT,2.095
2026-11-03 04:52 PT,2.089
2026-11-03 04:53 PT,2.082
2026-11-03 04:54 PT,2.076
2026-11-03 04:55 PT,2.069
2026-11-03 04:56 PT,2.062
2026-11-03 04:57 PT,2.056
2026-11-03 04:58 PT,2.049
2026-11-03 04:59 PT,2.043
2026-11-03 05:00 PT,2.036
2026-11-03 05:01 PT,2.03
2026-11-03 05:02 PT,2.024
2026-11-03 05:03 PT,2.017
2026-11-03 05:04 PT,2.011
2026-11-03 05:05 PT,2.004
2026-11-03 05:06 PT,1.998
2026-11-03 05:07 PT,1.992
2026-11-03 05:08 PT,1.986
2026-11-03 05:09 PT,1.979
2026-11-03 05:10 PT,1.973
2026-11-03 05:11 PT,1.967
2026-11-03 05:12 PT,1.961
2026-11-03 05:13 PT,1.954
2026-11-03 05:14 PT,1.948
2026-11-03 05:15 PT,1.942
2026-11-03 05:16 PT,1.936
2026-11-03 05:17 PT,1.93
2026-11-03 05:18 PT,1.924
2026-11-03 05:19 PT,1.918
2026-11-03 05:20 PT,1.912
2026-11-03 05:21 PT,1.906
2026-11-03 05:22 PT,1.9
2026-11-03 05:23 PT,1.895
2026-11-03 05:24 PT,1.889
2026-11-03 05:25 PT,1.883
2026-11-03 05:26 PT,1.877
2026-11-03 05:27 PT,1.871
2026-11-03 05:28 PT,1.866
2026-11-03 05:29 PT,1.86
2026-11-03 05:30 PT,1.854
2026-11-03 05:31 PT,1.849
2026-11-03 05:32 PT,1.843
2026-11-03 05:33 PT,1.838
2026-11-03 05:34 PT,1.832
2026-11-03 05:35 PT,1.827
2026-11-03 05:36 PT,1.821
2026-11-03 05:37 PT,1.816
2026-11-03 05:38 PT,1.811
2026-11-03 05:39 PT,1.805
2026-11-03 05:40 PT,1.8
2026-11-03 05:41 PT,1.795
2026-11-03 05:42 PT,1.79
2026-11-03 05:43 PT,1.785
2026-11-03 05:44 PT,1.78
2026-11-03 05:45 PT,1.775
2026-11-03 05:46 PT,1.77
2026-11-03 05:47 PT,1.765
2026-11-03 05:48 PT,1.76
2026-11-03 05:49 PT,1.755
2026-11-03 05:50 PT,1.75
2026-11-03 05:51 PT,1.745
2026-11-03 05:52 PT,1.741
2026-11-03 05:53 PT,1.736
2026-11-03 05:54 PT,1.731
2026-11-03 05:55 PT,1.727
2026-11-03 05:56 PT,1.722
2026-11-03 05:57 PT,1.718
2026-11-03 05:58 PT,1.713
2026-11-03 05:59 PT,1.709
2026-11-03 06:00 PT,1.705
2026-11-03 06:01 PT,1.7
2026-11-03 06:02 PT,1.696
2026-11-03 06:03 PT,1.692
2026-11-03 06:04 PT,1.688
2026-11-03 06:05 PT,1.684
2026-11-03 06:06 PT,1.68
2026-11-03 06:07 PT,1.676
2026-11-03 06:08 PT,1.672
2026-11-03 06:09 PT,1.668
2026-11-03 06:10 PT,1.664
2026-11-03 06:11 PT,1.661
2026-11-03 06:12 PT,1.657
2026-11-03 06:13 PT,1.654
2026-11-03 06:14 PT,1.65
2026-11-03 06:15 PT,1.646
2026-11-03 06:16 PT,1.643
2026-11-03 06:17 PT,1.64
2026-11-03 06:18 PT,1.636
2026-11-03 06:19 PT,1.633
2026-11-03 06:20 PT,1.63
2026-11-03 06:21 PT,1.627
2026-11-03 06:22 PT,1.624
2026-11-03 06:23 PT,1.621
2026-11-03 06:24 PT,1.618
2026-11-03 06:25 PT,1.615
2026-11-03 06:26 PT,1.612
2026-11-03 06:27 PT,1.609
2026-11-03 06:28 PT,1.607
2026-11-03 06:29 PT,1.604
2026-11-03 06:30 PT,1.602
2026-11-03 06:31 PT,1.599
2026-11-03 06:32 PT,1.597
2026-11-03 06:33 PT,1.594
2026-11-03 06:34 PT,1.592
2026-11-03 06:35 PT,1.59
2026-11-03 06:36 PT,1.588
2026-11-03 06:37 PT,1.586
2026-11-03 06:38 PT,1.584
2026-11-03 06:39 PT,1.582
2026-11-03 06:40 PT,1.58
2026-11-03 06:41 PT,1.578
2026-11-03 06:42 PT,1.577
2026-11-03 06:43 PT,1.575
2026-11-03 06:44 PT,1.573
2026-11-03 06:45 PT,1.572
2026-11-03 06:46 PT,1.571
2026-11-03 06:47 PT,1.569
2026-11-03 06:48 PT,1.568
2026-11-03 06:49 PT,1.567
2026-11-03 06:50 PT,1.566
2026-11-03 06:51 PT,1.565
2026-11-03 06:52 PT,1.564
2026-11-03 06:53 PT,1.563
2026-11-03 06:54 PT,1.562
2026-11-03 06:55 PT,1.561
2026-11-03 06:56 PT,1.56
2026-11-03 06:57 PT,1.56
2026-11-03 06:58 PT,1.559
2026-11-03 06:59 PT,1.559
2026-11-03 07:00 PT,1.559
2026-11-03 07:01 PT,1.558
2026-11-03 07:02 PT,1.558
2026-11-03 07:03 PT,1.558
2026-11-03 07:04 PT,1.558
2026-11-03 07:05 PT,1.558
2026-11-03 07:06 PT,1.558
2026-11-03 07:07 PT,1.558
2026-11-03 07:08 PT,1.558
2026-11-03 07:09 PT,1.559
2026-11-03 07:10 PT,1.559
2026-11-03 07:11 PT,1.56
2026-11-03 07:12 PT,1.56
2026-11-03 07:13 PT,1.561
2026-11-03 07:14 PT,1.562
2026-11-03 07:15 PT,1.563
2026-11-03 07:16 PT,1.563
2026-11-03 07:17 PT,1.564
2026-11-03 07:18 PT,1.565
2026-11-03 07:19 PT,1.567
2026-11-03 07:20 PT,1.568
2026-11-03 07:21 PT,1.569
2026-11-03 07:22 PT,1.57
2026-11-03 07:23 PT,1.572
2026-11-03 07:24 PT,1.573
2026-11-03 07:25 PT,1.575
2026-11-03 07:26 PT,1.577
2026-11-03 07:27 PT,1.578
2026-11-03 07:28 PT,1.58
2026-11-03 07:29 PT,1.582
2026-11-03 07:30 PT,1.584
2026-11-03 07:31 PT,1.586
2026-11-03 07:32 PT,1.588
2026-11-03 07:33 PT,1.591
2026-11-03 07:34 PT,1.593
2026-11-03 07:35 PT,1.595
2026-11-03 07:36 PT,1.598
2026-11-03 07:37 PT,1.6
2026-11-03 07:38 PT,1.603
2026-11-03 07:39 PT,1.606
2026-11-03 07:40 PT,1.608
2026-11-03 07:41 PT,1.611
2026-11-03 07:42 PT,1.614
2026-11-03 07:43 PT,1.617
2026-11-03 07:44 PT,1.62
2026-11-03 07:45 PT,1.623
2026-11-03 07:46 PT,1.627
2026-11-03 07:47 PT,1.63
2026-11-03 07:48 PT,1.633
2026-11-03 07:49 PT,1.637
2026-11-03 07:50 PT,1.64
2026-11-03 07:51 PT,1.644
2026-11-03 07:52 PT,1.647
2026-11-03 07:53 PT,1.651
2026-11-03 07:54 PT,1.655
2026-11-03 07:55 PT,1.659
2026-11-03 07:56 PT,1.663
2026-11-03 07:57 PT,1.667
2026-11-03 07:58 PT,1.671
2026-11-03 07:59 PT,1.675
2026-11-03 08:00 PT,1.679
2026-11-03 08:01 PT,1.684
2026-11-03 08:02 PT,1.688
2026-11-03 08:03 PT,1.693
2026-11-03 08:04 PT,1.697
2026-11-03 08:05 PT,1.702
2026-11-03 08:06 PT,1.706
2026-11-03 08:07 PT,1.711
2026-11-03 08:08 PT,1.716
2026-11-03 08:09 PT,1.721
2026-11-03 08:10 PT,1.726
2026-11-03 08:11 PT,1.731
2026-11-03 08:12 PT,1.736
2026-11-03 08:13 PT,1.741
2026-11-03 08:14 PT,1.746
2026-11-03 08:15 PT,1.751
2026-11-03 08:16 PT,1.757
2026-11-03 08:17 PT,1.762
2026-11-03 08:18 PT,1.768
2026-11-03 08:19 PT,1.773
2026-11-03 08:20 PT,1.779
2026-11-03 08:21 PT,1.784
2026-11-03 08:22 PT,1.79
2026-11-03 08:23 PT,1.796
2026-11-03 08:24 PT,1.802
2026-11-03 08:25 PT,1.807
2026-11-03 08:26 PT,1.813
2026-11-03 08:27 PT,1.819
2026-11-03 08:28 PT,1.825
2026-11-03 08:29 PT,1.832
2026-11-03 08:30 PT,1.838
2026-11-03 08:31 PT,1.844
2026-11-03 08:32 PT,1.85
2026-11-03 08:33 PT,1.857
2026-11-03 08:34 PT,1.863
2026-11-03 08:35 PT,1.869
2026-11-03 08:36 PT,1.876
2026-11-03 08:37 PT,1.883
2026-11-03 08:38 PT,1.889
2026-11-03 08:39 PT,1.896
2026-11-03 08:40 PT,1.903
2026-11-03 08:41 PT,1.909
2026-11-03 08:42 PT,1.916
2026-11-03 08:43 PT,1.923
2026-11-03 08:44 PT,1.93
2026-11-03 08:45 PT,1.937
2026-11-03 08:46 PT,1.944
2026-11-03 08:47 PT,1.951
2026-11-03 08:48 PT,1.958
2026-11-03 08:49 PT,1.965
2026-11-03 08:50 PT,1.973
2026-11-03 08:51 PT,1.98
2026-11-03 08:52 PT,1.987
2026-11-03 08:53 PT,1.994
2026-11-03 08:54 PT,2.002
2026-11-03 08:55 PT,2.009
2026-11-03 08:56 PT,2.017
2026-11-03 08:57 PT,2.024
2026-11-03 08:58 PT,2.032
2026-11-03 08:59 PT,2.04
2026-11-03 09:00 PT,2.047
2026-11-03 09:01 PT,2.055
2026-11-03 09:02 PT,2.063
2026-11-03 09:03 PT,2.071
2026-11-03 09:04 PT,2.078
2026-11-03 09:05 PT,2.086
2026-11-03 09:06 PT,2.094
2026-11-03 09:07 PT,2.102
2026-11-03 09:08 PT,2.11
2026-11-03 09:09 PT,2.118
2026-11-03 09:10 PT,2.126
2026-11-03 09:11 PT,2.134
2026-11-03 09:12 PT,2.143
2026-11-03 09:13 PT,2.151
2026-11-03 09:14 PT,2.159
2026-11-03 09:15 PT,2.167
2026-11-03 09:16 PT,2.176
2026-11-03 09:17 PT,2.184
2026-11-03 09:18 PT,2.192
2026-11-03 09:19 PT,2.201
2026-11-03 09:20 PT,2.209
2026-11-03 09:21 PT,2.218
2026-11-03 09:22 PT,2.226
2026-11-03 09:23 PT,2.235
2026-11-03 09:24 PT,2.244
2026-11-03 09:25 PT,2.252
2026-11-03 09:26 PT,2.261
2026-11-03 09:27 PT,2.27
2026-11-03 09:28 PT,2.278
2026-11-03 09:29 PT,2.287
2026-11-03 09:30 PT,2.296
2026-11-03 09:31 PT,2.305
2026-11-03 09:32 PT,2.314
2026-11-03 09:33 PT,2.322
2026-11-03 09:34 PT,2.331
2026-11-03 09:35 PT,2.34
2026-11-03 09:36 PT,2.349
2026-11-03 09:37 PT,2.358
2026-11-03 09:38 PT,2.367
2026-11-03 09:39 PT,2.377
2026-11-03 09:40 PT,2.386
2026-11-03 09:41 PT,2.395
2026-11-03 09:42 PT,2.404
2026-11-03 09:43 PT,2.413
2026-11-03 09:44 PT,2.423
2026-11-03 09:45 PT,2.432
2026-11-03 09:46 PT,2.441
2026-11-03 09:47 PT,2.45
2026-11-03 09:48 PT,2.46
2026-11-03 09:49 PT,2.469
2026-11-03 09:50 PT,2.479
2026-11-03 09:51 PT,2.488
2026-11-03 09:52 PT,2.498
2026-11-03 09:53 PT,2.507
2026-11-03 09:54 PT,2.517
2026-11-03 09:55 PT,2.526
2026-11-03 09:56 PT,2.536
2026-11-03 09:57 PT,2.545
2026-11-03 09:58 PT,2.555
2026-11-03 09:59 PT,2.565
2026-11-03 10:00 PT,2.574
2026-11-03 10:01 PT,2.584
2026-11-03 10:02 PT,2.594
2026-11-03 10:03 PT,2.604
2026-11-03 10:04 PT,2.613
2026-11-03 10:05 PT,2.623
2026-11-03 10:06 PT,2.633
2026-11-03 10:07 PT,2.643
2026-11-03 10:08 PT,2.653
2026-11-03 10:09 PT,2.663
2026-11-03 10:10 PT,2.673
2026-11-03 10:11 PT,2.683
2026-11-03 10:12 PT,2.693
2026-11-03 10:13 PT,2.703
2026-11-03 10:14 PT,2.713
2026-11-03 10:15 PT,2.723
2026-11-03 10:16 PT,2.733
2026-11-03 10:17 PT,2.743
2026-11-03 10:18 PT,2.753
2026-11-03 10:19 PT,2.763
2026-11-03 10:20 PT,2.773
2026-11-03 10:21 PT,2.784
2026-11-03 10:22 PT,2.794
2026-11-03 10:23 PT,2.804
2026-11-03 10:24 PT,2.814
2026-11-03 10:25 PT,2.825
2026-11-03 10:26 PT,2.835
2026-11-03 10:27 PT,2.845
2026-11-03 10:28 PT,2.855
2026-11-03 10:29 PT,2.866
2026-11-03 10:30 PT,2.876
2026-11-03 10:31 PT,2.887
2026-11-03 10:32 PT,2.897
2026-11-03 10:33 PT,2.907
2026-11-03 10:34 PT,2.918
2026-11-03 10:35 PT,2.928
2026-11-03 10:36 PT,2.939
2026-11-03 10:37 PT,2.949
2026-11-03 10:38 PT,2.96
2026-11-03 10:39 PT,2.97
2026-11-03 10:40 PT,2.981
2026-11-03 10:41 PT,2.992
2026-11-03 10:42 PT,3.002
2026-11-03 10:43 PT,3.013
2026-11-03 10:44 PT,3.023
2026-11-03 10:45 PT,3.034
2026-11-03 10:46 PT,3.045
2026-11-03 10:47 PT,3.055
2026-11-03 10:48 PT,3.066
2026-11-03 10:49 PT,3.077
2026-11-03 10:50 PT,3.087
2026-11-03 10:51 PT,3.098
2026-11-03 10:52 PT,3.109
2026-11-03 10:53 PT,3.119
2026-11-03 10:54 PT,3.13
2026-11-03 10:55 PT,3.141
2026-11-03 10:56 PT,3.152
2026-11-03 10:57 PT,3.162
2026-11-03 10:58 PT,3.173
2026-11-03 10:59 PT,3.184
2026-11-03 11:00 PT,3.195
2026-11-03 11:01 PT,3.205
2026-11-03 11:02 PT,3.216
2026-11-03 11:03 PT,3.227
2026-11-03 11:04 PT,3.238
2026-11-03 11:05 PT,3.249
2026-11-03 11:06 PT,3.259
2026-11-03 11:07 PT,3.27
2026-11-03 11:08 PT,3.281
2026-11-03 11:09 PT,3.292
2026-11-03 11:10 PT,3.303
2026-11-03 11:11 PT,3.313
2026-11-03 11:12 PT,3.324
2026-11-03 11:13 PT,3.335
2026-11-03 11:14 PT,3.346
2026-11-03 11:15 PT,3.357
2026-11-03 11:16 PT,3.368
2026-11-03 11:17 PT,3.378
2026-11-03 11:18 PT,3.389
2026-11-03 11:19 PT,3.4
2026-11-03 11:20 PT,3.411
2026-11-03 11:21 PT,3.422
2026-11-03 11:22 PT,3.432
2026-11-03 11:23 PT,3.443
2026-11-03 11:24 PT,3.454
2026-11-03 11:25 PT,3.465
2026-11-03 11:26 PT,3.475
2026-11-03 11:27 PT,3.486
2026-11-03 11:28 PT,3.497
2026-11-03 11:29 PT,3.508
2026-11-03 11:30 PT,3.518
2026-11-03 11:31 PT,3.529
2026-11-03 11:32 PT,3.54
2026-11-03 11:33 PT,3.55
2026-11-03 11:34 PT,3.561
2026-11-03 11:35 PT,3.572
2026-11-03 11:36 PT,3.582
2026-11-03 11:37 PT,3.593
2026-11-03 11:38 PT,3.604
2026-11-03 11:39 PT,3.614
2026-11-03 11:40 PT,3.625
2026-11-03 11:41 PT,3.635
2026-11-03 11:42 PT,3.646
2026-11-03 11:43 PT,3.656
2026-11-03 11:44 PT,3.667
2026-11-03 11:45 PT,3.677
2026-11-03 11:46 PT,3.688
2026-11-03 11:47 PT,3.698
2026-11-03 11:48 PT,3.708
2026-11-03 11:49 PT,3.719
2026-11-03 11:50 PT,3.729
2026-11-03 11:51 PT,3.739
2026-11-03 11:52 PT,3.75
2026-11-03 11:53 PT,3.76
2026-11-03 11:54 PT,3.77
2026-11-03 11:55 PT,3.78
2026-11-03 11:56 PT,3.791
2026-11-03 11:57 PT,3.801
2026-11-03 11:58 PT,3.811
2026-11-03 11:59 PT,3.821
2026-11-03 12:00 PT,3.831
2026-11-03 12:01 PT,3.841
2026-11-03 12:02 PT,3.851
2026-11-03 12:03 PT,3.861
2026-11-03 12:04 PT,3.871
2026-11-03 12:05 PT,3.881
2026-11-03 12:06 PT,3.89
2026-11-03 12:07 PT,3.9
2026-11-03 12:08 PT,3.91
2026-11-03 12:09 PT,3.92
2026-11-03 12:10 PT,3.929
2026-11-03 12:11 PT,3.939
2026-11-03 12:12 PT,3.948
2026-11-03 12:13 PT,3.958
2026-11-03 12:14 PT,3.967
2026-11-03 12:15 PT,3.977
2026-11-03 12:16 PT,3.986
2026-11-03 12:17 PT,3.995
2026-11-03 12:18 PT,4.005
2026-11-03 12:19 PT,4.014
2026-11-03 12:20 PT,4.023
2026-11-03 12:21 PT,4.032
2026-11-03 12:22 PT,4.041
2026-11-03 12:23 PT,4.05
2026-11-03 12:24 PT,4.059
2026-11-03 12:25 PT,4.068
2026-11-03 12:26 PT,4.077
2026-11-03 12:27 PT,4.086
2026-11-03 12:28 PT,4.095
2026-11-03 12:29 PT,4.103
2026-11-03 12:30 PT,4.112
2026-11-03 12:31 PT,4.121
2026-11-03 12:32 PT,4.129
2026-11-03 12:33 PT,4.138
2026-11-03 12:34 PT,4.146
2026-11-03 12:35 PT,4.155
2026-11-03 12:36 PT,4.163
2026-11-03 12:37 PT,4.171
2026-11-03 12:38 PT,4.179
2026-11-03 12:39 PT,4.187
2026-11-03 12:40 PT,4.195
2026-11-03 12:41 PT,4.203
2026-11-03 12:42 PT,4.211
2026-11-03 12:43 PT,4.219
2026-11-03 12:44 PT,4.227
2026-11-03 12:45 PT,4.235
2026-11-03 12:46 PT,4.242
2026-11-03 12:47 PT,4.25
2026-11-03 12:48 PT,4.257
2026-11-03 12:49 PT,4.265
2026-11-03 12:50 PT,4.272
2026-11-03 12:51 PT,4.28
2026-11-03 12:52 PT,4.287
2026-11-03 12:53 PT,4.294
2026-11-03 12:54 PT,4.301
2026-11-03 12:55 PT,4.308
2026-11-03 12:56 PT,4.315
2026-11-03 12:57 PT,4.322
2026-11-03 12:58 PT,4.329
2026-11-03 12:59 PT,4.336
2026-11-03 13:00 PT,4.342
2026-11-03 13:01 PT,4.349
2026-11-03 13:02 PT,4.356
2026-11-03 13:03 PT,4.362
2026-11-03 13:04 PT,4.368
2026-11-03 13:05 PT,4.375
2026-11-03 13:06 PT,4.381
2026-11-03 13:07 PT,4.387
2026-11-03 13:08 PT,4.393
2026-11-03 13:09 PT,4.399
2026-11-03 13:10 PT,4.405
2026-11-03 13:11 PT,4.411
2026-11-03 13:12 PT,4.417
2026-11-03 13:13 PT,4.422
2026-11-03 13:14 PT,4.428
2026-11-03 13:15 PT,4.434
2026-11-03 13:16 PT,4.439
2026-11-03 13:17 PT,4.444
2026-11-03 13:18 PT,4.45
2026-11-03 13:19 PT,4.455
2026-11-03 13:20 PT,4.46
2026-11-03 13:21 PT,4.465
2026-11-03 13:22 PT,4.47
2026-11-03 13:23 PT,4.475
2026-11-03 13:24 PT,4.48
2026-11-03 13:25 PT,4.484
2026-11-03 13:26 PT,4.489
2026-11-03 13:27 PT,4.494
2026-11-03 13:28 PT,4.498
2026-11-03 13:29 PT,4.503
2026-11-03 13:30 PT,4.507
2026-11-03 13:31 PT,4.511
2026-11-03 13:32 PT,4.515
2026-11-03 13:33 PT,4.519
2026-11-03 13:34 PT,4.523
2026-11-03 13:35 PT,4.527
2026-11-03 13:36 PT,4.531
2026-11-03 13:37 PT,4.535
2026-11-03 13:38 PT,4.539
2026-11-03 13:39 PT,4.542
2026-11-03 13:40 PT,4.546
2026-11-03 13:41 PT,4.549
2026-11-03 13:42 PT,4.552
2026-11-03 13:43 PT,4.556
2026-11-03 13:44 PT,4.559
2026-11-03 13:45 PT,4.562
2026-11-03 13:46 PT,4.565
2026-11-03 13:47 PT,4.568
2026-11-03 13:48 PT,4.571
2026-11-03 13:49 PT,4.573
2026-11-03 13:50 PT,4.576
2026-11-03 13:51 PT,4.579
2026-11-03 13:52 PT,4.581
2026-11-03 13:53 PT,4.584
2026-11-03 13:54 PT,4.586
2026-11-03 13:55 PT,4.588
2026-11-03 13:56 PT,4.59
2026-11-03 13:57 PT,4.592
2026-11-03 13:58 PT,4.594
2026-11-03 13:59 PT,4.596
2026-11-03 14:00 PT,4.598
2026-11-03 14:01 PT,4.6
2026-11-03 14:02 PT,4.602
2026-11-03 14:03 PT,4.603
2026-11-03 14:04 PT,4.605
2026-11-03 14:05 PT,4.606
2026-11-03 14:06 PT,4.607
2026-11-03 14:07 PT,4.609
2026-11-03 14:08 PT,4.61
2026-11-03 14:09 PT,4.611
2026-11-03 14:10 PT,4.612
2026-11-03 14:11 PT,4.613
2026-11-03 14:12 PT,4.614
2026-11-03 14:13 PT,4.615
2026-11-03 14:14 PT,4.615
2026-11-03 14:15 PT,4.616
2026-11-03 14:16 PT,4.616
2026-11-03 14:17 PT,4.617
2026-11-03 14:18 PT,4.617
2026-11-03 14:19 PT,4.618
2026-11-03 14:20 PT,4.618
2026-11-03 14:21 PT,4.618
2026-11-03 14:22 PT,4.618
2026-11-03 14:23 PT,4.618
2026-11-03 14:24 PT,4.618
2026-11-03 14:25 PT,4.618
2026-11-03 14:26 PT,4.618
2026-11-03 14:27 PT,4.617
2026-11-03 14:28 PT,4.617
2026-11-03 14:29 PT,4.616
2026-11-03 14:30 PT,4.616
2026-11-03 14:31 PT,4.615
2026-11-03 14:32 PT,4.615
2026-11-03 14:33 PT,4.614
2026-11-03 14:34 PT,4.613
2026-11-03 14:35 PT,4.612
2026-11-03 14:36 PT,4.611
2026-11-03 14:37 PT,4.61
2026-11-03 14:38 PT,4.609
2026-11-03 14:39 PT,4.608
2026-11-03 14:40 PT,4.606
2026-11-03 14:41 PT,4.605
2026-11-03 14:42 PT,4.604
2026-11-03 14:43 PT,4.602
2026-11-03 14:44 PT,4.601
2026-11-03 14:45 PT,4.599
2026-11-03 14:46 PT,4.597
2026-11-03 14:47 PT,4.595
2026-11-03 14:48 PT,4.594
2026-11-03 14:49 PT,4.592
2026-11-03 14:50 PT,4.59
2026-11-03 14:51 PT,4.588
2026-11-03 14:52 PT,4.586
2026-11-03 14:53 PT,4.583
2026-11-03 14:54 PT,4.581
2026-11-03 14:55 PT,4.579
2026-11-03 14:56 PT,4.577
2026-11-03 14:57 PT,4.574
2026-11-03 14:58 PT,4.572
2026-11-03 14:59 PT,4.569
2026-11-03 15:00 PT,4.566
2026-11-03 15:01 PT,4.564
2026-11-03 15:02 PT,4.561
2026-11-03 15:03 PT,4.558
2026-11-03 15:04 PT,4.555
2026-11-03 15:05 PT,4.552
2026-11-03 15:06 PT,4.549
2026-11-03 15:07 PT,4.546
2026-11-03 15:08 PT,4.543
2026-11-03 15:09 PT,4.54
2026-11-03 15:10 PT,4.537
2026-11-03 15:11 PT,4.533
2026-11-03 15:12 PT,4.53
2026-11-03 15:13 PT,4.527
2026-11-03 15:14 PT,4.523
2026-11-03 15:15 PT,4.52
2026-11-03 15:16 PT,4.516
2026-11-03 15:17 PT,4.512
2026-11-03 15:18 PT,4.509
2026-11-03 15:19 PT,4.505
2026-11-03 15:20 PT,4.501
2026-11-03 15:21 PT,4.497
2026-11-03 15:22 PT,4.493
2026-11-03 15:23 PT,4.489
2026-11-03 15:24 PT,4.485
2026-11-03 15:25 PT,4.481
2026-11-03 15:26 PT,4.477
2026-11-03 15:27 PT,4.473
2026-11-03 15:28 PT,4.469
2026-11-03 15:29 PT,4.465
2026-11-03 15:30 PT,4.46
2026-11-03 15:31 PT,4.456
2026-11-03 15:32 PT,4.451
2026-11-03 15:33 PT,4.447
2026-11-03 15:34 PT,4.442
2026-11-03 15:35 PT,4.438
2026-11-03 15:36 PT,4.433
2026-11-03 15:37 PT,4.429
2026-11-03 15:38 PT,4.424
2026-11-03 15:39 PT,4.419
2026-11-03 15:40 PT,4.414
2026-11-03 15:41 PT,4.409
2026-11-03 15:42 PT,4.405
2026-11-03 15:43 PT,4.4
2026-11-03 15:44 PT,4.395
2026-11-03 15:45 PT,4.39
2026-11-03 15:46 PT,4.385
2026-11-03 15:47 PT,4.379
2026-11-03 15:48 PT,4.374
2026-11-03 15:49 PT,4.369
2026-11-03 15:50 PT,4.364
2026-11-03 15:51 PT,4.359
2026-11-03 15:52 PT,4.353
2026-11-03 15:53 PT,4.348
2026-11-03 15:54 PT,4.343
2026-11-03 15:55 PT,4.337
2026-11-03 15:56 PT,4.332
2026-11-03 15:57 PT,4.326
2026-11-03 15:58 PT,4.321
2026-11-03 15:59 PT,4.315
2026-11-03 16:00 PT,4.309
2026-11-03 16:01 PT,4.304
2026-11-03 16:02 PT,4.298
2026-11-03 16:03 PT,4.292
2026-11-03 16:04 PT,4.286
2026-11-03 16:05 PT,4.281
2026-11-03 16:06 PT,4.275
2026-11-03 16:07 PT,4.269
2026-11-03 16:08 PT,4.263
2026-11-03 16:09 PT,4.257
2026-11-03 16:10 PT,4.251
2026-11-03 16:11 PT,4.245
2026-11-03 16:12 PT,4.239
2026-11-03 16:13 PT,4.233
2026-11-03 16:14 PT,4.227
2026-11-03 16:15 PT,4.221
2026-11-03 16:16 PT,4.214
2026-11-03 16:17 PT,4.208
2026-11-03 16:18 PT,4.202
2026-11-03 16:19 PT,4.196
2026-11-03 16:20 PT,4.189
2026-11-03 16:21 PT,4.183
2026-11-03 16:22 PT,4.177
2026-11-03 16:23 PT,4.17
2026-11-03 16:24 PT,4.164
2026-11-03 16:25 PT,4.157
2026-11-03 16:26 PT,4.151
2026-11-03 16:27 PT,4.144
2026-11-03 16:28 PT,4.138
2026-11-03 16:29 PT,4.131
2026-11-03 16:30 PT,4.125
2026-11-03 16:31 PT,4.118
2026-11-03 16:32 PT,4.111
2026-11-03 16:33 PT,4.105
2026-11-03 16:34 PT,4.098
2026-11-03 16:35 PT,4.091
2026-11-03 16:36 PT,4.084
2026-11-03 16:37 PT,4.078
2026-11-03 16:38 PT,4.071
2026-11-03 16:39 PT,4.064
2026-11-03 16:40 PT,4.057
2026-11-03 16:41 PT,4.05
2026-11-03 16:42 PT,4.043
2026-11-03 16:43 PT,4.036
2026-11-03 16:44 PT,4.029
2026-11-03 16:45 PT,4.022
2026-11-03 16:46 PT,4.015
2026-11-03 16:47 PT,4.008
2026-11-03 16:48 PT,4.001
2026-11-03 16:49 PT,3.994
2026-11-03 16:50 PT,3.987
2026-11-03 16:51 PT,3.98
2026-11-03 16:52 PT,3.972
2026-11-03 16:53 PT,3.965
2026-11-03 16:54 PT,3.958
2026-11-03 16:55 PT,3.951
2026-11-03 16:56 PT,3.943
2026-11-03 16:57 PT,3.936
2026-11-03 16:58 PT,3.929
2026-11-03 16:59 PT,3.921
2026-11-03 17:00 PT,3.914
2026-11-03 17:01 PT,3.907
2026-11-03 17:02 PT,3.899
2026-11-03 17:03 PT,3.892
2026-11-03 17:04 PT,3.884
2026-11-03 17:05 PT,3.877
2026-11-03 17:06 PT,3.869
2026-11-03 17:07 PT,3.862
2026-11-03 17:08 PT,3.854
2026-11-03 17:09 PT,3.847
2026-11-03 17:10 PT,3.839
2026-11-03 17:11 PT,3.831
2026-11-03 17:12 PT,3.824
2026-11-03 17:13 PT,3.816
2026-11-03 17:14 PT,3.808
2026-11-03 17:15 PT,3.801
2026-11-03 17:16 PT,3.793
2026-11-03 17:17 PT,3.785
2026-11-03 17:18 PT,3.777
2026-11-03 17:19 PT,3.77
2026-11-03 17:20 PT,3.762
2026-11-03 17:21 PT,3.754
2026-11-03 17:22 PT,3.746
2026-11-03 17:23 PT,3.738
2026-11-03 17:24 PT,3.73
2026-11-03 17:25 PT,3.722
2026-11-03 17:26 PT,3.715
2026-11-03 17:27 PT,3.707
2026-11-03 17:28 PT,3.699
2026-11-03 17:29 PT,3.691
2026-11-03 17:30 PT,3.683
2026-11-03 17:31 PT,3.675
2026-11-03 17:32 PT,3.667
2026-11-03 17:33 PT,3.659
2026-11-03 17:34 PT,3.651
2026-11-03 17:35 PT,3.642
2026-11-03 17:36 PT,3.634
2026-11-03 17:37 PT,3.626
2026-11-03 17:38 PT,3.618
2026-11-03 17:39 PT,3.61
2026-11-03 17:40 PT,3.602
2026-11-03 17:41 PT,3.594
2026-11-03 17:42 PT,3.585
2026-11-03 17:43 PT,3.577
2026-11-03 17:44 PT,3.569
2026-11-03 17:45 PT,3.561
2026-11-03 17:46 PT,3.552
2026-11-03 17:47 PT,3.544
2026-11-03 17:48 PT,3.536
2026-11-03 17:49 PT,3.528
2026-11-03 17:50 PT,3.519
2026-11-03 17:51 PT,3.511
2026-11-03 17:52 PT,3.503
2026-11-03 17:53 PT,3.494
2026-11-03 17:54 PT,3.486
2026-11-03 17:55 PT,3.478
2026-11-03 17:56 PT,3.469
2026-11-03 17:57 PT,3.461
2026-11-03 17:58 PT,3.453
2026-11-03 17:59 PT,3.444
2026-11-03 18:00 PT,3.436
2026-11-03 18:01 PT,3.427
2026-11-03 18:02 PT,3.419
2026-11-03 18:03 PT,3.41
2026-11-03 18:04 PT,3.402
2026-11-03 18:05 PT,3.394
2026-11-03 18:06 PT,3.385
2026-11-03 18:07 PT,3.377
2026-11-03 18:08 PT,3.368
2026-11-03 18:09 PT,3.36
2026-11-03 18:10 PT,3.351
2026-11-03 18:11 PT,3.343
2026-11-03 18:12 PT,3.334
2026-11-03 18:13 PT,3.326
2026-11-03 18:14 PT,3.317
2026-11-03 18:15 PT,3.309
2026-11-03 18:16 PT,3.301
2026-11-03 18:17 PT,3.292
2026-11-03 18:18 PT,3.284
2026-11-03 18:19 PT,3.275
2026-11-03 18:20 PT,3.267
2026-11-03 18:21 PT,3.258
2026-11-03 18:22 PT,3.25
2026-11-03 18:23 PT,3.241
2026-11-03 18:24 PT,3.233
2026-11-03 18:25 PT,3.224
2026-11-03 18:26 PT,3.216
2026-11-03 18:27 PT,3.207
2026-11-03 18:28 PT,3.199
2026-11-03 18:29 PT,3.191
2026-11-03 18:30 PT,3.182
2026-11-03 18:31 PT,3.174
2026-11-03 18:32 PT,3.165
2026-11-03 18:33 PT,3.157
2026-11-03 18:34 PT,3.149
2026-11-03 18:35 PT,3.14
2026-11-03 18:36 PT,3.132
2026-11-03 18:37 PT,3.124
2026-11-03 18:38 PT,3.115
2026-11-03 18:39 PT,3.107
2026-11-03 18:40 PT,3.099
2026-11-03 18:41 PT,3.09
2026-11-03 18:42 PT,3.082
2026-11-03 18:43 PT,3.074
2026-11-03 18:44 PT,3.066
2026-11-03 18:45 PT,3.057
2026-11-03 18:46 PT,3.049
2026-11-03 18:47 PT,3.041
2026-11-03 18:48 PT,3.033
2026-11-03 18:49 PT,3.025
2026-11-03 18:50 PT,3.017
2026-11-03 18:51 PT,3.009
2026-11-03 18:52 PT,3.001
2026-11-03 18:53 PT,2.993
2026-11-03 18:54 PT,2.985
2026-11-03 18:55 PT,2.977
2026-11-03 18:56 PT,2.969
2026-11-03 18:57 PT,2.961
2026-11-03 18:58 PT,2.953
2026-11-03 18:59 PT,2.945
2026-11-03 19:00 PT,2.937
2026-11-03 19:01 PT,2.929
2026-11-03 19:02 PT,2.922
2026-11-03 19:03 PT,2.914
2026-11-03 19:04 PT,2.906
2026-11-03 19:05 PT,2.898
2026-11-03 19:06 PT,2.891
2026-11-03 19:07 PT,2.883
2026-11-03 19:08 PT,2.876
2026-11-03 19:09 PT,2.868
2026-11-03 19:10 PT,2.861
2026-11-03 19:11 PT,2.853
2026-11-03 19:12 PT,2.846
2026-11-03 19:13 PT,2.838
2026-11-03 19:14 PT,2.831
2026-11-03 19:15 PT,2.824
2026-11-03 19:16 PT,2.817
2026-11-03 19:17 PT,2.809
2026-11-03 19:18 PT,2.802
2026-11-03 19:19 PT,2.795
2026-11-03 19:20 PT,2.788
2026-11-03 19:21 PT,2.781
2026-11-03 19:22 PT,2.774
2026-11-03 19:23 PT,2.767
2026-11-03 19:24 PT,2.76
2026-11-03 19:25 PT,2.753
2026-11-03 19:26 PT,2.747
2026-11-03 19:27 PT,2.74
2026-11-03 19:28 PT,2.733
2026-11-03 19:29 PT,2.727
2026-11-03 19:30 PT,2.72
2026-11-03 19:31 PT,2.714
2026-11-03 19:32 PT,2.707
2026-11-03 19:33 PT,2.701
2026-11-03 19:34 PT,2.694
2026-11-03 19:35 PT,2.688
2026-11-03 19:36 PT,2.682
2026-11-03 19:37 PT,2.676
2026-11-03 19:38 PT,2.669
2026-11-03 19:39 PT,2.663
2026-11-03 19:40 PT,2.657
2026-11-03 19:41 PT,2.651
2026-11-03 19:42 PT,2.646
2026-11-03 19:43 PT,2.64
2026-11-03 19:44 PT,2.634
2026-11-03 19:45 PT,2.628
2026-11-03 19:46 PT,2.623
2026-11-03 19:47 PT,2.617
2026-11-03 19:48 PT,2.611
2026-11-03 19:49 PT,2.606
2026-11-03 19:50 PT,2.601
2026-11-03 19:51 PT,2.595
2026-11-03 19:52 PT,2.59
2026-11-03 19:53 PT,2.585
2026-11-03 19:54 PT,2.58
2026-11-03 19:55 PT,2.575
2026-11-03 19:56 PT,2.57
2026-11-03 19:57 PT,2.565
2026-11-03 19:58 PT,2.56
2026-11-03 19:59 PT,2.555
2026-11-03 20:00 PT,2.55
2026-11-03 20:01 PT,2.546
2026-11-03 20:02 PT,2.541
2026-11-03 20:03 PT,2.537
2026-11-03 20:04 PT,2.532
2026-11-03 20:05 PT,2.528
2026-11-03 20:06 PT,2.523
2026-11-03 20:07 PT,2.519
2026-11-03 20:08 PT,2.515
2026-11-03 20:09 PT,2.511
2026-11-03 20:10 PT,2.507
2026-11-03 20:11 PT,2.503
2026-11-03 20:12 PT,2.499
2026-11-03 20:13 PT,2.495
2026-11-03 20:14 PT,2.491
2026-11-03 20:15 PT,2.488
2026-11-03 20:16 PT,2.484
2026-11-03 20:17 PT,2.481
2026-11-03 20:18 PT,2.477
2026-11-03 20:19 PT,2.474
2026-11-03 20:20 PT,2.47
2026-11-03 20:21 PT,2.467
2026-11-03 20:22 PT,2.464
2026-11-03 20:23 PT,2.461
2026-11-03 20:24 PT,2.458
2026-11-03 20:25 PT,2.455
2026-11-03 20:26 PT,2.452
2026-11-03 20:27 PT,2.449
2026-11-03 20:28 PT,2.446
2026-11-03 20:29 PT,2.444
2026-11-03 20:30 PT,2.441
2026-11-03 20:31 PT,2.439
2026-11-03 20:32 PT,2.436
2026-11-03 20:33 PT,2.434
2026-11-03 20:34 PT,2.431
2026-11-03 20:35 PT,2.429
2026-11-03 20:36 PT,2.427
2026-11-03 20:37 PT,2.425
2026-11-03 20:38 PT,2.423
2026-11-03 20:39 PT,2.421
2026-11-03 20:40 PT,2.419
2026-11-03 20:41 PT,2.417
2026-11-03 20:42 PT,2.416
2026-11-03 20:43 PT,2.414
2026-11-03 20:44 PT,2.412
2026-11-03 20:45 PT,2.411
2026-11-03 20:46 PT,2.409
2026-11-03 20:47 PT,2.408
2026-11-03 20:48 PT,2.407
2026-11-03 20:49 PT,2.405
2026-11-03 20:50 PT,2.404
2026-11-03 20:51 PT,2.403
2026-11-03 20:52 PT,2.402
2026-11-03 20:53 PT,2.401
2026-11-03 20:54 PT,2.4
2026-11-03 20:55 PT,2.399
2026-11-03 20:56 PT,2.399
2026-11-03 20:57 PT,2.398
2026-11-03 20:58 PT,2.397
2026-11-03 20:59 PT,2.397
2026-11-03 21:00 PT,2.396
2026-11-03 21:01 PT,2.396
2026-11-03 21:02 PT,2.395
2026-11-03 21:03 PT,2.395
2026-11-03 21:04 PT,2.395
2026-11-03 21:05 PT,2.395
2026-11-03 21:06 PT,2.394
2026-11-03 21:07 PT,2.394
2026-11-03 21:08 PT,2.394
2026-11-03 21:09 PT,2.395
2026-11-03 21:10 PT,2.395
2026-11-03 21:11 PT,2.395
2026-11-03 21:12 PT,2.395
2026-11-03 21:13 PT,2.395
2026-11-03 21:14 PT,2.396
2026-11-03 21:15 PT,2.396
2026-11-03 21:16 PT,2.397
2026-11-03 21:17 PT,2.397
2026-11-03 21:18 PT,2.398
2026-11-03 21:19 PT,2.399
2026-11-03 21:20 PT,2.399
2026-11-03 21:21 PT,2.4
2026-11-03 21:22 PT,2.401
2026-11-03 21:23 PT,2.402
2026-11-03 21:24 PT,2.403
2026-11-03 21:25 PT,2.404
2026-11-03 21:26 PT,2.405
2026-11-03 21:27 PT,2.406
2026-11-03 21:28 PT,2.407
2026-11-03 21:29 PT,2.409
2026-11-03 21:30 PT,2.41
2026-11-03 21:31 PT,2.411
2026-11-03 21:32 PT,2.413
2026-11-03 21:33 PT,2.414
2026-11-03 21:34 PT,2.416
2026-11-03 21:35 PT,2.417
2026-11-03 21:36 PT,2.419
2026-11-03 21:37 PT,2.42
2026-11-03 21:38 PT,2.422
2026-11-03 21:39 PT,2.424
2026-11-03 21:40 PT,2.426
2026-11-03 21:41 PT,2.428
2026-11-03 21:42 PT,2.43
2026-11-03 21:43 PT,2.431
2026-11-03 21:44 PT,2.433
2026-11-03 21:45 PT,2.436
2026-11-03 21:46 PT,2.438
2026-11-03 21:47 PT,2.44
2026-11-03 21:48 PT,2.442
2026-11-03 21:49 PT,2.444
2026-11-03 21:50 PT,2.447
2026-11-03 21:51 PT,2.449
2026-11-03 21:52 PT,2.451
2026-11-03 21:53 PT,2.454
2026-11-03 21:54 PT,2.456
2026-11-03 21:55 PT,2.459
2026-11-03 21:56 PT,2.461
2026-11-03 21:57 PT,2.464
2026-11-03 21:58 PT,2.466
2026-11-03 21:59 PT,2.469
2026-11-03 22:00 PT,2.472
2026-11-03 22:01 PT,2.474
2026-11-03 22:02 PT,2.477
2026-11-03 22:03 PT,2.48
2026-11-03 22:04 PT,2.483
2026-11-03 22:05 PT,2.486
2026-11-03 22:06 PT,2.489
2026-11-03 22:07 PT,2.492
2026-11-03 22:08 PT,2.495
2026-11-03 22:09 PT,2.498
2026-11-03 22:10 PT,2.501
2026-11-03 22:11 PT,2.504
2026-11-03 22:12 PT,2.507
2026-11-03 22:13 PT,2.51
2026-11-03 22:14 PT,2.514
2026-11-03 22:15 PT,2.517
2026-11-03 22:16 PT,2.52
2026-11-03 22:17 PT,2.524
2026-11-03 22:18 PT,2.527
2026-11-03 22:19 PT,2.53
2026-11-03 22:20 PT,2.534
2026-11-03 22:21 PT,2.537
2026-11-03 22:22 PT,2.541
2026-11-03 22:23 PT,2.544
2026-11-03 22:24 PT,2.548
2026-11-03 22:25 PT,2.551
2026-11-03 22:26 PT,2.555
2026-11-03 22:27 PT,2.559
2026-11-03 22:28 PT,2.562
2026-11-03 22:29 PT,2.566
2026-11-03 22:30 PT,2.57
2026-11-03 22:31 PT,2.574
2026-11-03 22:32 PT,2.577
2026-11-03 22:33 PT,2.581
2026-11-03 22:34 PT,2.585
2026-11-03 22:35 PT,2.589
2026-11-03 22:36 PT,2.593
2026-11-03 22:37 PT,2.597
2026-11-03 22:38 PT,2.601
2026-11-03 22:39 PT,2.605
2026-11-03 22:40 PT,2.609
2026-11-03 22:41 PT,2.613
2026-11-03 22:42 PT,2.617
2026-11-03 22:43 PT,2.621
2026-11-03 22:44 PT,2.625
2026-11-03 22:45 PT,2.629
2026-11-03 22:46 PT,2.633
2026-11-03 22:47 PT,2.637
2026-11-03 22:48 PT,2.641
2026-11-03 22:49 PT,2.646
2026-11-03 22:50 PT,2.65
2026-11-03 22:51 PT,2.654
2026-11-03 22:52 PT,2.658
2026-11-03 22:53 PT,2.663
2026-11-03 22:54 PT,2.667
2026-11-03 22:55 PT,2.671
2026-11-03 22:56 PT,2.676
2026-11-03 22:57 PT,2.68
2026-11-03 22:58 PT,2.684
2026-11-03 22:59 PT,2.689
2026-11-03 23:00 PT,2.693
2026-11-03 23:01 PT,2.698
2026-11-03 23:02 PT,2.702
2026-11-03 23:03 PT,2.706
2026-11-03 23:04 PT,2.711
2026-11-03 23:05 PT,2.715
2026-11-03 23:06 PT,2.72
2026-11-03 23:07 PT,2.724
2026-11-03 23:08 PT,2.729
2026-11-03 23:09 PT,2.734
2026-11-03 23:10 PT,2.738
2026-11-03 23:11 PT,2.743
2026-11-03 23:12 PT,2.747
2026-11-03 23:13 PT,2.752
2026-11-03 23:14 PT,2.756
2026-11-03 23:15 PT,2.761
2026-11-03 23:16 PT,2.766
2026-11-03 23:17 PT,2.77
2026-11-03 23:18 PT,2.775
2026-11-03 23:19 PT,2.78
2026-11-03 23:20 PT,2.784
2026-11-03 23:21 PT,2.789
2026-11-03 23:22 PT,2.794
2026-11-03 23:23 PT,2.798
2026-11-03 23:24 PT,2.803
2026-11-03 23:25 PT,2.808
2026-11-03 23:26 PT,2.813
2026-11-03 23:27 PT,2.817
2026-11-03 23:28 PT,2.822
2026-11-03 23:29 PT,2.827
2026-11-03 23:30 PT,2.832
2026-11-03 23:31 PT,2.836
2026-11-03 23:32 PT,2.841
2026-11-03 23:33 PT,2.846
2026-11-03 23:34 PT,2.851
2026-11-03 23:35 PT,2.855
2026-11-03 23:36 PT,2.86
2026-11-03 23:37 PT,2.865
2026-11-03 23:38 PT,2.87
2026-11-03 23:39 PT,2.875
2026-11-03 23:40 PT,2.879
2026-11-03 23:41 PT,2.884
2026-11-03 23:42 PT,2.889
2026-11-03 23:43 PT,2.894
2026-11-03 23:44 PT,2.898
2026-11-03 23:45 PT,2.903
2026-11-03 23:46 PT,2.908
2026-11-03 23:47 PT,2.913
2026-11-03 23:48 PT,2.918
2026-11-03 23:49 PT,2.922
2026-11-03 23:50 PT,2.927
2026-11-03 23:51 PT,2.932
2026-11-03 23:52 PT,2.937
2026-11-03 23:53 PT,2.941
2026-11-03 23:54 PT,2.946
2026-11-03 23:55 PT,2.951
2026-11-03 23:56 PT,2.956
2026-11-03 23:57 PT,2.96
2026-11-03 23:58 PT,2.965
2026-11-03 23:59 PT,2.97
2026-11-04 00:00 PT,2.975
2026-11-04 00:01 PT,2.979
2026-11-04 00:02 PT,2.984
2026-11-04 00:03 PT,2.989
2026-11-04 00:04 PT,2.993
2026-11-04 00:05 PT,2.998
2026-11-04 00:06 PT,3.003
2026-11-04 00:07 PT,3.007
2026-11-04 00:08 PT,3.012
2026-11-04 00:09 PT,3.017
2026-11-04 00:10 PT,3.021
2026-11-04 00:11 PT,3.026
2026-11-04 00:12 PT,3.03
2026-11-04 00:13 PT,3.035
2026-11-04 00:14 PT,3.039
2026-11-04 00:15 PT,3.044
2026-11-04 00:16 PT,3.049
2026-11-04 00:17 PT,3.053
2026-11-04 00:18 PT,3.058
2026-11-04 00:19 PT,3.062
2026-11-04 00:20 PT,3.066
2026-11-04 00:21 PT,3.071
2026-11-04 00:22 PT,3.075
2026-11-04 00:23 PT,3.08
2026-11-04 00:24 PT,3.084
2026-11-04 00:25 PT,3.089
2026-11-04 00:26 PT,3.093
2026-11-04 00:27 PT,3.097
2026-11-04 00:28 PT,3.102
2026-11-04 00:29 PT,3.106
2026-11-04 00:30 PT,3.11
2026-11-04 00:31 PT,3.114
2026-11-04 00:32 PT,3.119
2026-11-04 00:33 PT,3.123
2026-11-04 00:34 PT,3.127
2026-11-04 00:35 PT,3.131
2026-11-04 00:36 PT,3.135
2026-11-04 00:37 PT,3.139
2026-11-04 00:38 PT,3.143
2026-11-04 00:39 PT,3.147
2026-11-04 00:40 PT,3.152
2026-11-04 00:41 PT,3.156
2026-11-04 00:42 PT,3.16
2026-11-04 00:43 PT,3.163
2026-11-04 00:44 PT,3.167
2026-11-04 00:45 PT,3.171
2026-11-04 00:46 PT,3.175
2026-11-04 00:47 PT,3.179
2026-11-04 00:48 PT,3.183
2026-11-04 00:49 PT,3.187
2026-11-04 00:50 PT,3.19
2026-11-04 00:51 PT,3.194
2026-11-04 00:52 PT,3.198
2026-11-04 00:53 PT,3.201
2026-11-04 00:54 PT,3.205
2026-11-04 00:55 PT,3.209
2026-11-04 00:56 PT,3.212
2026-11-04 00:57 PT,3.216
2026-11-04 00:58 PT,3.219
2026-11-04 00:59 PT,3.223
2026-11-04 01:00 PT,3.226
2026-11-04 01:01 PT,3.23
2026-11-04 01:02 PT,3.233
2026-11-04 01:03 PT,3.236
2026-11-04 01:04 PT,3.24
2026-11-04 01:05 PT,3.243
2026-11-04 01:06 PT,3.246
2026-11-04 01:07 PT,3.249
2026-11-04 01:08 PT,3.253
2026-11-04 01:09 PT,3.256
2026-11-04 01:10 PT,3.259
2026-11-04 01:11 PT,3.262
2026-11-04 01:12 PT,3.265
2026-11-04 01:13 PT,3.268
2026-11-04 01:14 PT,3.271
2026-11-04 01:15 PT,3.274
2026-11-04 01:16 PT,3.277
2026-11-04 01:17 PT,3.279
2026-11-04 01:18 PT,3.282
2026-11-04 01:19 PT,3.285
2026-11-04 01:20 PT,3.288
2026-11-04 01:21 PT,3.29
2026-11-04 01:22 PT,3.293
2026-11-04 01:23 PT,3.295
2026-11-04 01:24 PT,3.298
2026-11-04 01:25 PT,3.301
2026-11-04 01:26 PT,3.303
2026-11-04 01:27 PT,3.305
2026-11-04 01:28 PT,3.308
2026-11-04 01:29 PT,3.31
2026-11-04 01:30 PT,3.312
2026-11-04 01:31 PT,3.315
2026-11-04 01:32 PT,3.317
2026-11-04 01:33 PT,3.319
2026-11-04 01:34 PT,3.321
2026-11-04 01:35 PT,3.323
2026-11-04 01:36 PT,3.325
2026-11-04 01:37 PT,3.327
2026-11-04 01:38 PT,3.329
2026-11-04 01:39 PT,3.331
2026-11-04 01:40 PT,3.333
2026-11-04 01:41 PT,3.335
2026-11-04 01:42 PT,3.337
2026-11-04 01:43 PT,3.338
2026-11-04 01:44 PT,3.34
2026-11-04 01:45 PT,3.342
2026-11-04 01:46 PT,3.343
2026-11-04 01:47 PT,3.345
2026-11-04 01:48 PT,3.346
2026-11-04 01:49 PT,3.348
2026-11-04 01:50 PT,3.349
2026-11-04 01:51 PT,3.35
2026-11-04 01:52 PT,3.352
2026-11-04 01:53 PT,3.353
2026-11-04 01:54 PT,3.354
2026-11-04 01:55 PT,3.355
2026-11-04 01:56 PT,3.356
2026-11-04 01:57 PT,3.357
2026-11-04 01:58 PT,3.358
2026-11-04 01:59 PT,3.359
2026-11-04 02:00 PT,3.36
2026-11-04 02:01 PT,3.361
2026-11-04 02:02 PT,3.362
2026-11-04 02:03 PT,3.363
2026-11-04 02:04 PT,3.364
2026-11-04 02:05 PT,3.364
2026-11-04 02:06 PT,3.365
2026-11-04 02:07 PT,3.365
2026-11-04 02:08 PT,3.366
2026-11-04 02:09 PT,3.366
2026-11-04 02:10 PT,3.367
2026-11-04 02:11 PT,3.367
2026-11-04 02:12 PT,3.368
2026-11-04 02:13 PT,3.368
2026-11-04 02:14 PT,3.368
2026-11-04 02:15 PT,3.368
2026-11-04 02:16 PT,3.368
2026-11-04 02:17 PT,3.369
2026-11-04 02:18 PT,3.369
2026-11-04 02:19 PT,3.369
2026-11-04 02:20 PT,3.368
2026-11-04 02:21 PT,3.368
2026-11-04 02:22 PT,3.368
2026-11-04 02:23 PT,3.368
2026-11-04 02:24 PT,3.368
2026-11-04 02:25 PT,3.367
2026-11-04 02:26 PT,3.367
2026-11-04 02:27 PT,3.367
2026-11-04 02:28 PT,3.366
2026-11-04 02:29 PT,3.366
2026-11-04 02:30 PT,3.365
2026-11-04 02:31 PT,3.364
2026-11-04 02:32 PT,3.364
2026-11-04 02:33 PT,3.363
2026-11-04 02:34 PT,3.362
2026-11-04 02:35 PT,3.361
2026-11-04 02:36 PT,3.36
2026-11-04 02:37 PT,3.36
2026-11-04 02:38 PT,3.359
2026-11-04 02:39 PT,3.358
2026-11-04 02:40 PT,3.356
2026-11-04 02:41 PT,3.355
2026-11-04 02:42 PT,3.354
2026-11-04 02:43 PT,3.353
2026-11-04 02:44 PT,3.352
2026-11-04 02:45 PT,3.35
2026-11-04 02:46 PT,3.349
2026-11-04 02:47 PT,3.347
2026-11-04 02:48 PT,3.346
2026-11-04 02:49 PT,3.344
2026-11-04 02:50 PT,3.343
2026-11-04 02:51 PT,3.341
2026-11-04 02:52 PT,3.339
2026-11-04 02:53 PT,3.338
2026-11-04 02:54 PT,3.336
2026-11-04 02:55 PT,3.334
2026-11-04 02:56 PT,3.332
2026-11-04 02:57 PT,3.33
2026-11-04 02:58 PT,3.328
2026-11-04 02:59 PT,3.326
2026-11-04 03:00 PT,3.324
2026-11-04 03:01 PT,3.322
2026-11-04 03:02 PT,3.32
2026-11-04 03:03 PT,3.318
2026-11-04 03:04 PT,3.315
2026-11-04 03:05 PT,3.313
2026-11-04 03:06 PT,3.311
2026-11-04 03:07 PT,3.308
2026-11-04 03:08 PT,3.306
2026-11-04 03:09 PT,3.303
2026-11-04 03:10 PT,3.301
2026-11-04 03:11 PT,3.298
2026-11-04 03:12 PT,3.295
2026-11-04 03:13 PT,3.293
2026-11-04 03:14 PT,3.29
2026-11-04 03:15 PT,3.287
2026-11-04 03:16 PT,3.284
2026-11-04 03:17 PT,3.281
2026-11-04 03:18 PT,3.278
2026-11-04 03:19 PT,3.275
2026-11-04 03:20 PT,3.272
2026-11-04 03:21 PT,3.269
2026-11-04 03:22 PT,3.266
2026-11-04 03:23 PT,3.263
2026-11-04 03:24 PT,3.259
2026-11-04 03:25 PT,3.256
2026-11-04 03:26 PT,3.253
2026-11-04 03:27 PT,3.249
2026-11-04 03:28 PT,3.246
2026-11-04 03:29 PT,3.243
2026-11-04 03:30 PT,3.239
2026-11-04 03:31 PT,3.235
2026-11-04 03:32 PT,3.232
2026-11-04 03:33 PT,3.228
2026-11-04 03:34 PT,3.225
2026-11-04 03:35 PT,3.221
2026-11-04 03:36 PT,3.217
2026-11-04 03:37 PT,3.213
2026-11-04 03:38 PT,3.209
2026-11-04 03:39 PT,3.205
2026-11-04 03:40 PT,3.202
2026-11-04 03:41 PT,3.198
2026-11-04 03:42 PT,3.194
2026-11-04 03:43 PT,3.19
2026-11-04 03:44 PT,3.185
2026-11-04 03:45 PT,3.181
2026-11-04 03:46 PT,3.177
2026-11-04 03:47 PT,3.173
2026-11-04 03:48 PT,3.169
2026-11-04 03:49 PT,3.164
2026-11-04 03:50 PT,3.16
2026-11-04 03:51 PT,3.156
2026-11-04 03:52 PT,3.151
2026-11-04 03:53 PT,3.147
2026-11-04 03:54 PT,3.142
2026-11-04 03:55 PT,3.138
2026-11-04 03:56 PT,3.133
2026-11-04 03:57 PT,3.129
2026-11-04 03:58 PT,3.124
2026-11-04 03:59 PT,3.119
2026-11-04 04:00 PT,3.115
2026-11-04 04:01 PT,3.11
2026-11-04 04:02 PT,3.105
2026-11-04 04:03 PT,3.1
2026-11-04 04:04 PT,3.095
2026-11-04 04:05 PT,3.091
2026-11-04 04:06 PT,3.086
2026-11-04 04:07 PT,3.081
2026-11-04 04:08 PT,3.076
2026-11-04 04:09 PT,3.071
2026-11-04 04:10 PT,3.066
2026-11-04 04:11 PT,3.061
2026-11-04 04:12 PT,3.056
2026-11-04 04:13 PT,3.05
2026-11-04 04:14 PT,3.045
2026-11-04 04:15 PT,3.04
2026-11-04 04:16 PT,3.035
2026-11-04 04:17 PT,3.03
2026-11-04 04:18 PT,3.024
2026-11-04 04:19 PT,3.019
2026-11-04 04:20 PT,3.014
2026-11-04 04:21 PT,3.008
2026-11-04 04:22 PT,3.003
2026-11-04 04:23 PT,2.998
2026-11-04 04:24 PT,2.992
2026-11-04 04:25 PT,2.987
2026-11-04 04:26 PT,2.981
2026-11-04 04:27 PT,2.976
2026-11-04 04:28 PT,2.97
2026-11-04 04:29 PT,2.965
2026-11-04 04:30 PT,2.959
2026-11-04 04:31 PT,2.954
2026-11-04 04:32 PT,2.948
2026-11-04 04:33 PT,2.942
2026-11-04 04:34 PT,2.937
2026-11-04 04:35 PT,2.931
2026-11-04 04:36 PT,2.925
2026-11-04 04:37 PT,2.92
2026-11-04 04:38 PT,2.914
2026-11-04 04:39 PT,2.908
2026-11-04 04:40 PT,2.902
2026-11-04 04:41 PT,2.896
2026-11-04 04:42 PT,2.891
2026-11-04 04:43 PT,2.885
2026-11-04 04:44 PT,2.879
2026-11-04 04:45 PT,2.873
2026-11-04 04:46 PT,2.867
2026-11-04 04:47 PT,2.861
2026-11-04 04:48 PT,2.855
2026-11-04 04:49 PT,2.849
2026-11-04 04:50 PT,2.844
2026-11-04 04:51 PT,2.838
2026-11-04 04:52 PT,2.832
2026-11-04 04:53 PT,2.826
2026-11-04 04:54 PT,2.82
2026-11-04 04:55 PT,2.814
2026-11-04 04:56 PT,2.808
2026-11-04 04:57 PT,2.802
2026-11-04 04:58 PT,2.795
2026-11-04 04:59 PT,2.789
2026-11-04 05:00 PT,2.783
2026-11-04 05:01 PT,2.777
2026-11-04 05:02 PT,2.771
2026-11-04 05:03 PT,2.765
2026-11-04 05:04 PT,2.759
2026-11-04 05:05 PT,2.753
2026-11-04 05:06 PT,2.747
2026-11-04 05:07 PT,2.741
2026-11-04 05:08 PT,2.734
2026-11-04 05:09 PT,2.728
2026-11-04 05:10 PT,2.722
2026-11-04 05:11 PT,2.716
2026-11-04 05:12 PT,2.71
2026-11-04 05:13 PT,2.704
2026-11-04 05:14 PT,2.697
2026-11-04 05:15 PT,2.691
2026-11-04 05:16 PT,2.685
2026-11-04 05:17 PT,2.679
2026-11-04 05:18 PT,2.673
2026-11-04 05:19 PT,2.666
2026-11-04 05:20 PT,2.66
2026-11-04 05:21 PT,2.654
2026-11-04 05:22 PT,2.648
2026-11-04 05:23 PT,2.642
2026-11-04 05:24 PT,2.635
2026-11-04 05:25 PT,2.629
2026-11-04 05:26 PT,2.623
2026-11-04 05:27 PT,2.617
2026-11-04 05:28 PT,2.61
2026-11-04 05:29 PT,2.604
2026-11-04 05:30 PT,2.598
2026-11-04 05:31 PT,2.592
2026-11-04 05:32 PT,2.586
2026-11-04 05:33 PT,2.579
2026-11-04 05:34 PT,2.573
2026-11-04 05:35 PT,2.567
2026-11-04 05:36 PT,2.561
2026-11-04 05:37 PT,2.555
2026-11-04 05:38 PT,2.548
2026-11-04 05:39 PT,2.542
2026-11-04 05:40 PT,2.536
2026-11-04 05:41 PT,2.53
2026-11-04 05:42 PT,2.524
2026-11-04 05:43 PT,2.517
2026-11-04 05:44 PT,2.511
2026-11-04 05:45 PT,2.505
2026-11-04 05:46 PT,2.499
2026-11-04 05:47 PT,2.493
2026-11-04 05:48 PT,2.487
2026-11-04 05:49 PT,2.481
2026-11-04 05:50 PT,2.474
2026-11-04 05:51 PT,2.468
2026-11-04 05:52 PT,2.462
2026-11-04 05:53 PT,2.456
2026-11-04 05:54 PT,2.45
2026-11-04 05:55 PT,2.444
2026-11-04 05:56 PT,2.438
2026-11-04 05:57 PT,2.432
2026-11-04 05:58 PT,2.426
2026-11-04 05:59 PT,2.42
2026-11-04 06:00 PT,2.414
2026-11-04 06:01 PT,2.408
2026-11-04 06:02 PT,2.402
2026-11-04 06:03 PT,2.396
2026-11-04 06:04 PT,2.39
2026-11-04 06:05 PT,2.384
2026-11-04 06:06 PT,2.378
2026-11-04 06:07 PT,2.372
2026-11-04 06:08 PT,2.366
2026-11-04 06:09 PT,2.36
2026-11-04 06:10 PT,2.354
2026-11-04 06:11 PT,2.349
2026-11-04 06:12 PT,2.343
2026-11-04 06:13 PT,2.337
2026-11-04 06:14 PT,2.331
2026-11-04 06:15 PT,2.325
2026-11-04 06:16 PT,2.32
2026-11-04 06:17 PT,2.314
2026-11-04 06:18 PT,2.308
2026-11-04 06:19 PT,2.302
2026-11-04 06:20 PT,2.297
2026-11-04 06:21 PT,2.291
2026-11-04 06:22 PT,2.285
2026-11-04 06:23 PT,2.28
2026-11-04 06:24 PT,2.274
2026-11-04 06:25 PT,2.269
2026-11-04 06:26 PT,2.263
2026-11-04 06:27 PT,2.258
2026-11-04 06:28 PT,2.252
2026-11-04 06:29 PT,2.247
2026-11-04 06:30 PT,2.241
2026-11-04 06:31 PT,2.236
2026-11-04 06:32 PT,2.23
2026-11-04 06:33 PT,2.225
2026-11-04 06:34 PT,2.22
2026-11-04 06:35 PT,2.214
2026-11-04 06:36 PT,2.209
2026-11-04 06:37 PT,2.204
2026-11-04 06:38 PT,2.199
2026-11-04 06:39 PT,2.194
2026-11-04 06:40 PT,2.188
2026-11-04 06:41 PT,2.183
2026-11-04 06:42 PT,2.178
2026-11-04 06:43 PT,2.173
2026-11-04 06:44 PT,2.168
2026-11-04 06:45 PT,2.163
2026-11-04 06:46 PT,2.158
2026-11-04 06:47 PT,2.153
2026-11-04 06:48 PT,2.148
2026-11-04 06:49 PT,2.144
2026-11-04 06:50 PT,2.139
2026-11-04 06:51 PT,2.134
2026-11-04 06:52 PT,2.129
2026-11-04 06:53 PT,2.125
2026-11-04 06:54 PT,2.12
2026-11-04 06:55 PT,2.115
2026-11-04 06:56 PT,2.111
2026-11-04 06:57 PT,2.106
2026-11-04 06:58 PT,2.102
2026-11-04 06:59 PT,2.097
2026-11-04 07:00 PT,2.093
2026-11-04 07:01 PT,2.088
2026-11-04 07:02 PT,2.084
2026-11-04 07:03 PT,2.08
2026-11-04 07:04 PT,2.076
2026-11-04 07:05 PT,2.071
2026-11-04 07:06 PT,2.067
2026-11-04 07:07 PT,2.063
2026-11-04 07:08 PT,2.059
2026-11-04 07:09 PT,2.055
2026-11-04 07:10 PT,2.051
2026-11-04 07:11 PT,2.047
2026-11-04 07:12 PT,2.043
2026-11-04 07:13 PT,2.04
2026-11-04 07:14 PT,2.036
2026-11-04 07:15 PT,2.032
2026-11-04 07:16 PT,2.029
2026-11-04 07:17 PT,2.025
2026-11-04 07:18 PT,2.021
2026-11-04 07:19 PT,2.018
2026-11-04 07:20 PT,2.014
2026-11-04 07:21 PT,2.011
2026-11-04 07:22 PT,2.008
2026-11-04 07:23 PT,2.004
2026-11-04 07:24 PT,2.001
2026-11-04 07:25 PT,1.998
2026-11-04 07:26 PT,1.995
2026-11-04 07:27 PT,1.992
2026-11-04 07:28 PT,1.989
2026-11-04 07:29 PT,1.986
2026-11-04 07:30 PT,1.983
2026-11-04 07:31 PT,1.98
2026-11-04 07:32 PT,1.977
2026-11-04 07:33 PT,1.975
2026-11-04 07:34 PT,1.972
2026-11-04 07:35 PT,1.97
2026-11-04 07:36 PT,1.967
2026-11-04 07:37 PT,1.965
2026-11-04 07:38 PT,1.962
2026-11-04 07:39 PT,1.96
2026-11-04 07:40 PT,1.958
2026-11-04 07:41 PT,1.955
2026-11-04 07:42 PT,1.953
2026-11-04 07:43 PT,1.951
2026-11-04 07:44 PT,1.949
2026-11-04 07:45 PT,1.947
2026-11-04 07:46 PT,1.945
2026-11-04 07:47 PT,1.944
2026-11-04 07:48 PT,1.942
2026-11-04 07:49 PT,1.94
2026-11-04 07:50 PT,1.939
2026-11-04 07:51 PT,1.937
2026-11-04 07:52 PT,1.936
2026-11-04 07:53 PT,1.934
2026-11-04 07:54 PT,1.933
2026-11-04 07:55 PT,1.932
2026-11-04 07:56 PT,1.93
2026-11-04 07:57 PT,1.929
2026-11-04 07:58 PT,1.928
2026-11-04 07:59 PT,1.927
2026-11-04 08:00 PT,1.926
2026-11-04 08:01 PT,1.926
2026-11-04 08:02 PT,1.925
2026-11-04 08:03 PT,1.924
2026-11-04 08:04 PT,1.923
2026-11-04 08:05 PT,1.923
2026-11-04 08:06 PT,1.922
2026-11-04 08:07 PT,1.922
2026-11-04 08:08 PT,1.922
2026-11-04 08:09 PT,1.921
2026-11-04 08:10 PT,1.921
2026-11-04 08:11 PT,1.921
2026-11-04 08:12 PT,1.921
2026-11-04 08:13 PT,1.921
2026-11-04 08:14 PT,1.921
2026-11-04 08:15 PT,1.921
2026-11-04 08:16 PT,1.922
2026-11-04 08:17 PT,1.922
2026-11-04 08:18 PT,1.923
2026-11-04 08:19 PT,1.923
2026-11-04 08:20 PT,1.924
2026-11-04 08:21 PT,1.924
2026-11-04 08:22 PT,1.925
2026-11-04 08:23 PT,1.926
2026-11-04 08:24 PT,1.927
2026-11-04 08:25 PT,1.927
2026-11-04 08:26 PT,1.928
2026-11-04 08:27 PT,1.93
2026-11-04 08:28 PT,1.931
2026-11-04 08:29 PT,1.932
2026-11-04 08:30 PT,1.933
2026-11-04 08:31 PT,1.935
2026-11-04 08:32 PT,1.936
2026-11-04 08:33 PT,1.938
2026-11-04 08:34 PT,1.939
2026-11-04 08:35 PT,1.941
2026-11-04 08:36 PT,1.943
2026-11-04 08:37 PT,1.945
2026-11-04 08:38 PT,1.946
2026-11-04 08:39 PT,1.948
2026-11-04 08:40 PT,1.951
2026-11-04 08:41 PT,1.953
2026-11-04 08:42 PT,1.955
2026-11-04 08:43 PT,1.957
2026-11-04 08:44 PT,1.959
2026-11-04 08:45 PT,1.962
2026-11-04 08:46 PT,1.964
2026-11-04 08:47 PT,1.967
2026-11-04 08:48 PT,1.97
2026-11-04 08:49 PT,1.972
2026-11-04 08:50 PT,1.975
2026-11-04 08:51 PT,1.978
2026-11-04 08:52 PT,1.981
2026-11-04 08:53 PT,1.984
2026-11-04 08:54 PT,1.987
2026-11-04 08:55 PT,1.99
2026-11-04 08:56 PT,1.993
2026-11-04 08:57 PT,1.997
2026-11-04 08:58 PT,2
2026-11-04 08:59 PT,2.003
2026-11-04 09:00 PT,2.007
2026-11-04 09:01 PT,2.01
2026-11-04 09:02 PT,2.014
2026-11-04 09:03 PT,2.018
2026-11-04 09:04 PT,2.022
2026-11-04 09:05 PT,2.025
2026-11-04 09:06 PT,2.029
2026-11-04 09:07 PT,2.033
2026-11-04 09:08 PT,2.037
2026-11-04 09:09 PT,2.041
2026-11-04 09:10 PT,2.046
2026-11-04 09:11 PT,2.05
2026-11-04 09:12 PT,2.054
2026-11-04 09:13 PT,2.059
2026-11-04 09:14 PT,2.063
2026-11-04 09:15 PT,2.067
2026-11-04 09:16 PT,2.072
2026-11-04 09:17 PT,2.077
2026-11-04 09:18 PT,2.081
2026-11-04 09:19 PT,2.086
2026-11-04 09:20 PT,2.091
2026-11-04 09:21 PT,2.096
2026-11-04 09:22 PT,2.101
2026-11-04 09:23 PT,2.106
2026-11-04 09:24 PT,2.111
2026-11-04 09:25 PT,2.116
2026-11-04 09:26 PT,2.121
2026-11-04 09:27 PT,2.126
2026-11-04 09:28 PT,2.132
2026-11-04 09:29 PT,2.137
2026-11-04 09:30 PT,2.142
2026-11-04 09:31 PT,2.148
2026-11-04 09:32 PT,2.153
2026-11-04 09:33 PT,2.159
2026-11-04 09:34 PT,2.165
2026-11-04 09:35 PT,2.17
2026-11-04 09:36 PT,2.176
2026-11-04 09:37 PT,2.182
2026-11-04 09:38 PT,2.188
2026-11-04 09:39 PT,2.194
2026-11-04 09:40 PT,2.199
2026-11-04 09:41 PT,2.205
2026-11-04 09:42 PT,2.212
2026-11-04 09:43 PT,2.218
2026-11-04 09:44 PT,2.224
2026-11-04 09:45 PT,2.23
2026-11-04 09:46 PT,2.236
2026-11-04 09:47 PT,2.243
2026-11-04 09:48 PT,2.249
2026-11-04 09:49 PT,2.255
2026-11-04 09:50 PT,2.262
2026-11-04 09:51 PT,2.268
2026-11-04 09:52 PT,2.275
2026-11-04 09:53 PT,2.282
2026-11-04 09:54 PT,2.288
2026-11-04 09:55 PT,2.295
2026-11-04 09:56 PT,2.302
2026-11-04 09:57 PT,2.309
2026-11-04 09:58 PT,2.315
2026-11-04 09:59 PT,2.322
2026-11-04 10:00 PT,2.329
2026-11-04 10:01 PT,2.336
2026-11-04 10:02 PT,2.343
2026-11-04 10:03 PT,2.35
2026-11-04 10:04 PT,2.357
2026-11-04 10:05 PT,2.365
2026-11-04 10:06 PT,2.372
2026-11-04 10:07 PT,2.379
2026-11-04 10:08 PT,2.386
2026-11-04 10:09 PT,2.394
2026-11-04 10:10 PT,2.401
2026-11-04 10:11 PT,2.408
2026-11-04 10:12 PT,2.416
2026-11-04 10:13 PT,2.423
2026-11-04 10:14 PT,2.431
2026-11-04 10:15 PT,2.438
2026-11-04 10:16 PT,2.446
2026-11-04 10:17 PT,2.454
2026-11-04 10:18 PT,2.461
2026-11-04 10:19 PT,2.469
2026-11-04 10:20 PT,2.477
2026-11-04 10:21 PT,2.485
2026-11-04 10:22 PT,2.493
2026-11-04 10:23 PT,2.5
2026-11-04 10:24 PT,2.508
2026-11-04 10:25 PT,2.516
2026-11-04 10:26 PT,2.524
2026-11-04 10:27 PT,2.532
2026-11-04 10:28 PT,2.54
2026-11-04 10:29 PT,2.548
2026-11-04 10:30 PT,2.557
2026-11-04 10:31 PT,2.565
2026-11-04 10:32 PT,2.573
2026-11-04 10:33 PT,2.581
2026-11-04 10:34 PT,2.589
2026-11-04 10:35 PT,2.598
2026-11-04 10:36 PT,2.606
2026-11-04 10:37 PT,2.614
2026-11-04 10:38 PT,2.623
2026-11-04 10:39 PT,2.631
2026-11-04 10:40 PT,2.64
2026-11-04 10:41 PT,2.648
2026-11-04 10:42 PT,2.657
2026-11-04 10:43 PT,2.665
2026-11-04 10:44 PT,2.674
2026-11-04 10:45 PT,2.682
2026-11-04 10:46 PT,2.691
2026-11-04 10:47 PT,2.7
2026-11-04 10:48 PT,2.708
2026-11-04 10:49 PT,2.717
2026-11-04 10:50 PT,2.726
2026-11-04 10:51 PT,2.735
2026-11-04 10:52 PT,2.743
2026-11-04 10:53 PT,2.752
2026-11-04 10:54 PT,2.761
2026-11-04 10:55 PT,2.77
2026-11-04 10:56 PT,2.779
2026-11-04 10:57 PT,2.788
2026-11-04 10:58 PT,2.797
2026-11-04 10:59 PT,2.806
2026-11-04 11:00 PT,2.815
2026-11-04 11:01 PT,2.824
2026-11-04 11:02 PT,2.833
2026-11-04 11:03 PT,2.842
2026-11-04 11:04 PT,2.851
2026-11-04 11:05 PT,2.861
2026-11-04 11:06 PT,2.87
2026-11-04 11:07 PT,2.879
2026-11-04 11:08 PT,2.888
2026-11-04 11:09 PT,2.897
2026-11-04 11:10 PT,2.907
2026-11-04 11:11 PT,2.916
2026-11-04 11:12 PT,2.925
2026-11-04 11:13 PT,2.935
2026-11-04 11:14 PT,2.944
2026-11-04 11:15 PT,2.954
2026-11-04 11:16 PT,2.963
2026-11-04 11:17 PT,2.972
2026-11-04 11:18 PT,2.982
2026-11-04 11:19 PT,2.991
2026-11-04 11:20 PT,3.001
2026-11-04 11:21 PT,3.01
2026-11-04 11:22 PT,3.02
2026-11-04 11:23 PT,3.029
2026-11-04 11:24 PT,3.039
2026-11-04 11:25 PT,3.049
2026-11-04 11:26 PT,3.058
2026-11-04 11:27 PT,3.068
2026-11-04 11:28 PT,3.078
2026-11-04 11:29 PT,3.087
2026-11-04 11:30 PT,3.097
2026-11-04 11:31 PT,3.107
2026-11-04 11:32 PT,3.116
2026-11-04 11:33 PT,3.126
2026-11-04 11:34 PT,3.136
2026-11-04 11:35 PT,3.146
2026-11-04 11:36 PT,3.155
2026-11-04 11:37 PT,3.165
2026-11-04 11:38 PT,3.175
2026-11-04 11:39 PT,3.185
2026-11-04 11:40 PT,3.195
2026-11-04 11:41 PT,3.205
2026-11-04 11:42 PT,3.214
2026-11-04 11:43 PT,3.224
2026-11-04 11:44 PT,3.234
2026-11-04 11:45 PT,3.244
2026-11-04 11:46 PT,3.254
2026-11-04 11:47 PT,3.264
2026-11-04 11:48 PT,3.274
2026-11-04 11:49 PT,3.284
2026-11-04 11:50 PT,3.294
2026-11-04 11:51 PT,3.304
2026-11-04 11:52 PT,3.314
2026-11-04 11:53 PT,3.324
2026-11-04 11:54 PT,3.334
2026-11-04 11:55 PT,3.344
2026-11-04 11:56 PT,3.354
2026-11-04 11:57 PT,3.364
2026-11-04 11:58 PT,3.374
2026-11-04 11:59 PT,3.384
2026-11-04 12:00 PT,3.394
2026-11-04 12:01 PT,3.404
2026-11-04 12:02 PT,3.414
2026-11-04 12:03 PT,3.424
2026-11-04 12:04 PT,3.434
2026-11-04 12:05 PT,3.444
2026-11-04 12:06 PT,3.454
2026-11-04 12:07 PT,3.464
2026-11-04 12:08 PT,3.474
2026-11-04 12:09 PT,3.484
2026-11-04 12:10 PT,3.493
2026-11-04 12:11 PT,3.503
2026-11-04 12:12 PT,3.513
2026-11-04 12:13 PT,3.523
2026-11-04 12:14 PT,3.533
2026-11-04 12:15 PT,3.543
2026-11-04 12:16 PT,3.553
2026-11-04 12:17 PT,3.563
2026-11-04 12:18 PT,3.573
2026-11-04 12:19 PT,3.583
2026-11-04 12:20 PT,3.593
2026-11-04 12:21 PT,3.603
2026-11-04 12:22 PT,3.613
2026-11-04 12:23 PT,3.623
2026-11-04 12:24 PT,3.633
2026-11-04 12:25 PT,3.642
2026-11-04 12:26 PT,3.652
2026-11-04 12:27 PT,3.662
2026-11-04 12:28 PT,3.672
2026-11-04 12:29 PT,3.682
2026-11-04 12:30 PT,3.692
2026-11-04 12:31 PT,3.701
2026-11-04 12:32 PT,3.711
2026-11-04 12:33 PT,3.721
2026-11-04 12:34 PT,3.73
2026-11-04 12:35 PT,3.74
2026-11-04 12:36 PT,3.75
2026-11-04 12:37 PT,3.759
2026-11-04 12:38 PT,3.769
2026-11-04 12:39 PT,3.779
2026-11-04 12:40 PT,3.788
2026-11-04 12:41 PT,3.798
2026-11-04 12:42 PT,3.807
2026-11-04 12:43 PT,3.817
2026-11-04 12:44 PT,3.826
2026-11-04 12:45 PT,3.836
2026-11-04 12:46 PT,3.845
2026-11-04 12:47 PT,3.854
2026-11-04 12:48 PT,3.864
2026-11-04 12:49 PT,3.873
2026-11-04 12:50 PT,3.882
2026-11-04 12:51 PT,3.892
2026-11-04 12:52 PT,3.901
2026-11-04 12:53 PT,3.91
2026-11-04 12:54 PT,3.919
2026-11-04 12:55 PT,3.928
2026-11-04 12:56 PT,3.937
2026-11-04 12:57 PT,3.946
2026-11-04 12:58 PT,3.955
2026-11-04 12:59 PT,3.964
2026-11-04 13:00 PT,3.973
2026-11-04 13:01 PT,3.982
2026-11-04 13:02 PT,3.991
2026-11-04 13:03 PT,3.999
2026-11-04 13:04 PT,4.008
2026-11-04 13:05 PT,4.017
2026-11-04 13:06 PT,4.026
2026-11-04 13:07 PT,4.034
2026-11-04 13:08 PT,4.043
2026-11-04 13:09 PT,4.051
2026-11-04 13:10 PT,4.06
2026-11-04 13:11 PT,4.068
2026-11-04 13:12 PT,4.076
2026-11-04 13:13 PT,4.085
2026-11-04 13:14 PT,4.093
2026-11-04 13:15 PT,4.101
2026-11-04 13:16 PT,4.109
2026-11-04 13:17 PT,4.117
2026-11-04 13:18 PT,4.125
2026-11-04 13:19 PT,4.133
2026-11-04 13:20 PT,4.141
2026-11-04 13:21 PT,4.149
2026-11-04 13:22 PT,4.157
2026-11-04 13:23 PT,4.165
2026-11-04 13:24 PT,4.172
2026-11-04 13:25 PT,4.18
2026-11-04 13:26 PT,4.188
2026-11-04 13:27 PT,4.195
2026-11-04 13:28 PT,4.203
2026-11-04 13:29 PT,4.21
2026-11-04 13:30 PT,4.217
2026-11-04 13:31 PT,4.225
2026-11-04 13:32 PT,4.232
2026-11-04 13:33 PT,4.239
2026-11-04 13:34 PT,4.246
2026-11-04 13:35 PT,4.253
2026-11-04 13:36 PT,4.26
2026-11-04 13:37 PT,4.267
2026-11-04 13:38 PT,4.274
2026-11-04 13:39 PT,4.28
2026-11-04 13:40 PT,4.287
2026-11-04 13:41 PT,4.294
2026-11-04 13:42 PT,4.3
2026-11-04 13:43 PT,4.307
2026-11-04 13:44 PT,4.313
2026-11-04 13:45 PT,4.319
2026-11-04 13:46 PT,4.326
2026-11-04 13:47 PT,4.332
2026-11-04 13:48 PT,4.338
2026-11-04 13:49 PT,4.344
2026-11-04 13:50 PT,4.35
2026-11-04 13:51 PT,4.356
2026-11-04 13:52 PT,4.362
2026-11-04 13:53 PT,4.367
2026-11-04 13:54 PT,4.373
2026-11-04 13:55 PT,4.379
2026-11-04 13:56 PT,4.384
2026-11-04 13:57 PT,4.39
2026-11-04 13:58 PT,4.395
2026-11-04 13:59 PT,4.4
2026-11-04 14:00 PT,4.406
2026-11-04 14:01 PT,4.411
2026-11-04 14:02 PT,4.416
2026-11-04 14:03 PT,4.421
2026-11-04 14:04 PT,4.426
2026-11-04 14:05 PT,4.43
2026-11-04 14:06 PT,4.435
2026-11-04 14:07 PT,4.44
2026-11-04 14:08 PT,4.444
2026-11-04 14:09 PT,4.449
2026-11-04 14:10 PT,4.453
2026-11-04 14:11 PT,4.457
2026-11-04 14:12 PT,4.462
2026-11-04 14:13 PT,4.466
2026-11-04 14:14 PT,4.47
2026-11-04 14:15 PT,4.474
2026-11-04 14:16 PT,4.478
2026-11-04 14:17 PT,4.482
2026-11-04 14:18 PT,4.485
2026-11-04 14:19 PT,4.489
2026-11-04 14:20 PT,4.493
2026-11-04 14:21 PT,4.496
2026-11-04 14:22 PT,4.499
2026-11-04 14:23 PT,4.503
2026-11-04 14:24 PT,4.506
2026-11-04 14:25 PT,4.509
2026-11-04 14:26 PT,4.512
2026-11-04 14:27 PT,4.515
2026-11-04 14:28 PT,4.518
2026-11-04 14:29 PT,4.521
2026-11-04 14:30 PT,4.523
2026-11-04 14:31 PT,4.526
2026-11-04 14:32 PT,4.529
2026-11-04 14:33 PT,4.531
2026-11-04 14:34 PT,4.533
2026-11-04 14:35 PT,4.536
2026-11-04 14:36 PT,4.538
2026-11-04 14:37 PT,4.54
2026-11-04 14:38 PT,4.542
2026-11-04 14:39 PT,4.544
2026-11-04 14:40 PT,4.546
2026-11-04 14:41 PT,4.548
2026-11-04 14:42 PT,4.549
2026-11-04 14:43 PT,4.551
2026-11-04 14:44 PT,4.552
2026-11-04 14:45 PT,4.554
2026-11-04 14:46 PT,4.555
2026-11-04 14:47 PT,4.556
2026-11-04 14:48 PT,4.558
2026-11-04 14:49 PT,4.559
2026-11-04 14:50 PT,4.56
2026-11-04 14:51 PT,4.561
2026-11-04 14:52 PT,4.561
2026-11-04 14:53 PT,4.562
2026-11-04 14:54 PT,4.563
2026-11-04 14:55 PT,4.563
2026-11-04 14:56 PT,4.564
2026-11-04 14:57 PT,4.564
2026-11-04 14:58 PT,4.564
2026-11-04 14:59 PT,4.565
2026-11-04 15:00 PT,4.565
2026-11-04 15:01 PT,4.565
2026-11-04 15:02 PT,4.565
2026-11-04 15:03 PT,4.565
2026-11-04 15:04 PT,4.565
2026-11-04 15:05 PT,4.564
2026-11-04 15:06 PT,4.564
2026-11-04 15:07 PT,4.563
2026-11-04 15:08 PT,4.563
2026-11-04 15:09 PT,4.562
2026-11-04 15:10 PT,4.562
2026-11-04 15:11 PT,4.561
2026-11-04 15:12 PT,4.56
2026-11-04 15:13 PT,4.559
2026-11-04 15:14 PT,4.558
2026-11-04 15:15 PT,4.557
2026-11-04 15:16 PT,4.556
2026-11-04 15:17 PT,4.555
2026-11-04 15:18 PT,4.553
2026-11-04 15:19 PT,4.552
2026-11-04 15:20 PT,4.55
2026-11-04 15:21 PT,4.549
2026-11-04 15:22 PT,4.547
2026-11-04 15:23 PT,4.545
2026-11-04 15:24 PT,4.544
2026-11-04 15:25 PT,4.542
2026-11-04 15:26 PT,4.54
2026-11-04 15:27 PT,4.538
2026-11-04 15:28 PT,4.535
2026-11-04 15:29 PT,4.533
2026-11-04 15:30 PT,4.531
2026-11-04 15:31 PT,4.529
2026-11-04 15:32 PT,4.526
2026-11-04 15:33 PT,4.524
2026-11-04 15:34 PT,4.521
2026-11-04 15:35 PT,4.519
2026-11-04 15:36 PT,4.516
2026-11-04 15:37 PT,4.513
2026-11-04 15:38 PT,4.51
2026-11-04 15:39 PT,4.507
2026-11-04 15:40 PT,4.504
2026-11-04 15:41 PT,4.501
2026-11-04 15:42 PT,4.498
2026-11-04 15:43 PT,4.495
2026-11-04 15:44 PT,4.492
2026-11-04 15:45 PT,4.488
2026-11-04 15:46 PT,4.485
2026-11-04 15:47 PT,4.481
2026-11-04 15:48 PT,4.478
2026-11-04 15:49 PT,4.474
2026-11-04 15:50 PT,4.47
2026-11-04 15:51 PT,4.467
2026-11-04 15:52 PT,4.463
2026-11-04 15:53 PT,4.459
2026-11-04 15:54 PT,4.455
2026-11-04 15:55 PT,4.451
2026-11-04 15:56 PT,4.447
2026-11-04 15:57 PT,4.443
2026-11-04 15:58 PT,4.439
2026-11-04 15:59 PT,4.434
2026-11-04 16:00 PT,4.43
2026-11-04 16:01 PT,4.426
2026-11-04 16:02 PT,4.421
2026-11-04 16:03 PT,4.417
2026-11-04 16:04 PT,4.412
2026-11-04 16:05 PT,4.408
2026-11-04 16:06 PT,4.403
2026-11-04 16:07 PT,4.398
2026-11-04 16:08 PT,4.393
2026-11-04 16:09 PT,4.388
2026-11-04 16:10 PT,4.384
2026-11-04 16:11 PT,4.379
2026-11-04 16:12 PT,4.374
2026-11-04 16:13 PT,4.368
2026-11-04 16:14 PT,4.363
2026-11-04 16:15 PT,4.358
2026-11-04 16:16 PT,4.353
2026-11-04 16:17 PT,4.348
2026-11-04 16:18 PT,4.342
2026-11-04 16:19 PT,4.337
2026-11-04 16:20 PT,4.331
2026-11-04 16:21 PT,4.326
2026-11-04 16:22 PT,4.32
2026-11-04 16:23 PT,4.315
2026-11-04 16:24 PT,4.309
2026-11-04 16:25 PT,4.303
2026-11-04 16:26 PT,4.298
2026-11-04 16:27 PT,4.292
2026-11-04 16:28 PT,4.286
2026-11-04 16:29 PT,4.28
2026-11-04 16:30 PT,4.274
2026-11-04 16:31 PT,4.268
2026-11-04 16:32 PT,4.262
2026-11-04 16:33 PT,4.256
2026-11-04 16:34 PT,4.25
2026-11-04 16:35 PT,4.244
2026-11-04 16:36 PT,4.238
2026-11-04 16:37 PT,4.231
2026-11-04 16:38 PT,4.225
2026-11-04 16:39 PT,4.219
2026-11-04 16:40 PT,4.212
2026-11-04 16:41 PT,4.206
2026-11-04 16:42 PT,4.199
2026-11-04 16:43 PT,4.193
2026-11-04 16:44 PT,4.186
2026-11-04 16:45 PT,4.18
2026-11-04 16:46 PT,4.173
2026-11-04 16:47 PT,4.166
2026-11-04 16:48 PT,4.16
2026-11-04 16:49 PT,4.153
2026-11-04 16:50 PT,4.146
2026-11-04 16:51 PT,4.139
2026-11-04 16:52 PT,4.132
2026-11-04 16:53 PT,4.126
2026-11-04 16:54 PT,4.119
2026-11-04 16:55 PT,4.112
2026-11-04 16:56 PT,4.105
2026-11-04 16:57 PT,4.098
2026-11-04 16:58 PT,4.091
2026-11-04 16:59 PT,4.083
2026-11-04 17:00 PT,4.076
2026-11-04 17:01 PT,4.069
2026-11-04 17:02 PT,4.062
2026-11-04 17:03 PT,4.055
2026-11-04 17:04 PT,4.047
2026-11-04 17:05 PT,4.04
2026-11-04 17:06 PT,4.033
2026-11-04 17:07 PT,4.025
2026-11-04 17:08 PT,4.018
2026-11-04 17:09 PT,4.01
2026-11-04 17:10 PT,4.003
2026-11-04 17:11 PT,3.995
2026-11-04 17:12 PT,3.988
2026-11-04 17:13 PT,3.98
2026-11-04 17:14 PT,3.973
2026-11-04 17:15 PT,3.965
2026-11-04 17:16 PT,3.957
2026-11-04 17:17 PT,3.95
2026-11-04 17:18 PT,3.942
2026-11-04 17:19 PT,3.934
2026-11-04 17:20 PT,3.926
2026-11-04 17:21 PT,3.919
2026-11-04 17:22 PT,3.911
2026-11-04 17:23 PT,3.903
2026-11-04 17:24 PT,3.895
2026-11-04 17:25 PT,3.887
2026-11-04 17:26 PT,3.879
2026-11-04 17:27 PT,3.871
2026-11-04 17:28 PT,3.863
2026-11-04 17:29 PT,3.855
2026-11-04 17:30 PT,3.847
2026-11-04 17:31 PT,3.839
2026-11-04 17:32 PT,3.831
2026-11-04 17:33 PT,3.822
2026-11-04 17:34 PT,3.814
2026-11-04 17:35 PT,3.806
2026-11-04 17:36 PT,3.798
2026-11-04 17:37 PT,3.79
2026-11-04 17:38 PT,3.781
2026-11-04 17:39 PT,3.773
2026-11-04 17:40 PT,3.765
2026-11-04 17:41 PT,3.756
2026-11-04 17:42 PT,3.748
2026-11-04 17:43 PT,3.739
2026-11-04 17:44 PT,3.731
2026-11-04 17:45 PT,3.722
2026-11-04 17:46 PT,3.714
2026-11-04 17:47 PT,3.705
2026-11-04 17:48 PT,3.697
2026-11-04 17:49 PT,3.688
2026-11-04 17:50 PT,3.68
2026-11-04 17:51 PT,3.671
2026-11-04 17:52 PT,3.662
2026-11-04 17:53 PT,3.654
2026-11-04 17:54 PT,3.645
2026-11-04 17:55 PT,3.636
2026-11-04 17:56 PT,3.628
2026-11-04 17:57 PT,3.619
2026-11-04 17:58 PT,3.61
2026-11-04 17:59 PT,3.601
2026-11-04 18:00 PT,3.592
2026-11-04 18:01 PT,3.584
2026-11-04 18:02 PT,3.575
2026-11-04 18:03 PT,3.566
2026-11-04 18:04 PT,3.557
2026-11-04 18:05 PT,3.548
2026-11-04 18:06 PT,3.539
2026-11-04 18:07 PT,3.53
2026-11-04 18:08 PT,3.521
2026-11-04 18:09 PT,3.512
2026-11-04 18:10 PT,3.503
2026-11-04 18:11 PT,3.494
2026-11-04 18:12 PT,3.485
2026-11-04 18:13 PT,3.475
2026-11-04 18:14 PT,3.466
2026-11-04 18:15 PT,3.457
2026-11-04 18:16 PT,3.448
2026-11-04 18:17 PT,3.439
2026-11-04 18:18 PT,3.429
2026-11-04 18:19 PT,3.42
2026-11-04 18:20 PT,3.411
2026-11-04 18:21 PT,3.402
2026-11-04 18:22 PT,3.392
2026-11-04 18:23 PT,3.383
2026-11-04 18:24 PT,3.374
2026-11-04 18:25 PT,3.364
2026-11-04 18:26 PT,3.355
2026-11-04 18:27 PT,3.345
2026-11-04 18:28 PT,3.336
2026-11-04 18:29 PT,3.326
2026-11-04 18:30 PT,3.317
2026-11-04 18:31 PT,3.308
2026-11-04 18:32 PT,3.298
2026-11-04 18:33 PT,3.289
2026-11-04 18:34 PT,3.279
2026-11-04 18:35 PT,3.269
2026-11-04 18:36 PT,3.26
2026-11-04 18:37 PT,3.25
2026-11-04 18:38 PT,3.241
2026-11-04 18:39 PT,3.231
2026-11-04 18:40 PT,3.221
2026-11-04 18:41 PT,3.212
2026-11-04 18:42 PT,3.202
2026-11-04 18:43 PT,3.192
2026-11-04 18:44 PT,3.183
2026-11-04 18:45 PT,3.173
2026-11-04 18:46 PT,3.163
2026-11-04 18:47 PT,3.154
2026-11-04 18:48 PT,3.144
2026-11-04 18:49 PT,3.134
2026-11-04 18:50 PT,3.124
2026-11-04 18:51 PT,3.115
2026-11-04 18:52 PT,3.105
2026-11-04 18:53 PT,3.095
2026-11-04 18:54 PT,3.085
2026-11-04 18:55 PT,3.075
2026-11-04 18:56 PT,3.066
2026-11-04 18:57 PT,3.056
2026-11-04 18:58 PT,3.046
2026-11-04 18:59 PT,3.036
2026-11-04 19:00 PT,3.026
2026-11-04 19:01 PT,3.017
2026-11-04 19:02 PT,3.007
2026-11-04 19:03 PT,2.997
2026-11-04 19:04 PT,2.987
2026-11-04 19:05 PT,2.977
2026-11-04 19:06 PT,2.967
2026-11-04 19:07 PT,2.957
2026-11-04 19:08 PT,2.948
2026-11-04 19:09 PT,2.938
2026-11-04 19:10 PT,2.928
2026-11-04 19:11 PT,2.918
2026-11-04 19:12 PT,2.908
2026-11-04 19:13 PT,2.898
2026-11-04 19:14 PT,2.889
2026-11-04 19:15 PT,2.879
2026-11-04 19:16 PT,2.869
2026-11-04 19:17 PT,2.859
2026-11-04 19:18 PT,2.849
2026-11-04 19:19 PT,2.84
2026-11-04 19:20 PT,2.83
2026-11-04 19:21 PT,2.82
2026-11-04 19:22 PT,2.81
2026-11-04 19:23 PT,2.8
2026-11-04 19:24 PT,2.791
2026-11-04 19:25 PT,2.781
2026-11-04 19:26 PT,2.771
2026-11-04 19:27 PT,2.762
2026-11-04 19:28 PT,2.752
2026-11-04 19:29 PT,2.742
2026-11-04 19:30 PT,2.733
2026-11-04 19:31 PT,2.723
2026-11-04 19:32 PT,2.713
2026-11-04 19:33 PT,2.704
2026-11-04 19:34 PT,2.694
2026-11-04 19:35 PT,2.685
2026-11-04 19:36 PT,2.675
2026-11-04 19:37 PT,2.666
2026-11-04 19:38 PT,2.656
2026-11-04 19:39 PT,2.647
2026-11-04 19:40 PT,2.637
2026-11-04 19:41 PT,2.628
2026-11-04 19:42 PT,2.618
2026-11-04 19:43 PT,2.609
2026-11-04 19:44 PT,2.6
2026-11-04 19:45 PT,2.59
2026-11-04 19:46 PT,2.581
2026-11-04 19:47 PT,2.572
2026-11-04 19:48 PT,2.563
2026-11-04 19:49 PT,2.554
2026-11-04 19:50 PT,2.545
2026-11-04 19:51 PT,2.535
2026-11-04 19:52 PT,2.526
2026-11-04 19:53 PT,2.517
2026-11-04 19:54 PT,2.508
2026-11-04 19:55 PT,2.5
2026-11-04 19:56 PT,2.491
2026-11-04 19:57 PT,2.482
2026-11-04 19:58 PT,2.473
2026-11-04 19:59 PT,2.464
2026-11-04 20:00 PT,2.456
2026-11-04 20:01 PT,2.447
2026-11-04 20:02 PT,2.438
2026-11-04 20:03 PT,2.43
2026-11-04 20:04 PT,2.421
2026-11-04 20:05 PT,2.413
2026-11-04 20:06 PT,2.404
2026-11-04 20:07 PT,2.396
2026-11-04 20:08 PT,2.388
2026-11-04 20:09 PT,2.379
2026-11-04 20:10 PT,2.371
2026-11-04 20:11 PT,2.363
2026-11-04 20:12 PT,2.355
2026-11-04 20:13 PT,2.347
2026-11-04 20:14 PT,2.339
2026-11-04 20:15 PT,2.331
2026-11-04 20:16 PT,2.323
2026-11-04 20:17 PT,2.315
2026-11-04 20:18 PT,2.308
2026-11-04 20:19 PT,2.3
2026-11-04 20:20 PT,2.292
2026-11-04 20:21 PT,2.285
2026-11-04 20:22 PT,2.277
2026-11-04 20:23 PT,2.27
2026-11-04 20:24 PT,2.263
2026-11-04 20:25 PT,2.255
2026-11-04 20:26 PT,2.248
2026-11-04 20:27 PT,2.241
2026-11-04 20:28 PT,2.234
2026-11-04 20:29 PT,2.227
2026-11-04 20:30 PT,2.22
2026-11-04 20:31 PT,2.213
2026-11-04 20:32 PT,2.207
2026-11-04 20:33 PT,2.2
2026-11-04 20:34 PT,2.193
2026-11-04 20:35 PT,2.187
2026-11-04 20:36 PT,2.18
2026-11-04 20:37 PT,2.174
2026-11-04 20:38 PT,2.167
2026-11-04 20:39 PT,2.161
2026-11-04 20:40 PT,2.155
2026-11-04 20:41 PT,2.149
2026-11-04 20:42 PT,2.143
2026-11-04 20:43 PT,2.137
2026-11-04 20:44 PT,2.131
2026-11-04 20:45 PT,2.125
2026-11-04 20:46 PT,2.12
2026-11-04 20:47 PT,2.114
2026-11-04 20:48 PT,2.109
2026-11-04 20:49 PT,2.103
2026-11-04 20:50 PT,2.098
2026-11-04 20:51 PT,2.093
2026-11-04 20:52 PT,2.087
2026-11-04 20:53 PT,2.082
2026-11-04 20:54 PT,2.077
2026-11-04 20:55 PT,2.072
2026-11-04 20:56 PT,2.068
2026-11-04 20:57 PT,2.063
2026-11-04 20:58 PT,2.058
2026-11-04 20:59 PT,2.054
2026-11-04 21:00 PT,2.049
2026-11-04 21:01 PT,2.045
2026-11-04 21:02 PT,2.04
2026-11-04 21:03 PT,2.036
2026-11-04 21:04 PT,2.032
2026-11-04 21:05 PT,2.028
2026-11-04 21:06 PT,2.024
2026-11-04 21:07 PT,2.02
2026-11-04 21:08 PT,2.016
2026-11-04 21:09 PT,2.013
2026-11-04 21:10 PT,2.009
2026-11-04 21:11 PT,2.006
2026-11-04 21:12 PT,2.002
2026-11-04 21:13 PT,1.999
2026-11-04 21:14 PT,1.996
2026-11-04 21:15 PT,1.993
2026-11-04 21:16 PT,1.989
2026-11-04 21:17 PT,1.986
2026-11-04 21:18 PT,1.984
2026-11-04 21:19 PT,1.981
2026-11-04 21:20 PT,1.978
2026-11-04 21:21 PT,1.976
2026-11-04 21:22 PT,1.973
2026-11-04 21:23 PT,1.971
2026-11-04 21:24 PT,1.968
2026-11-04 21:25 PT,1.966
2026-11-04 21:26 PT,1.964
2026-11-04 21:27 PT,1.962
2026-11-04 21:28 PT,1.96
2026-11-04 21:29 PT,1.958
2026-11-04 21:30 PT,1.956
2026-11-04 21:31 PT,1.955
2026-11-04 21:32 PT,1.953
2026-11-04 21:33 PT,1.951
2026-11-04 21:34 PT,1.95
2026-11-04 21:35 PT,1.949
2026-11-04 21:36 PT,1.947
2026-11-04 21:37 PT,1.946
2026-11-04 21:38 PT,1.945
2026-11-04 21:39 PT,1.944
2026-11-04 21:40 PT,1.943
2026-11-04 21:41 PT,1.942
2026-11-04 21:42 PT,1.942
2026-11-04 21:43 PT,1.941
2026-11-04 21:44 PT,1.941
2026-11-04 21:45 PT,1.94
2026-11-04 21:46 PT,1.94
2026-11-04 21:47 PT,1.939
2026-11-04 21:48 PT,1.939
2026-11-04 21:49 PT,1.939
2026-11-04 21:50 PT,1.939
2026-11-04 21:51 PT,1.939
2026-11-04 21:52 PT,1.939
2026-11-04 21:53 PT,1.939
2026-11-04 21:54 PT,1.94
2026-11-04 21:55 PT,1.94
2026-11-04 21:56 PT,1.94
2026-11-04 21:57 PT,1.941
2026-11-04 21:58 PT,1.942
2026-11-04 21:59 PT,1.942
2026-11-04 22:00 PT,1.943
2026-11-04 22:01 PT,1.944
2026-11-04 22:02 PT,1.945
2026-11-04 22:03 PT,1.946
2026-11-04 22:04 PT,1.947
2026-11-04 22:05 PT,1.948
2026-11-04 22:06 PT,1.949
2026-11-04 22:07 PT,1.951
2026-11-04 22:08 PT,1.952
2026-11-04 22:09 PT,1.954
2026-11-04 22:10 PT,1.955
2026-11-04 22:11 PT,1.957
2026-11-04 22:12 PT,1.958
2026-11-04 22:13 PT,1.96
2026-11-04 22:14 PT,1.962
2026-11-04 22:15 PT,1.964
2026-11-04 22:16 PT,1.966
2026-11-04 22:17 PT,1.968
2026-11-04 22:18 PT,1.97
2026-11-04 22:19 PT,1.972
2026-11-04 22:20 PT,1.975
2026-11-04 22:21 PT,1.977
2026-11-04 22:22 PT,1.979
2026-11-04 22:23 PT,1.982
2026-11-04 22:24 PT,1.984
2026-11-04 22:25 PT,1.987
2026-11-04 22:26 PT,1.99
2026-11-04 22:27 PT,1.992
2026-11-04 22:28 PT,1.995
2026-11-04 22:29 PT,1.998
2026-11-04 22:30 PT,2.001
2026-11-04 22:31 PT,2.004
2026-11-04 22:32 PT,2.007
2026-11-04 22:33 PT,2.01
2026-11-04 22:34 PT,2.013
2026-11-04 22:35 PT,2.016
2026-11-04 22:36 PT,2.02
2026-11-04 22:37 PT,2.023
2026-11-04 22:38 PT,2.026
2026-11-04 22:39 PT,2.03
2026-11-04 22:40 PT,2.033
2026-11-04 22:41 PT,2.037
2026-11-04 22:42 PT,2.041
2026-11-04 22:43 PT,2.044
2026-11-04 22:44 PT,2.048
2026-11-04 22:45 PT,2.052
2026-11-04 22:46 PT,2.056
2026-11-04 22:47 PT,2.06
2026-11-04 22:48 PT,2.064
2026-11-04 22:49 PT,2.068
2026-11-04 22:50 PT,2.072
2026-11-04 22:51 PT,2.076
2026-11-04 22:52 PT,2.08
2026-11-04 22:53 PT,2.084
2026-11-04 22:54 PT,2.088
2026-11-04 22:55 PT,2.093
2026-11-04 22:56 PT,2.097
2026-11-04 22:57 PT,2.101
2026-11-04 22:58 PT,2.106
2026-11-04 22:59 PT,2.11
2026-11-04 23:00 PT,2.115
2026-11-04 23:01 PT,2.12
2026-11-04 23:02 PT,2.124
2026-11-04 23:03 PT,2.129
2026-11-04 23:04 PT,2.134
2026-11-04 23:05 PT,2.138
2026-11-04 23:06 PT,2.143
2026-11-04 23:07 PT,2.148
2026-11-04 23:08 PT,2.153
2026-11-04 23:09 PT,2.158
2026-11-04 23:10 PT,2.163
2026-11-04 23:11 PT,2.168
2026-11-04 23:12 PT,2.173
2026-11-04 23:13 PT,2.178
2026-11-04 23:14 PT,2.183
2026-11-04 23:15 PT,2.189
2026-11-04 23:16 PT,2.194
2026-11-04 23:17 PT,2.199
2026-11-04 23:18 PT,2.204
2026-11-04 23:19 PT,2.21
2026-11-04 23:20 PT,2.215
2026-11-04 23:21 PT,2.22
2026-11-04 23:22 PT,2.226
2026-11-04 23:23 PT,2.231
2026-11-04 23:24 PT,2.237
2026-11-04 23:25 PT,2.242
2026-11-04 23:26 PT,2.248
2026-11-04 23:27 PT,2.254
2026-11-04 23:28 PT,2.259
2026-11-04 23:29 PT,2.265
2026-11-04 23:30 PT,2.271
2026-11-04 23:31 PT,2.277
2026-11-04 23:32 PT,2.282
2026-11-04 23:33 PT,2.288
2026-11-04 23:34 PT,2.294
2026-11-04 23:35 PT,2.3
2026-11-04 23:36 PT,2.306
2026-11-04 23:37 PT,2.312
2026-11-04 23:38 PT,2.318
2026-11-04 23:39 PT,2.324
2026-11-04 23:40 PT,2.33
2026-11-04 23:41 PT,2.336
2026-11-04 23:42 PT,2.342
2026-11-04 23:43 PT,2.348
2026-11-04 23:44 PT,2.354
2026-11-04 23:45 PT,2.36
2026-11-04 23:46 PT,2.366
2026-11-04 23:47 PT,2.373
2026-11-04 23:48 PT,2.379
2026-11-04 23:49 PT,2.385
2026-11-04 23:50 PT,2.391
2026-11-04 23:51 PT,2.398
2026-11-04 23:52 PT,2.404
2026-11-04 23:53 PT,2.41
2026-11-04 23:54 PT,2.417
2026-11-04 23:55 PT,2.423
2026-11-04 23:56 PT,2.43
2026-11-04 23:57 PT,2.436
2026-11-04 23:58 PT,2.443
2026-11-04 23:59 PT,2.449
2026-11-05 00:00 PT,2.456
2026-11-05 00:01 PT,2.462
2026-11-05 00:02 PT,2.469
2026-11-05 00:03 PT,2.475
2026-11-05 00:04 PT,2.482
2026-11-05 00:05 PT,2.488
2026-11-05 00:06 PT,2.495
2026-11-05 00:07 PT,2.502
2026-11-05 00:08 PT,2.508
2026-11-05 00:09 PT,2.515
2026-11-05 00:10 PT,2.522
2026-11-05 00:11 PT,2.528
2026-11-05 00:12 PT,2.535
2026-11-05 00:13 PT,2.542
2026-11-05 00:14 PT,2.549
2026-11-05 00:15 PT,2.555
2026-11-05 00:16 PT,2.562
2026-11-05 00:17 PT,2.569
2026-11-05 00:18 PT,2.576
2026-11-05 00:19 PT,2.583
2026-11-05 00:20 PT,2.589
2026-11-05 00:21 PT,2.596
2026-11-05 00:22 PT,2.603
2026-11-05 00:23 PT,2.61
2026-11-05 00:24 PT,2.617
2026-11-05 00:25 PT,2.624
2026-11-05 00:26 PT,2.631
2026-11-05 00:27 PT,2.638
2026-11-05 00:28 PT,2.644
2026-11-05 00:29 PT,2.651
2026-11-05 00:30 PT,2.658
2026-11-05 00:31 PT,2.665
2026-11-05 00:32 PT,2.672
2026-11-05 00:33 PT,2.679
2026-11-05 00:34 PT,2.686
2026-11-05 00:35 PT,2.693
2026-11-05 00:36 PT,2.7
2026-11-05 00:37 PT,2.707
2026-11-05 00:38 PT,2.714
2026-11-05 00:39 PT,2.721
2026-11-05 00:40 PT,2.728
2026-11-05 00:41 PT,2.735
2026-11-05 00:42 PT,2.742
2026-11-05 00:43 PT,2.749
2026-11-05 00:44 PT,2.756
2026-11-05 00:45 PT,2.763
2026-11-05 00:46 PT,2.77
2026-11-05 00:47 PT,2.777
2026-11-05 00:48 PT,2.784
2026-11-05 00:49 PT,2.791
2026-11-05 00:50 PT,2.798
2026-11-05 00:51 PT,2.805
2026-11-05 00:52 PT,2.812
2026-11-05 00:53 PT,2.819
2026-11-05 00:54 PT,2.826
2026-11-05 00:55 PT,2.833
2026-11-05 00:56 PT,2.84
2026-11-05 00:57 PT,2.847
2026-11-05 00:58 PT,2.854
2026-11-05 00:59 PT,2.861
2026-11-05 01:00 PT,2.868
2026-11-05 01:01 PT,2.875
2026-11-05 01:02 PT,2.882
2026-11-05 01:03 PT,2.889
2026-11-05 01:04 PT,2.896
2026-11-05 01:05 PT,2.903
2026-11-05 01:06 PT,2.91
2026-11-05 01:07 PT,2.917
2026-11-05 01:08 PT,2.924
2026-11-05 01:09 PT,2.931
2026-11-05 01:10 PT,2.937
2026-11-05 01:11 PT,2.944
2026-11-05 01:12 PT,2.951
2026-11-05 01:13 PT,2.958
2026-11-05 01:14 PT,2.965
2026-11-05 01:15 PT,2.972
2026-11-05 01:16 PT,2.979
2026-11-05 01:17 PT,2.985
2026-11-05 01:18 PT,2.992
2026-11-05 01:19 PT,2.999
2026-11-05 01:20 PT,3.006
2026-11-05 01:21 PT,3.012
2026-11-05 01:22 PT,3.019
2026-11-05 01:23 PT,3.026
2026-11-05 01:24 PT,3.033
2026-11-05 01:25 PT,3.039
2026-11-05 01:26 PT,3.046
2026-11-05 01:27 PT,3.053
2026-11-05 01:28 PT,3.059
2026-11-05 01:29 PT,3.066
2026-11-05 01:30 PT,3.072
2026-11-05 01:31 PT,3.079
2026-11-05 01:32 PT,3.085
2026-11-05 01:33 PT,3.092
2026-11-05 01:34 PT,3.098
2026-11-05 01:35 PT,3.105
2026-11-05 01:36 PT,3.111
2026-11-05 01:37 PT,3.118
2026-11-05 01:38 PT,3.124
2026-11-05 01:39 PT,3.131
2026-11-05 01:40 PT,3.137
2026-11-05 01:41 PT,3.143
2026-11-05 01:42 PT,3.15
2026-11-05 01:43 PT,3.156
2026-11-05 01:44 PT,3.162
2026-11-05 01:45 PT,3.168
2026-11-05 01:46 PT,3.174
2026-11-05 01:47 PT,3.181
2026-11-05 01:48 PT,3.187
2026-11-05 01:49 PT,3.193
2026-11-05 01:50 PT,3.199
2026-11-05 01:51 PT,3.205
2026-11-05 01:52 PT,3.211
2026-11-05 01:53 PT,3.217
2026-11-05 01:54 PT,3.223
2026-11-05 01:55 PT,3.229
2026-11-05 01:56 PT,3.235
2026-11-05 01:57 PT,3.24
2026-11-05 01:58 PT,3.246
2026-11-05 01:59 PT,3.252
2026-11-05 02:00 PT,3.258
2026-11-05 02:01 PT,3.263
2026-11-05 02:02 PT,3.269
2026-11-05 02:03 PT,3.275
2026-11-05 02:04 PT,3.28
2026-11-05 02:05 PT,3.286
2026-11-05 02:06 PT,3.291
2026-11-05 02:07 PT,3.297
2026-11-05 02:08 PT,3.302
2026-11-05 02:09 PT,3.308
2026-11-05 02:10 PT,3.313
2026-11-05 02:11 PT,3.318
2026-11-05 02:12 PT,3.324
2026-11-05 02:13 PT,3.329
2026-11-05 02:14 PT,3.334
2026-11-05 02:15 PT,3.339
2026-11-05 02:16 PT,3.344
2026-11-05 02:17 PT,3.349
2026-11-05 02:18 PT,3.354
2026-11-05 02:19 PT,3.359
2026-11-05 02:20 PT,3.364
2026-11-05 02:21 PT,3.369
2026-11-05 02:22 PT,3.374
2026-11-05 02:23 PT,3.379
2026-11-05 02:24 PT,3.383
2026-11-05 02:25 PT,3.388
2026-11-05 02:26 PT,3.393
2026-11-05 02:27 PT,3.397
2026-11-05 02:28 PT,3.402
2026-11-05 02:29 PT,3.406
2026-11-05 02:30 PT,3.411
2026-11-05 02:31 PT,3.415
2026-11-05 02:32 PT,3.42
2026-11-05 02:33 PT,3.424
2026-11-05 02:34 PT,3.428
2026-11-05 02:35 PT,3.432
2026-11-05 02:36 PT,3.437
2026-11-05 02:37 PT,3.441
2026-11-05 02:38 PT,3.445
2026-11-05 02:39 PT,3.449
2026-11-05 02:40 PT,3.453
2026-11-05 02:41 PT,3.457
2026-11-05 02:42 PT,3.461
2026-11-05 02:43 PT,3.464
2026-11-05 02:44 PT,3.468
2026-11-05 02:45 PT,3.472
2026-11-05 02:46 PT,3.475
2026-11-05 02:47 PT,3.479
2026-11-05 02:48 PT,3.482
2026-11-05 02:49 PT,3.486
2026-11-05 02:50 PT,3.489
2026-11-05 02:51 PT,3.493
2026-11-05 02:52 PT,3.496
2026-11-05 02:53 PT,3.499
2026-11-05 02:54 PT,3.502
2026-11-05 02:55 PT,3.506
2026-11-05 02:56 PT,3.509
2026-11-05 02:57 PT,3.512
2026-11-05 02:58 PT,3.515
2026-11-05 02:59 PT,3.517
2026-11-05 03:00 PT,3.52
2026-11-05 03:01 PT,3.523
2026-11-05 03:02 PT,3.526
2026-11-05 03:03 PT,3.529
2026-11-05 03:04 PT,3.531
2026-11-05 03:05 PT,3.534
2026-11-05 03:06 PT,3.536
2026-11-05 03:07 PT,3.539
2026-11-05 03:08 PT,3.541
2026-11-05 03:09 PT,3.543
2026-11-05 03:10 PT,3.546
2026-11-05 03:11 PT,3.548
2026-11-05 03:12 PT,3.55
2026-11-05 03:13 PT,3.552
2026-11-05 03:14 PT,3.554
2026-11-05 03:15 PT,3.556
2026-11-05 03:16 PT,3.558
2026-11-05 03:17 PT,3.56
2026-11-05 03:18 PT,3.561
2026-11-05 03:19 PT,3.563
2026-11-05 03:20 PT,3.565
2026-11-05 03:21 PT,3.566
2026-11-05 03:22 PT,3.568
2026-11-05 03:23 PT,3.569
2026-11-05 03:24 PT,3.571
2026-11-05 03:25 PT,3.572
2026-11-05 03:26 PT,3.573
2026-11-05 03:27 PT,3.574
2026-11-05 03:28 PT,3.576
2026-11-05 03:29 PT,3.577
2026-11-05 03:30 PT,3.578
2026-11-05 03:31 PT,3.579
2026-11-05 03:32 PT,3.579
2026-11-05 03:33 PT,3.58
2026-11-05 03:34 PT,3.581
2026-11-05 03:35 PT,3.582
2026-11-05 03:36 PT,3.582
2026-11-05 03:37 PT,3.583
2026-11-05 03:38 PT,3.583
2026-11-05 03:39 PT,3.584
2026-11-05 03:40 PT,3.584
2026-11-05 03:41 PT,3.585
2026-11-05 03:42 PT,3.585
2026-11-05 03:43 PT,3.585
2026-11-05 03:44 PT,3.585
2026-11-05 03:45 PT,3.585
2026-11-05 03:46 PT,3.585
2026-11-05 03:47 PT,3.585
2026-11-05 03:48 PT,3.585
2026-11-05 03:49 PT,3.585
2026-11-05 03:50 PT,3.585
2026-11-05 03:51 PT,3.585
2026-11-05 03:52 PT,3.584
2026-11-05 03:53 PT,3.584
2026-11-05 03:54 PT,3.583
2026-11-05 03:55 PT,3.583
2026-11-05 03:56 PT,3.582
2026-11-05 03:57 PT,3.581
2026-11-05 03:58 PT,3.581
2026-11-05 03:59 PT,3.58
2026-11-05 04:00 PT,3.579
2026-11-05 04:01 PT,3.578
2026-11-05 04:02 PT,3.577
2026-11-05 04:03 PT,3.576
2026-11-05 04:04 PT,3.575
2026-11-05 04:05 PT,3.574
2026-11-05 04:06 PT,3.573
2026-11-05 04:07 PT,3.571
2026-11-05 04:08 PT,3.57
2026-11-05 04:09 PT,3.569
2026-11-05 04:10 PT,3.567
2026-11-05 04:11 PT,3.566
2026-11-05 04:12 PT,3.564
2026-11-05 04:13 PT,3.563
2026-11-05 04:14 PT,3.561
2026-11-05 04:15 PT,3.559
2026-11-05 04:16 PT,3.557
2026-11-05 04:17 PT,3.556
2026-11-05 04:18 PT,3.554
2026-11-05 04:19 PT,3.552
2026-11-05 04:20 PT,3.55
2026-11-05 04:21 PT,3.548
2026-11-05 04:22 PT,3.546
2026-11-05 04:23 PT,3.543
2026-11-05 04:24 PT,3.541
2026-11-05 04:25 PT,3.539
2026-11-05 04:26 PT,3.537
2026-11-05 04:27 PT,3.534
2026-11-05 04:28 PT,3.532
2026-11-05 04:29 PT,3.529
2026-11-05 04:30 PT,3.527
2026-11-05 04:31 PT,3.524
2026-11-05 04:32 PT,3.521
2026-11-05 04:33 PT,3.519
2026-11-05 04:34 PT,3.516
2026-11-05 04:35 PT,3.513
2026-11-05 04:36 PT,3.51
2026-11-05 04:37 PT,3.507
2026-11-05 04:38 PT,3.504
2026-11-05 04:39 PT,3.501
2026-11-05 04:40 PT,3.498
2026-11-05 04:41 PT,3.495
2026-11-05 04:42 PT,3.492
2026-11-05 04:43 PT,3.489
2026-11-05 04:44 PT,3.486
2026-11-05 04:45 PT,3.482
2026-11-05 04:46 PT,3.479
2026-11-05 04:47 PT,3.476
2026-11-05 04:48 PT,3.472
2026-11-05 04:49 PT,3.469
2026-11-05 04:50 PT,3.465
2026-11-05 04:51 PT,3.462
2026-11-05 04:52 PT,3.458
2026-11-05 04:53 PT,3.454
2026-11-05 04:54 PT,3.451
2026-11-05 04:55 PT,3.447
2026-11-05 04:56 PT,3.443
2026-11-05 04:57 PT,3.439
2026-11-05 04:58 PT,3.436
2026-11-05 04:59 PT,3.432
2026-11-05 05:00 PT,3.428
2026-11-05 05:01 PT,3.424
2026-11-05 05:02 PT,3.42
2026-11-05 05:03 PT,3.416
2026-11-05 05:04 PT,3.412
2026-11-05 05:05 PT,3.407
2026-11-05 05:06 PT,3.403
2026-11-05 05:07 PT,3.399
2026-11-05 05:08 PT,3.395
2026-11-05 05:09 PT,3.391
2026-11-05 05:10 PT,3.386
2026-11-05 05:11 PT,3.382
2026-11-05 05:12 PT,3.378
2026-11-05 05:13 PT,3.373
2026-11-05 05:14 PT,3.369
2026-11-05 05:15 PT,3.364
2026-11-05 05:16 PT,3.36
2026-11-05 05:17 PT,3.355
2026-11-05 05:18 PT,3.351
2026-11-05 05:19 PT,3.346
2026-11-05 05:20 PT,3.341
2026-11-05 05:21 PT,3.337
2026-11-05 05:22 PT,3.332
2026-11-05 05:23 PT,3.327
2026-11-05 05:24 PT,3.322
2026-11-05 05:25 PT,3.318
2026-11-05 05:26 PT,3.313
2026-11-05 05:27 PT,3.308
2026-11-05 05:28 PT,3.303
2026-11-05 05:29 PT,3.298
2026-11-05 05:30 PT,3.293
2026-11-05 05:31 PT,3.288
2026-11-05 05:32 PT,3.283
2026-11-05 05:33 PT,3.278
2026-11-05 05:34 PT,3.273
2026-11-05 05:35 PT,3.268
2026-11-05 05:36 PT,3.263
2026-11-05 05:37 PT,3.258
2026-11-05 05:38 PT,3.253
2026-11-05 05:39 PT,3.248
2026-11-05 05:40 PT,3.243
2026-11-05 05:41 PT,3.237
2026-11-05 05:42 PT,3.232
2026-11-05 05:43 PT,3.227
2026-11-05 05:44 PT,3.222
2026-11-05 05:45 PT,3.216
2026-11-05 05:46 PT,3.211
2026-11-05 05:47 PT,3.206
2026-11-05 05:48 PT,3.2
2026-11-05 05:49 PT,3.195
2026-11-05 05:50 PT,3.19
2026-11-05 05:51 PT,3.184
2026-11-05 05:52 PT,3.179
2026-11-05 05:53 PT,3.174
2026-11-05 05:54 PT,3.168
2026-11-05 05:55 PT,3.163
2026-11-05 05:56 PT,3.157
2026-11-05 05:57 PT,3.152
2026-11-05 05:58 PT,3.146
2026-11-05 05:59 PT,3.141
2026-11-05 06:00 PT,3.135
2026-11-05 06:01 PT,3.13
2026-11-05 06:02 PT,3.124
2026-11-05 06:03 PT,3.118
2026-11-05 06:04 PT,3.113
2026-11-05 06:05 PT,3.107
2026-11-05 06:06 PT,3.102
2026-11-05 06:07 PT,3.096
2026-11-05 06:08 PT,3.09
2026-11-05 06:09 PT,3.085
2026-11-05 06:10 PT,3.079
2026-11-05 06:11 PT,3.073
2026-11-05 06:12 PT,3.068
2026-11-05 06:13 PT,3.062
2026-11-05 06:14 PT,3.056
2026-11-05 06:15 PT,3.051
2026-11-05 06:16 PT,3.045
2026-11-05 06:17 PT,3.039
2026-11-05 06:18 PT,3.033
2026-11-05 06:19 PT,3.028
2026-11-05 06:20 PT,3.022
2026-11-05 06:21 PT,3.016
2026-11-05 06:22 PT,3.01
2026-11-05 06:23 PT,3.004
2026-11-05 06:24 PT,2.999
2026-11-05 06:25 PT,2.993
2026-11-05 06:26 PT,2.987
2026-11-05 06:27 PT,2.981
2026-11-05 06:28 PT,2.975
2026-11-05 06:29 PT,2.97
2026-11-05 06:30 PT,2.964
2026-11-05 06:31 PT,2.958
2026-11-05 06:32 PT,2.952
2026-11-05 06:33 PT,2.946
2026-11-05 06:34 PT,2.94
2026-11-05 06:35 PT,2.935
2026-11-05 06:36 PT,2.929
2026-11-05 06:37 PT,2.923
2026-11-05 06:38 PT,2.917
2026-11-05 06:39 PT,2.911
2026-11-05 06:40 PT,2.905
2026-11-05 06:41 PT,2.899
2026-11-05 06:42 PT,2.894
2026-11-05 06:43 PT,2.888
2026-11-05 06:44 PT,2.882
2026-11-05 06:45 PT,2.876
2026-11-05 06:46 PT,2.87
2026-11-05 06:47 PT,2.864
2026-11-05 06:48 PT,2.858
2026-11-05 06:49 PT,2.852
2026-11-05 06:50 PT,2.847
2026-11-05 06:51 PT,2.841
2026-11-05 06:52 PT,2.835
2026-11-05 06:53 PT,2.829
2026-11-05 06:54 PT,2.823
2026-11-05 06:55 PT,2.817
2026-11-05 06:56 PT,2.811
2026-11-05 06:57 PT,2.806
2026-11-05 06:58 PT,2.8
2026-11-05 06:59 PT,2.794
2026-11-05 07:00 PT,2.788
2026-11-05 07:01 PT,2.782
2026-11-05 07:02 PT,2.777
2026-11-05 07:03 PT,2.771
2026-11-05 07:04 PT,2.765
2026-11-05 07:05 PT,2.759
2026-11-05 07:06 PT,2.753
2026-11-05 07:07 PT,2.748
2026-11-05 07:08 PT,2.742
2026-11-05 07:09 PT,2.736
2026-11-05 07:10 PT,2.73
2026-11-05 07:11 PT,2.724
2026-11-05 07:12 PT,2.719
2026-11-05 07:13 PT,2.713
2026-11-05 07:14 PT,2.707
2026-11-05 07:15 PT,2.702
2026-11-05 07:16 PT,2.696
2026-11-05 07:17 PT,2.69
2026-11-05 07:18 PT,2.685
2026-11-05 07:19 PT,2.679
2026-11-05 07:20 PT,2.673
2026-11-05 07:21 PT,2.668
2026-11-05 07:22 PT,2.662
2026-11-05 07:23 PT,2.656
2026-11-05 07:24 PT,2.651
2026-11-05 07:25 PT,2.645
2026-11-05 07:26 PT,2.64
2026-11-05 07:27 PT,2.634
2026-11-05 07:28 PT,2.629
2026-11-05 07:29 PT,2.623
2026-11-05 07:30 PT,2.618
2026-11-05 07:31 PT,2.612
2026-11-05 07:32 PT,2.607
2026-11-05 07:33 PT,2.601
2026-11-05 07:34 PT,2.596
2026-11-05 07:35 PT,2.591
2026-11-05 07:36 PT,2.585
2026-11-05 07:37 PT,2.58
2026-11-05 07:38 PT,2.575
2026-11-05 07:39 PT,2.569
2026-11-05 07:40 PT,2.564
2026-11-05 07:41 PT,2.559
2026-11-05 07:42 PT,2.554
2026-11-05 07:43 PT,2.549
2026-11-05 07:44 PT,2.543
2026-11-05 07:45 PT,2.538
2026-11-05 07:46 PT,2.533
2026-11-05 07:47 PT,2.528
2026-11-05 07:48 PT,2.523
2026-11-05 07:49 PT,2.518
2026-11-05 07:50 PT,2.513
2026-11-05 07:51 PT,2.508
2026-11-05 07:52 PT,2.503
2026-11-05 07:53 PT,2.498
2026-11-05 07:54 PT,2.494
2026-11-05 07:55 PT,2.489
2026-11-05 07:56 PT,2.484
2026-11-05 07:57 PT,2.479
2026-11-05 07:58 PT,2.474
2026-11-05 07:59 PT,2.47
2026-11-05 08:00 PT,2.465
2026-11-05 08:01 PT,2.461
2026-11-05 08:02 PT,2.456
2026-11-05 08:03 PT,2.452
2026-11-05 08:04 PT,2.447
2026-11-05 08:05 PT,2.443
2026-11-05 08:06 PT,2.438
2026-11-05 08:07 PT,2.434
2026-11-05 08:08 PT,2.43
2026-11-05 08:09 PT,2.425
2026-11-05 08:10 PT,2.421
2026-11-05 08:11 PT,2.417
2026-11-05 08:12 PT,2.413
2026-11-05 08:13 PT,2.409
2026-11-05 08:14 PT,2.405
2026-11-05 08:15 PT,2.401
2026-11-05 08:16 PT,2.397
2026-11-05 08:17 PT,2.393
2026-11-05 08:18 PT,2.389
2026-11-05 08:19 PT,2.385
2026-11-05 08:20 PT,2.381
2026-11-05 08:21 PT,2.378
2026-11-05 08:22 PT,2.374
2026-11-05 08:23 PT,2.37
2026-11-05 08:24 PT,2.367
2026-11-05 08:25 PT,2.363
2026-11-05 08:26 PT,2.36
2026-11-05 08:27 PT,2.357
2026-11-05 08:28 PT,2.353
2026-11-05 08:29 PT,2.35
2026-11-05 08:30 PT,2.347
2026-11-05 08:31 PT,2.344
2026-11-05 08:32 PT,2.34
2026-11-05 08:33 PT,2.337
2026-11-05 08:34 PT,2.334
2026-11-05 08:35 PT,2.332
2026-11-05 08:36 PT,2.329
2026-11-05 08:37 PT,2.326
2026-11-05 08:38 PT,2.323
2026-11-05 08:39 PT,2.32
2026-11-05 08:40 PT,2.318
2026-11-05 08:41 PT,2.315
2026-11-05 08:42 PT,2.313
2026-11-05 08:43 PT,2.31
2026-11-05 08:44 PT,2.308
2026-11-05 08:45 PT,2.306
2026-11-05 08:46 PT,2.304
2026-11-05 08:47 PT,2.301
2026-11-05 08:48 PT,2.299
2026-11-05 08:49 PT,2.297
2026-11-05 08:50 PT,2.295
2026-11-05 08:51 PT,2.293
2026-11-05 08:52 PT,2.292
2026-11-05 08:53 PT,2.29
2026-11-05 08:54 PT,2.288
2026-11-05 08:55 PT,2.286
2026-11-05 08:56 PT,2.285
2026-11-05 08:57 PT,2.283
2026-11-05 08:58 PT,2.282
2026-11-05 08:59 PT,2.281
2026-11-05 09:00 PT,2.279
2026-11-05 09:01 PT,2.278
2026-11-05 09:02 PT,2.277
2026-11-05 09:03 PT,2.276
2026-11-05 09:04 PT,2.275
2026-11-05 09:05 PT,2.274
2026-11-05 09:06 PT,2.273
2026-11-05 09:07 PT,2.272
2026-11-05 09:08 PT,2.272
2026-11-05 09:09 PT,2.271
2026-11-05 09:10 PT,2.271
2026-11-05 09:11 PT,2.27
2026-11-05 09:12 PT,2.27
2026-11-05 09:13 PT,2.269
2026-11-05 09:14 PT,2.269
2026-11-05 09:15 PT,2.269
2026-11-05 09:16 PT,2.269
2026-11-05 09:17 PT,2.269
2026-11-05 09:18 PT,2.269
2026-11-05 09:19 PT,2.269
2026-11-05 09:20 PT,2.269
2026-11-05 09:21 PT,2.269
2026-11-05 09:22 PT,2.27
2026-11-05 09:23 PT,2.27
2026-11-05 09:24 PT,2.271
2026-11-05 09:25 PT,2.271
2026-11-05 09:26 PT,2.272
2026-11-05 09:27 PT,2.273
2026-11-05 09:28 PT,2.274
2026-11-05 09:29 PT,2.274
2026-11-05 09:30 PT,2.275
2026-11-05 09:31 PT,2.276
2026-11-05 09:32 PT,2.277
2026-11-05 09:33 PT,2.279
2026-11-05 09:34 PT,2.28
2026-11-05 09:35 PT,2.281
2026-11-05 09:36 PT,2.283
2026-11-05 09:37 PT,2.284
2026-11-05 09:38 PT,2.286
2026-11-05 09:39 PT,2.287
2026-11-05 09:40 PT,2.289
2026-11-05 09:41 PT,2.291
2026-11-05 09:42 PT,2.293
2026-11-05 09:43 PT,2.295
2026-11-05 09:44 PT,2.297
2026-11-05 09:45 PT,2.299
2026-11-05 09:46 PT,2.301
2026-11-05 09:47 PT,2.303
2026-11-05 09:48 PT,2.305
2026-11-05 09:49 PT,2.308
2026-11-05 09:50 PT,2.31
2026-11-05 09:51 PT,2.313
2026-11-05 09:52 PT,2.315
2026-11-05 09:53 PT,2.318
2026-11-05 09:54 PT,2.321
2026-11-05 09:55 PT,2.323
2026-11-05 09:56 PT,2.326
2026-11-05 09:57 PT,2.329
2026-11-05 09:58 PT,2.332
2026-11-05 09:59 PT,2.335
2026-11-05 10:00 PT,2.338
2026-11-05 10:01 PT,2.342
2026-11-05 10:02 PT,2.345
2026-11-05 10:03 PT,2.348
2026-11-05 10:04 PT,2.352
2026-11-05 10:05 PT,2.355
2026-11-05 10:06 PT,2.359
2026-11-05 10:07 PT,2.362
2026-11-05 10:08 PT,2.366
2026-11-05 10:09 PT,2.37
2026-11-05 10:10 PT,2.374
2026-11-05 10:11 PT,2.377
2026-11-05 10:12 PT,2.381
2026-11-05 10:13 PT,2.385
2026-11-05 10:14 PT,2.39
2026-11-05 10:15 PT,2.394
2026-11-05 10:16 PT,2.398
2026-11-05 10:17 PT,2.402
2026-11-05 10:18 PT,2.406
2026-11-05 10:19 PT,2.411
2026-11-05 10:20 PT,2.415
2026-11-05 10:21 PT,2.42
2026-11-05 10:22 PT,2.424
2026-11-05 10:23 PT,2.429
2026-11-05 10:24 PT,2.434
2026-11-05 10:25 PT,2.438
2026-11-05 10:26 PT,2.443
2026-11-05 10:27 PT,2.448
2026-11-05 10:28 PT,2.453
2026-11-05 10:29 PT,2.458
2026-11-05 10:30 PT,2.463
2026-11-05 10:31 PT,2.468
2026-11-05 10:32 PT,2.473
2026-11-05 10:33 PT,2.478
2026-11-05 10:34 PT,2.484
2026-11-05 10:35 PT,2.489
2026-11-05 10:36 PT,2.494
2026-11-05 10:37 PT,2.5
2026-11-05 10:38 PT,2.505
2026-11-05 10:39 PT,2.511
2026-11-05 10:40 PT,2.516
2026-11-05 10:41 PT,2.522
2026-11-05 10:42 PT,2.528
2026-11-05 10:43 PT,2.533
2026-11-05 10:44 PT,2.539
2026-11-05 10:45 PT,2.545
2026-11-05 10:46 PT,2.551
2026-11-05 10:47 PT,2.557
2026-11-05 10:48 PT,2.563
2026-11-05 10:49 PT,2.569
2026-11-05 10:50 PT,2.575
2026-11-05 10:51 PT,2.581
2026-11-05 10:52 PT,2.587
2026-11-05 10:53 PT,2.593
2026-11-05 10:54 PT,2.6
2026-11-05 10:55 PT,2.606
2026-11-05 10:56 PT,2.612
2026-11-05 10:57 PT,2.619
2026-11-05 10:58 PT,2.625
2026-11-05 10:59 PT,2.631
2026-11-05 11:00 PT,2.638
2026-11-05 11:01 PT,2.644
2026-11-05 11:02 PT,2.651
2026-11-05 11:03 PT,2.658
2026-11-05 11:04 PT,2.664
2026-11-05 11:05 PT,2.671
2026-11-05 11:06 PT,2.678
2026-11-05 11:07 PT,2.685
2026-11-05 11:08 PT,2.691
2026-11-05 11:09 PT,2.698
2026-11-05 11:10 PT,2.705
2026-11-05 11:11 PT,2.712
2026-11-05 11:12 PT,2.719
2026-11-05 11:13 PT,2.726
2026-11-05 11:14 PT,2.733
2026-11-05 11:15 PT,2.74
2026-11-05 11:16 PT,2.747
2026-11-05 11:17 PT,2.755
2026-11-05 11:18 PT,2.762
2026-11-05 11:19 PT,2.769
2026-11-05 11:20 PT,2.776
2026-11-05 11:21 PT,2.784
2026-11-05 11:22 PT,2.791
2026-11-05 11:23 PT,2.798
2026-11-05 11:24 PT,2.806
2026-11-05 11:25 PT,2.813
2026-11-05 11:26 PT,2.821
2026-11-05 11:27 PT,2.828
2026-11-05 11:28 PT,2.836
2026-11-05 11:29 PT,2.843
2026-11-05 11:30 PT,2.851
2026-11-05 11:31 PT,2.858
2026-11-05 11:32 PT,2.866
2026-11-05 11:33 PT,2.874
2026-11-05 11:34 PT,2.881
2026-11-05 11:35 PT,2.889
2026-11-05 11:36 PT,2.897
2026-11-05 11:37 PT,2.905
2026-11-05 11:38 PT,2.912
2026-11-05 11:39 PT,2.92
2026-11-05 11:40 PT,2.928
2026-11-05 11:41 PT,2.936
2026-11-05 11:42 PT,2.944
2026-11-05 11:43 PT,2.952
2026-11-05 11:44 PT,2.96
2026-11-05 11:45 PT,2.968
2026-11-05 11:46 PT,2.976
2026-11-05 11:47 PT,2.984
2026-11-05 11:48 PT,2.992
2026-11-05 11:49 PT,3
2026-11-05 11:50 PT,3.008
2026-11-05 11:51 PT,3.016
2026-11-05 11:52 PT,3.025
2026-11-05 11:53 PT,3.033
2026-11-05 11:54 PT,3.041
2026-11-05 11:55 PT,3.049
2026-11-05 11:56 PT,3.058
2026-11-05 11:57 PT,3.066
2026-11-05 11:58 PT,3.074
2026-11-05 11:59 PT,3.082
2026-11-05 12:00 PT,3.091
2026-11-05 12:01 PT,3.099
2026-11-05 12:02 PT,3.108
2026-11-05 12:03 PT,3.116
2026-11-05 12:04 PT,3.124
2026-11-05 12:05 PT,3.133
2026-11-05 12:06 PT,3.141
2026-11-05 12:07 PT,3.15
2026-11-05 12:08 PT,3.158
2026-11-05 12:09 PT,3.167
2026-11-05 12:10 PT,3.176
2026-11-05 12:11 PT,3.184
2026-11-05 12:12 PT,3.193
2026-11-05 12:13 PT,3.201
2026-11-05 12:14 PT,3.21
2026-11-05 12:15 PT,3.218
2026-11-05 12:16 PT,3.227
2026-11-05 12:17 PT,3.236
2026-11-05 12:18 PT,3.244
2026-11-05 12:19 PT,3.253
2026-11-05 12:20 PT,3.262
2026-11-05 12:21 PT,3.271
2026-11-05 12:22 PT,3.279
2026-11-05 12:23 PT,3.288
2026-11-05 12:24 PT,3.297
2026-11-05 12:25 PT,3.306
2026-11-05 12:26 PT,3.314
2026-11-05 12:27 PT,3.323
2026-11-05 12:28 PT,3.332
2026-11-05 12:29 PT,3.341
2026-11-05 12:30 PT,3.35
2026-11-05 12:31 PT,3.358
2026-11-05 12:32 PT,3.367
2026-11-05 12:33 PT,3.376
2026-11-05 12:34 PT,3.385
2026-11-05 12:35 PT,3.394
2026-11-05 12:36 PT,3.403
2026-11-05 12:37 PT,3.412
2026-11-05 12:38 PT,3.421
2026-11-05 12:39 PT,3.429
2026-11-05 12:40 PT,3.438
2026-11-05 12:41 PT,3.447
2026-11-05 12:42 PT,3.456
2026-11-05 12:43 PT,3.465
2026-11-05 12:44 PT,3.474
2026-11-05 12:45 PT,3.483
2026-11-05 12:46 PT,3.492
2026-11-05 12:47 PT,3.501
2026-11-05 12:48 PT,3.51
2026-11-05 12:49 PT,3.519
2026-11-05 12:50 PT,3.528
2026-11-05 12:51 PT,3.537
2026-11-05 12:52 PT,3.545
2026-11-05 12:53 PT,3.554
2026-11-05 12:54 PT,3.563
2026-11-05 12:55 PT,3.572
2026-11-05 12:56 PT,3.581
2026-11-05 12:57 PT,3.59
2026-11-05 12:58 PT,3.599
2026-11-05 12:59 PT,3.608
2026-11-05 13:00 PT,3.617
2026-11-05 13:01 PT,3.626
2026-11-05 13:02 PT,3.635
2026-11-05 13:03 PT,3.644
2026-11-05 13:04 PT,3.652
2026-11-05 13:05 PT,3.661
2026-11-05 13:06 PT,3.67
2026-11-05 13:07 PT,3.679
2026-11-05 13:08 PT,3.688
2026-11-05 13:09 PT,3.697
2026-11-05 13:10 PT,3.705
2026-11-05 13:11 PT,3.714
2026-11-05 13:12 PT,3.723
2026-11-05 13:13 PT,3.732
2026-11-05 13:14 PT,3.741
2026-11-05 13:15 PT,3.749
2026-11-05 13:16 PT,3.758
2026-11-05 13:17 PT,3.767
2026-11-05 13:18 PT,3.775
2026-11-05 13:19 PT,3.784
2026-11-05 13:20 PT,3.793
2026-11-05 13:21 PT,3.801
2026-11-05 13:22 PT,3.81
2026-11-05 13:23 PT,3.819
2026-11-05 13:24 PT,3.827
2026-11-05 13:25 PT,3.836
2026-11-05 13:26 PT,3.844
2026-11-05 13:27 PT,3.853
2026-11-05 13:28 PT,3.861
2026-11-05 13:29 PT,3.87
2026-11-05 13:30 PT,3.878
2026-11-05 13:31 PT,3.887
2026-11-05 13:32 PT,3.895
2026-11-05 13:33 PT,3.903
2026-11-05 13:34 PT,3.912
2026-11-05 13:35 PT,3.92
2026-11-05 13:36 PT,3.928
2026-11-05 13:37 PT,3.936
2026-11-05 13:38 PT,3.945
2026-11-05 13:39 PT,3.953
2026-11-05 13:40 PT,3.961
2026-11-05 13:41 PT,3.969
2026-11-05 13:42 PT,3.977
2026-11-05 13:43 PT,3.985
2026-11-05 13:44 PT,3.993
2026-11-05 13:45 PT,4.001
2026-11-05 13:46 PT,4.009
2026-11-05 13:47 PT,4.017
2026-11-05 13:48 PT,4.025
2026-11-05 13:49 PT,4.032
2026-11-05 13:50 PT,4.04
2026-11-05 13:51 PT,4.048
2026-11-05 13:52 PT,4.056
2026-11-05 13:53 PT,4.063
2026-11-05 13:54 PT,4.071
2026-11-05 13:55 PT,4.078
2026-11-05 13:56 PT,4.086
2026-11-05 13:57 PT,4.093
2026-11-05 13:58 PT,4.101
2026-11-05 13:59 PT,4.108
2026-11-05 14:00 PT,4.115
2026-11-05 14:01 PT,4.122
2026-11-05 14:02 PT,4.13
2026-11-05 14:03 PT,4.137
2026-11-05 14:04 PT,4.144
2026-11-05 14:05 PT,4.151
2026-11-05 14:06 PT,4.158
2026-11-05 14:07 PT,4.165
2026-11-05 14:08 PT,4.172
2026-11-05 14:09 PT,4.178
2026-11-05 14:10 PT,4.185
2026-11-05 14:11 PT,4.192
2026-11-05 14:12 PT,4.198
2026-11-05 14:13 PT,4.205
2026-11-05 14:14 PT,4.212
2026-11-05 14:15 PT,4.218
2026-11-05 14:16 PT,4.224
2026-11-05 14:17 PT,4.231
2026-11-05 14:18 PT,4.237
2026-11-05 14:19 PT,4.243
2026-11-05 14:20 PT,4.249
2026-11-05 14:21 PT,4.255
2026-11-05 14:22 PT,4.261
2026-11-05 14:23 PT,4.267
2026-11-05 14:24 PT,4.273
2026-11-05 14:25 PT,4.279
2026-11-05 14:26 PT,4.285
2026-11-05 14:27 PT,4.291
2026-11-05 14:28 PT,4.296
2026-11-05 14:29 PT,4.302
2026-11-05 14:30 PT,4.307
2026-11-05 14:31 PT,4.313
2026-11-05 14:32 PT,4.318
2026-11-05 14:33 PT,4.323
2026-11-05 14:34 PT,4.328
2026-11-05 14:35 PT,4.333
2026-11-05 14:36 PT,4.338
2026-11-05 14:37 PT,4.343
2026-11-05 14:38 PT,4.348
2026-11-05 14:39 PT,4.353
2026-11-05 14:40 PT,4.358
2026-11-05 14:41 PT,4.362
2026-11-05 14:42 PT,4.367
2026-11-05 14:43 PT,4.372
2026-11-05 14:44 PT,4.376
2026-11-05 14:45 PT,4.38
2026-11-05 14:46 PT,4.385
2026-11-05 14:47 PT,4.389
2026-11-05 14:48 PT,4.393
2026-11-05 14:49 PT,4.397
2026-11-05 14:50 PT,4.401
2026-11-05 14:51 PT,4.405
2026-11-05 14:52 PT,4.409
2026-11-05 14:53 PT,4.412
2026-11-05 14:54 PT,4.416
2026-11-05 14:55 PT,4.419
2026-11-05 14:56 PT,4.423
2026-11-05 14:57 PT,4.426
2026-11-05 14:58 PT,4.43
2026-11-05 14:59 PT,4.433
2026-11-05 15:00 PT,4.436
2026-11-05 15:01 PT,4.439
2026-11-05 15:02 PT,4.442
2026-11-05 15:03 PT,4.445
2026-11-05 15:04 PT,4.447
2026-11-05 15:05 PT,4.45
2026-11-05 15:06 PT,4.453
2026-11-05 15:07 PT,4.455
2026-11-05 15:08 PT,4.458
2026-11-05 15:09 PT,4.46
2026-11-05 15:10 PT,4.462
2026-11-05 15:11 PT,4.465
2026-11-05 15:12 PT,4.467
2026-11-05 15:13 PT,4.469
2026-11-05 15:14 PT,4.471
2026-11-05 15:15 PT,4.472
2026-11-05 15:16 PT,4.474
2026-11-05 15:17 PT,4.476
2026-11-05 15:18 PT,4.477
2026-11-05 15:19 PT,4.479
2026-11-05 15:20 PT,4.48
2026-11-05 15:21 PT,4.481
2026-11-05 15:22 PT,4.483
2026-11-05 15:23 PT,4.484
2026-11-05 15:24 PT,4.485
2026-11-05 15:25 PT,4.486
2026-11-05 15:26 PT,4.487
2026-11-05 15:27 PT,4.487
2026-11-05 15:28 PT,4.488
2026-11-05 15:29 PT,4.489
2026-11-05 15:30 PT,4.489
2026-11-05 15:31 PT,4.489
2026-11-05 15:32 PT,4.49
2026-11-05 15:33 PT,4.49
2026-11-05 15:34 PT,4.49
2026-11-05 15:35 PT,4.49
2026-11-05 15:36 PT,4.49
2026-11-05 15:37 PT,4.49
2026-11-05 15:38 PT,4.49
2026-11-05 15:39 PT,4.489
2026-11-05 15:40 PT,4.489
2026-11-05 15:41 PT,4.489
2026-11-05 15:42 PT,4.488
2026-11-05 15:43 PT,4.487
2026-11-05 15:44 PT,4.487
2026-11-05 15:45 PT,4.486
2026-11-05 15:46 PT,4.485
2026-11-05 15:47 PT,4.484
2026-11-05 15:48 PT,4.483
2026-11-05 15:49 PT,4.482
2026-11-05 15:50 PT,4.48
2026-11-05 15:51 PT,4.479
2026-11-05 15:52 PT,4.477
2026-11-05 15:53 PT,4.476
2026-11-05 15:54 PT,4.474
2026-11-05 15:55 PT,4.473
2026-11-05 15:56 PT,4.471
2026-11-05 15:57 PT,4.469
2026-11-05 15:58 PT,4.467
2026-11-05 15:59 PT,4.465
2026-11-05 16:00 PT,4.463
2026-11-05 16:01 PT,4.461
2026-11-05 16:02 PT,4.458
2026-11-05 16:03 PT,4.456
2026-11-05 16:04 PT,4.454
2026-11-05 16:05 PT,4.451
2026-11-05 16:06 PT,4.448
2026-11-05 16:07 PT,4.446
2026-11-05 16:08 PT,4.443
2026-11-05 16:09 PT,4.44
2026-11-05 16:10 PT,4.437
2026-11-05 16:11 PT,4.434
2026-11-05 16:12 PT,4.431
2026-11-05 16:13 PT,4.428
2026-11-05 16:14 PT,4.424
2026-11-05 16:15 PT,4.421
2026-11-05 16:16 PT,4.418
2026-11-05 16:17 PT,4.414
2026-11-05 16:18 PT,4.411
2026-11-05 16:19 PT,4.407
2026-11-05 16:20 PT,4.403
2026-11-05 16:21 PT,4.399
2026-11-05 16:22 PT,4.396
2026-11-05 16:23 PT,4.392
2026-11-05 16:24 PT,4.388
2026-11-05 16:25 PT,4.384
2026-11-05 16:26 PT,4.379
2026-11-05 16:27 PT,4.375
2026-11-05 16:28 PT,4.371
2026-11-05 16:29 PT,4.366
2026-11-05 16:30 PT,4.362
2026-11-05 16:31 PT,4.357
2026-11-05 16:32 PT,4.353
2026-11-05 16:33 PT,4.348
2026-11-05 16:34 PT,4.343
2026-11-05 16:35 PT,4.339
2026-11-05 16:36 PT,4.334
2026-11-05 16:37 PT,4.329
2026-11-05 16:38 PT,4.324
2026-11-05 16:39 PT,4.319
2026-11-05 16:40 PT,4.314
2026-11-05 16:41 PT,4.308
2026-11-05 16:42 PT,4.303
2026-11-05 16:43 PT,4.298
2026-11-05 16:44 PT,4.292
2026-11-05 16:45 PT,4.287
2026-11-05 16:46 PT,4.281
2026-11-05 16:47 PT,4.276
2026-11-05 16:48 PT,4.27
2026-11-05 16:49 PT,4.264
2026-11-05 16:50 PT,4.259
2026-11-05 16:51 PT,4.253
2026-11-05 16:52 PT,4.247
2026-11-05 16:53 PT,4.241
2026-11-05 16:54 PT,4.235
2026-11-05 16:55 PT,4.229
2026-11-05 16:56 PT,4.223
2026-11-05 16:57 PT,4.217
2026-11-05 16:58 PT,4.21
2026-11-05 16:59 PT,4.204
2026-11-05 17:00 PT,4.198
2026-11-05 17:01 PT,4.191
2026-11-05 17:02 PT,4.185
2026-11-05 17:03 PT,4.178
2026-11-05 17:04 PT,4.172
2026-11-05 17:05 PT,4.165
2026-11-05 17:06 PT,4.159
2026-11-05 17:07 PT,4.152
2026-11-05 17:08 PT,4.145
2026-11-05 17:09 PT,4.138
2026-11-05 17:10 PT,4.131
2026-11-05 17:11 PT,4.125
2026-11-05 17:12 PT,4.118
2026-11-05 17:13 PT,4.111
2026-11-05 17:14 PT,4.104
2026-11-05 17:15 PT,4.096
2026-11-05 17:16 PT,4.089
2026-11-05 17:17 PT,4.082
2026-11-05 17:18 PT,4.075
2026-11-05 17:19 PT,4.068
2026-11-05 17:20 PT,4.06
2026-11-05 17:21 PT,4.053
2026-11-05 17:22 PT,4.046
2026-11-05 17:23 PT,4.038
2026-11-05 17:24 PT,4.031
2026-11-05 17:25 PT,4.023
2026-11-05 17:26 PT,4.016
2026-11-05 17:27 PT,4.008
2026-11-05 17:28 PT,4
2026-11-05 17:29 PT,3.993
2026-11-05 17:30 PT,3.985
2026-11-05 17:31 PT,3.977
2026-11-05 17:32 PT,3.969
2026-11-05 17:33 PT,3.961
2026-11-05 17:34 PT,3.954
2026-11-05 17:35 PT,3.946
2026-11-05 17:36 PT,3.938
2026-11-05 17:37 PT,3.93
2026-11-05 17:38 PT,3.922
2026-11-05 17:39 PT,3.914
2026-11-05 17:40 PT,3.906
2026-11-05 17:41 PT,3.897
2026-11-05 17:42 PT,3.889
2026-11-05 17:43 PT,3.881
2026-11-05 17:44 PT,3.873
2026-11-05 17:45 PT,3.865
2026-11-05 17:46 PT,3.856
2026-11-05 17:47 PT,3.848
2026-11-05 17:48 PT,3.84
2026-11-05 17:49 PT,3.831
2026-11-05 17:50 PT,3.823
2026-11-05 17:51 PT,3.814
2026-11-05 17:52 PT,3.806
2026-11-05 17:53 PT,3.797
2026-11-05 17:54 PT,3.789
2026-11-05 17:55 PT,3.78
2026-11-05 17:56 PT,3.771
2026-11-05 17:57 PT,3.763
2026-11-05 17:58 PT,3.754
2026-11-05 17:59 PT,3.745
2026-11-05 18:00 PT,3.737
2026-11-05 18:01 PT,3.728
2026-11-05 18:02 PT,3.719
2026-11-05 18:03 PT,3.71
2026-11-05 18:04 PT,3.702
2026-11-05 18:05 PT,3.693
2026-11-05 18:06 PT,3.684
2026-11-05 18:07 PT,3.675
2026-11-05 18:08 PT,3.666
2026-11-05 18:09 PT,3.657
2026-11-05 18:10 PT,3.648
2026-11-05 18:11 PT,3.639
2026-11-05 18:12 PT,3.63
2026-11-05 18:13 PT,3.621
2026-11-05 18:14 PT,3.612
2026-11-05 18:15 PT,3.603
2026-11-05 18:16 PT,3.593
2026-11-05 18:17 PT,3.584
2026-11-05 18:18 PT,3.575
2026-11-05 18:19 PT,3.566
2026-11-05 18:20 PT,3.557
2026-11-05 18:21 PT,3.547
2026-11-05 18:22 PT,3.538
2026-11-05 18:23 PT,3.529
2026-11-05 18:24 PT,3.519
2026-11-05 18:25 PT,3.51
2026-11-05 18:26 PT,3.5
2026-11-05 18:27 PT,3.491
2026-11-05 18:28 PT,3.482
2026-11-05 18:29 PT,3.472
2026-11-05 18:30 PT,3.463
2026-11-05 18:31 PT,3.453
2026-11-05 18:32 PT,3.444
2026-11-05 18:33 PT,3.434
2026-11-05 18:34 PT,3.424
2026-11-05 18:35 PT,3.415
2026-11-05 18:36 PT,3.405
2026-11-05 18:37 PT,3.395
2026-11-05 18:38 PT,3.386
2026-11-05 18:39 PT,3.376
2026-11-05 18:40 PT,3.366
2026-11-05 18:41 PT,3.357
2026-11-05 18:42 PT,3.347
2026-11-05 18:43 PT,3.337
2026-11-05 18:44 PT,3.327
2026-11-05 18:45 PT,3.317
2026-11-05 18:46 PT,3.307
2026-11-05 18:47 PT,3.298
2026-11-05 18:48 PT,3.288
2026-11-05 18:49 PT,3.278
2026-11-05 18:50 PT,3.268
2026-11-05 18:51 PT,3.258
2026-11-05 18:52 PT,3.248
2026-11-05 18:53 PT,3.238
2026-11-05 18:54 PT,3.228
2026-11-05 18:55 PT,3.218
2026-11-05 18:56 PT,3.207
2026-11-05 18:57 PT,3.197
2026-11-05 18:58 PT,3.187
2026-11-05 18:59 PT,3.177
2026-11-05 19:00 PT,3.167
2026-11-05 19:01 PT,3.157
2026-11-05 19:02 PT,3.146
2026-11-05 19:03 PT,3.136
2026-11-05 19:04 PT,3.126
2026-11-05 19:05 PT,3.116
2026-11-05 19:06 PT,3.105
2026-11-05 19:07 PT,3.095
2026-11-05 19:08 PT,3.085
2026-11-05 19:09 PT,3.074
2026-11-05 19:10 PT,3.064
2026-11-05 19:11 PT,3.054
2026-11-05 19:12 PT,3.043
2026-11-05 19:13 PT,3.033
2026-11-05 19:14 PT,3.022
2026-11-05 19:15 PT,3.012
2026-11-05 19:16 PT,3.001
2026-11-05 19:17 PT,2.991
2026-11-05 19:18 PT,2.98
2026-11-05 19:19 PT,2.97
2026-11-05 19:20 PT,2.959
2026-11-05 19:21 PT,2.949
2026-11-05 19:22 PT,2.938
2026-11-05 19:23 PT,2.927
2026-11-05 19:24 PT,2.917
2026-11-05 19:25 PT,2.906
2026-11-05 19:26 PT,2.896
2026-11-05 19:27 PT,2.885
2026-11-05 19:28 PT,2.874
2026-11-05 19:29 PT,2.864
2026-11-05 19:30 PT,2.853
2026-11-05 19:31 PT,2.842
2026-11-05 19:32 PT,2.831
2026-11-05 19:33 PT,2.821
2026-11-05 19:34 PT,2.81
2026-11-05 19:35 PT,2.799
2026-11-05 19:36 PT,2.788
2026-11-05 19:37 PT,2.778
2026-11-05 19:38 PT,2.767
2026-11-05 19:39 PT,2.756
2026-11-05 19:40 PT,2.745
2026-11-05 19:41 PT,2.734
2026-11-05 19:42 PT,2.724
2026-11-05 19:43 PT,2.713
2026-11-05 19:44 PT,2.702
2026-11-05 19:45 PT,2.691
2026-11-05 19:46 PT,2.68
2026-11-05 19:47 PT,2.669
2026-11-05 19:48 PT,2.659
2026-11-05 19:49 PT,2.648
2026-11-05 19:50 PT,2.637
2026-11-05 19:51 PT,2.626
2026-11-05 19:52 PT,2.615
2026-11-05 19:53 PT,2.604
2026-11-05 19:54 PT,2.594
2026-11-05 19:55 PT,2.583
2026-11-05 19:56 PT,2.572
2026-11-05 19:57 PT,2.561
2026-11-05 19:58 PT,2.55
2026-11-05 19:59 PT,2.539
2026-11-05 20:00 PT,2.528
2026-11-05 20:01 PT,2.518
2026-11-05 20:02 PT,2.507
2026-11-05 20:03 PT,2.496
2026-11-05 20:04 PT,2.485
2026-11-05 20:05 PT,2.474
2026-11-05 20:06 PT,2.464
2026-11-05 20:07 PT,2.453
2026-11-05 20:08 PT,2.442
2026-11-05 20:09 PT,2.431
2026-11-05 20:10 PT,2.421
2026-11-05 20:11 PT,2.41
2026-11-05 20:12 PT,2.399
2026-11-05 20:13 PT,2.389
2026-11-05 20:14 PT,2.378
2026-11-05 20:15 PT,2.367
2026-11-05 20:16 PT,2.357
2026-11-05 20:17 PT,2.346
2026-11-05 20:18 PT,2.336
2026-11-05 20:19 PT,2.325
2026-11-05 20:20 PT,2.314
2026-11-05 20:21 PT,2.304
2026-11-05 20:22 PT,2.293
2026-11-05 20:23 PT,2.283
2026-11-05 20:24 PT,2.273
2026-11-05 20:25 PT,2.262
2026-11-05 20:26 PT,2.252
2026-11-05 20:27 PT,2.242
2026-11-05 20:28 PT,2.231
2026-11-05 20:29 PT,2.221
2026-11-05 20:30 PT,2.211
2026-11-05 20:31 PT,2.201
2026-11-05 20:32 PT,2.19
2026-11-05 20:33 PT,2.18
2026-11-05 20:34 PT,2.17
2026-11-05 20:35 PT,2.16
2026-11-05 20:36 PT,2.15
2026-11-05 20:37 PT,2.14
2026-11-05 20:38 PT,2.13
2026-11-05 20:39 PT,2.12
2026-11-05 20:40 PT,2.111
2026-11-05 20:41 PT,2.101
2026-11-05 20:42 PT,2.091
2026-11-05 20:43 PT,2.081
2026-11-05 20:44 PT,2.072
2026-11-05 20:45 PT,2.062
2026-11-05 20:46 PT,2.053
2026-11-05 20:47 PT,2.043
2026-11-05 20:48 PT,2.034
2026-11-05 20:49 PT,2.024
2026-11-05 20:50 PT,2.015
2026-11-05 20:51 PT,2.006
2026-11-05 20:52 PT,1.997
2026-11-05 20:53 PT,1.987
2026-11-05 20:54 PT,1.978
2026-11-05 20:55 PT,1.969
2026-11-05 20:56 PT,1.96
2026-11-05 20:57 PT,1.952
2026-11-05 20:58 PT,1.943
2026-11-05 20:59 PT,1.934
2026-11-05 21:00 PT,1.925
2026-11-05 21:01 PT,1.917
2026-11-05 21:02 PT,1.908
2026-11-05 21:03 PT,1.9
2026-11-05 21:04 PT,1.891
2026-11-05 21:05 PT,1.883
2026-11-05 21:06 PT,1.875
2026-11-05 21:07 PT,1.867
2026-11-05 21:08 PT,1.858
2026-11-05 21:09 PT,1.85
2026-11-05 21:10 PT,1.843
2026-11-05 21:11 PT,1.835
2026-11-05 21:12 PT,1.827
2026-11-05 21:13 PT,1.819
2026-11-05 21:14 PT,1.812
2026-11-05 21:15 PT,1.804
2026-11-05 21:16 PT,1.797
2026-11-05 21:17 PT,1.789
2026-11-05 21:18 PT,1.782
2026-11-05 21:19 PT,1.775
2026-11-05 21:20 PT,1.768
2026-11-05 21:21 PT,1.761
2026-11-05 21:22 PT,1.754
2026-11-05 21:23 PT,1.747
2026-11-05 21:24 PT,1.74
2026-11-05 21:25 PT,1.733
2026-11-05 21:26 PT,1.727
2026-11-05 21:27 PT,1.72
2026-11-05 21:28 PT,1.714
2026-11-05 21:29 PT,1.708
2026-11-05 21:30 PT,1.701
2026-11-05 21:31 PT,1.695
2026-11-05 21:32 PT,1.689
2026-11-05 21:33 PT,1.683
2026-11-05 21:34 PT,1.678
2026-11-05 21:35 PT,1.672
2026-11-05 21:36 PT,1.666
2026-11-05 21:37 PT,1.661
2026-11-05 21:38 PT,1.655
2026-11-05 21:39 PT,1.65
2026-11-05 21:40 PT,1.645
2026-11-05 21:41 PT,1.64
2026-11-05 21:42 PT,1.635
2026-11-05 21:43 PT,1.63
2026-11-05 21:44 PT,1.625
2026-11-05 21:45 PT,1.62
2026-11-05 21:46 PT,1.616
2026-11-05 21:47 PT,1.611
2026-11-05 21:48 PT,1.607
2026-11-05 21:49 PT,1.603
2026-11-05 21:50 PT,1.598
2026-11-05 21:51 PT,1.594
2026-11-05 21:52 PT,1.59
2026-11-05 21:53 PT,1.586
2026-11-05 21:54 PT,1.583
2026-11-05 21:55 PT,1.579
2026-11-05 21:56 PT,1.575
2026-11-05 21:57 PT,1.572
2026-11-05 21:58 PT,1.569
2026-11-05 21:59 PT,1.565
2026-11-05 22:00 PT,1.562
2026-11-05 22:01 PT,1.559
2026-11-05 22:02 PT,1.556
2026-11-05 22:03 PT,1.554
2026-11-05 22:04 PT,1.551
2026-11-05 22:05 PT,1.548
2026-11-05 22:06 PT,1.546
2026-11-05 22:07 PT,1.544
2026-11-05 22:08 PT,1.541
2026-11-05 22:09 PT,1.539
2026-11-05 22:10 PT,1.537
2026-11-05 22:11 PT,1.535
2026-11-05 22:12 PT,1.533
2026-11-05 22:13 PT,1.532
2026-11-05 22:14 PT,1.53
2026-11-05 22:15 PT,1.528
2026-11-05 22:16 PT,1.527
2026-11-05 22:17 PT,1.526
2026-11-05 22:18 PT,1.525
2026-11-05 22:19 PT,1.524
2026-11-05 22:20 PT,1.523
2026-11-05 22:21 PT,1.522
2026-11-05 22:22 PT,1.521
2026-11-05 22:23 PT,1.52
2026-11-05 22:24 PT,1.52
2026-11-05 22:25 PT,1.519
2026-11-05 22:26 PT,1.519
2026-11-05 22:27 PT,1.519
2026-11-05 22:28 PT,1.519
2026-11-05 22:29 PT,1.519
2026-11-05 22:30 PT,1.519
2026-11-05 22:31 PT,1.519
2026-11-05 22:32 PT,1.519
2026-11-05 22:33 PT,1.519
2026-11-05 22:34 PT,1.52
2026-11-05 22:35 PT,1.52
2026-11-05 22:36 PT,1.521
2026-11-05 22:37 PT,1.522
2026-11-05 22:38 PT,1.523
2026-11-05 22:39 PT,1.524
2026-11-05 22:40 PT,1.525
2026-11-05 22:41 PT,1.526
2026-11-05 22:42 PT,1.527
2026-11-05 22:43 PT,1.529
2026-11-05 22:44 PT,1.53
2026-11-05 22:45 PT,1.532
2026-11-05 22:46 PT,1.533
2026-11-05 22:47 PT,1.535
2026-11-05 22:48 PT,1.537
2026-11-05 22:49 PT,1.539
2026-11-05 22:50 PT,1.541
2026-11-05 22:51 PT,1.543
2026-11-05 22:52 PT,1.545
2026-11-05 22:53 PT,1.547
2026-11-05 22:54 PT,1.55
2026-11-05 22:55 PT,1.552
2026-11-05 22:56 PT,1.555
2026-11-05 22:57 PT,1.558
2026-11-05 22:58 PT,1.56
2026-11-05 22:59 PT,1.563
2026-11-05 23:00 PT,1.566
2026-11-05 23:01 PT,1.569
2026-11-05 23:02 PT,1.572
2026-11-05 23:03 PT,1.575
2026-11-05 23:04 PT,1.579
2026-11-05 23:05 PT,1.582
2026-11-05 23:06 PT,1.585
2026-11-05 23:07 PT,1.589
2026-11-05 23:08 PT,1.592
2026-11-05 23:09 PT,1.596
2026-11-05 23:10 PT,1.6
2026-11-05 23:11 PT,1.604
2026-11-05 23:12 PT,1.607
2026-11-05 23:13 PT,1.611
2026-11-05 23:14 PT,1.615
2026-11-05 23:15 PT,1.62
2026-11-05 23:16 PT,1.624
2026-11-05 23:17 PT,1.628
2026-11-05 23:18 PT,1.632
2026-11-05 23:19 PT,1.637
2026-11-05 23:20 PT,1.641
2026-11-05 23:21 PT,1.646
2026-11-05 23:22 PT,1.65
2026-11-05 23:23 PT,1.655
2026-11-05 23:24 PT,1.66
2026-11-05 23:25 PT,1.665
2026-11-05 23:26 PT,1.67
2026-11-05 23:27 PT,1.675
2026-11-05 23:28 PT,1.68
2026-11-05 23:29 PT,1.685
2026-11-05 23:30 PT,1.69
2026-11-05 23:31 PT,1.695
2026-11-05 23:32 PT,1.7
2026-11-05 23:33 PT,1.706
2026-11-05 23:34 PT,1.711
2026-11-05 23:35 PT,1.717
2026-11-05 23:36 PT,1.722
2026-11-05 23:37 PT,1.728
2026-11-05 23:38 PT,1.733
2026-11-05 23:39 PT,1.739
2026-11-05 23:40 PT,1.745
2026-11-05 23:41 PT,1.751
2026-11-05 23:42 PT,1.757
2026-11-05 23:43 PT,1.763
2026-11-05 23:44 PT,1.769
2026-11-05 23:45 PT,1.775
2026-11-05 23:46 PT,1.781
2026-11-05 23:47 PT,1.787
2026-11-05 23:48 PT,1.793
2026-11-05 23:49 PT,1.799
2026-11-05 23:50 PT,1.806
2026-11-05 23:51 PT,1.812
2026-11-05 23:52 PT,1.818
2026-11-05 23:53 PT,1.825
2026-11-05 23:54 PT,1.831
2026-11-05 23:55 PT,1.838
2026-11-05 23:56 PT,1.845
2026-11-05 23:57 PT,1.851
2026-11-05 23:58 PT,1.858
2026-11-05 23:59 PT,1.865
2026-11-06 00:00 PT,1.872
2026-11-06 00:01 PT,1.878
2026-11-06 00:02 PT,1.885
2026-11-06 00:03 PT,1.892
2026-11-06 00:04 PT,1.899
2026-11-06 00:05 PT,1.906
2026-11-06 00:06 PT,1.913
2026-11-06 00:07 PT,1.92
2026-11-06 00:08 PT,1.928
2026-11-06 00:09 PT,1.935
2026-11-06 00:10 PT,1.942
2026-11-06 00:11 PT,1.949
2026-11-06 00:12 PT,1.957
2026-11-06 00:13 PT,1.964
2026-11-06 00:14 PT,1.971
2026-11-06 00:15 PT,1.979
2026-11-06 00:16 PT,1.986
2026-11-06 00:17 PT,1.994
2026-11-06 00:18 PT,2.001
2026-11-06 00:19 PT,2.009
2026-11-06 00:20 PT,2.016
2026-11-06 00:21 PT,2.024
2026-11-06 00:22 PT,2.032
2026-11-06 00:23 PT,2.039
2026-11-06 00:24 PT,2.047
2026-11-06 00:25 PT,2.055
2026-11-06 00:26 PT,2.063
2026-11-06 00:27 PT,2.071
2026-11-06 00:28 PT,2.079
2026-11-06 00:29 PT,2.086
2026-11-06 00:30 PT,2.094
2026-11-06 00:31 PT,2.102
2026-11-06 00:32 PT,2.11
2026-11-06 00:33 PT,2.118
2026-11-06 00:34 PT,2.126
2026-11-06 00:35 PT,2.135
2026-11-06 00:36 PT,2.143
2026-11-06 00:37 PT,2.151
2026-11-06 00:38 PT,2.159
2026-11-06 00:39 PT,2.167
2026-11-06 00:40 PT,2.176
2026-11-06 00:41 PT,2.184
2026-11-06 00:42 PT,2.192
2026-11-06 00:43 PT,2.2
2026-11-06 00:44 PT,2.209
2026-11-06 00:45 PT,2.217
2026-11-06 00:46 PT,2.226
2026-11-06 00:47 PT,2.234
2026-11-06 00:48 PT,2.242
2026-11-06 00:49 PT,2.251
2026-11-06 00:50 PT,2.259
2026-11-06 00:51 PT,2.268
2026-11-06 00:52 PT,2.276
2026-11-06 00:53 PT,2.285
2026-11-06 00:54 PT,2.294
2026-11-06 00:55 PT,2.302
2026-11-06 00:56 PT,2.311
2026-11-06 00:57 PT,2.319
2026-11-06 00:58 PT,2.328
2026-11-06 00:59 PT,2.337
2026-11-06 01:00 PT,2.346
2026-11-06 01:01 PT,2.354
2026-11-06 01:02 PT,2.363
2026-11-06 01:03 PT,2.372
2026-11-06 01:04 PT,2.381
2026-11-06 01:05 PT,2.389
2026-11-06 01:06 PT,2.398
2026-11-06 01:07 PT,2.407
2026-11-06 01:08 PT,2.416
2026-11-06 01:09 PT,2.425
2026-11-06 01:10 PT,2.434
2026-11-06 01:11 PT,2.443
2026-11-06 01:12 PT,2.452
2026-11-06 01:13 PT,2.461
2026-11-06 01:14 PT,2.47
2026-11-06 01:15 PT,2.478
2026-11-06 01:16 PT,2.487
2026-11-06 01:17 PT,2.496
2026-11-06 01:18 PT,2.505
2026-11-06 01:19 PT,2.515
2026-11-06 01:20 PT,2.524
2026-11-06 01:21 PT,2.533
2026-11-06 01:22 PT,2.542
2026-11-06 01:23 PT,2.551
2026-11-06 01:24 PT,2.56
2026-11-06 01:25 PT,2.569
2026-11-06 01:26 PT,2.578
2026-11-06 01:27 PT,2.587
2026-11-06 01:28 PT,2.596
2026-11-06 01:29 PT,2.605
2026-11-06 01:30 PT,2.615
2026-11-06 01:31 PT,2.624
2026-11-06 01:32 PT,2.633
2026-11-06 01:33 PT,2.642
2026-11-06 01:34 PT,2.651
2026-11-06 01:35 PT,2.66
2026-11-06 01:36 PT,2.67
2026-11-06 01:37 PT,2.679
2026-11-06 01:38 PT,2.688
2026-11-06 01:39 PT,2.697
2026-11-06 01:40 PT,2.706
2026-11-06 01:41 PT,2.716
2026-11-06 01:42 PT,2.725
2026-11-06 01:43 PT,2.734
2026-11-06 01:44 PT,2.743
2026-11-06 01:45 PT,2.752
2026-11-06 01:46 PT,2.762
2026-11-06 01:47 PT,2.771
2026-11-06 01:48 PT,2.78
2026-11-06 01:49 PT,2.789
2026-11-06 01:50 PT,2.798
2026-11-06 01:51 PT,2.808
2026-11-06 01:52 PT,2.817
2026-11-06 01:53 PT,2.826
2026-11-06 01:54 PT,2.835
2026-11-06 01:55 PT,2.844
2026-11-06 01:56 PT,2.853
2026-11-06 01:57 PT,2.863
2026-11-06 01:58 PT,2.872
2026-11-06 01:59 PT,2.881
2026-11-06 02:00 PT,2.89
2026-11-06 02:01 PT,2.899
2026-11-06 02:02 PT,2.908
2026-11-06 02:03 PT,2.918
2026-11-06 02:04 PT,2.927
2026-11-06 02:05 PT,2.936
2026-11-06 02:06 PT,2.945
2026-11-06 02:07 PT,2.954
2026-11-06 02:08 PT,2.963
2026-11-06 02:09 PT,2.972
2026-11-06 02:10 PT,2.981
2026-11-06 02:11 PT,2.99
2026-11-06 02:12 PT,2.999
2026-11-06 02:13 PT,3.008
2026-11-06 02:14 PT,3.017
2026-11-06 02:15 PT,3.026
2026-11-06 02:16 PT,3.035
2026-11-06 02:17 PT,3.044
2026-11-06 02:18 PT,3.053
2026-11-06 02:19 PT,3.062
2026-11-06 02:20 PT,3.071
2026-11-06 02:21 PT,3.08
2026-11-06 02:22 PT,3.089
2026-11-06 02:23 PT,3.097
2026-11-06 02:24 PT,3.106
2026-11-06 02:25 PT,3.115
2026-11-06 02:26 PT,3.124
2026-11-06 02:27 PT,3.132
2026-11-06 02:28 PT,3.141
2026-11-06 02:29 PT,3.15
2026-11-06 02:30 PT,3.158
2026-11-06 02:31 PT,3.167
2026-11-06 02:32 PT,3.176
2026-11-06 02:33 PT,3.184
2026-11-06 02:34 PT,3.193
2026-11-06 02:35 PT,3.201
2026-11-06 02:36 PT,3.21
2026-11-06 02:37 PT,3.218
2026-11-06 02:38 PT,3.227
2026-11-06 02:39 PT,3.235
2026-11-06 02:40 PT,3.243
2026-11-06 02:41 PT,3.252
2026-11-06 02:42 PT,3.26
2026-11-06 02:43 PT,3.268
2026-11-06 02:44 PT,3.277
2026-11-06 02:45 PT,3.285
2026-11-06 02:46 PT,3.293
2026-11-06 02:47 PT,3.301
2026-11-06 02:48 PT,3.309
2026-11-06 02:49 PT,3.317
2026-11-06 02:50 PT,3.325
2026-11-06 02:51 PT,3.333
2026-11-06 02:52 PT,3.341
2026-11-06 02:53 PT,3.349
2026-11-06 02:54 PT,3.357
2026-11-06 02:55 PT,3.365
2026-11-06 02:56 PT,3.373
2026-11-06 02:57 PT,3.38
2026-11-06 02:58 PT,3.388
2026-11-06 02:59 PT,3.396
2026-11-06 03:00 PT,3.403
2026-11-06 03:01 PT,3.411
2026-11-06 03:02 PT,3.418
2026-11-06 03:03 PT,3.426
2026-11-06 03:04 PT,3.433
2026-11-06 03:05 PT,3.441
2026-11-06 03:06 PT,3.448
2026-11-06 03:07 PT,3.455
2026-11-06 03:08 PT,3.462
2026-11-06 03:09 PT,3.47
2026-11-06 03:10 PT,3.477
2026-11-06 03:11 PT,3.484
2026-11-06 03:12 PT,3.491
2026-11-06 03:13 PT,3.498
2026-11-06 03:14 PT,3.505
2026-11-06 03:15 PT,3.512
2026-11-06 03:16 PT,3.518
2026-11-06 03:17 PT,3.525
2026-11-06 03:18 PT,3.532
2026-11-06 03:19 PT,3.538
2026-11-06 03:20 PT,3.545
2026-11-06 03:21 PT,3.552
2026-11-06 03:22 PT,3.558
2026-11-06 03:23 PT,3.564
2026-11-06 03:24 PT,3.571
2026-11-06 03:25 PT,3.577
2026-11-06 03:26 PT,3.583
2026-11-06 03:27 PT,3.59
2026-11-06 03:28 PT,3.596
2026-11-06 03:29 PT,3.602
2026-11-06 03:30 PT,3.608
2026-11-06 03:31 PT,3.614
2026-11-06 03:32 PT,3.62
2026-11-06 03:33 PT,3.625
2026-11-06 03:34 PT,3.631
2026-11-06 03:35 PT,3.637
2026-11-06 03:36 PT,3.643
2026-11-06 03:37 PT,3.648
2026-11-06 03:38 PT,3.654
2026-11-06 03:39 PT,3.659
2026-11-06 03:40 PT,3.664
2026-11-06 03:41 PT,3.67
2026-11-06 03:42 PT,3.675
2026-11-06 03:43 PT,3.68
2026-11-06 03:44 PT,3.685
2026-11-06 03:45 PT,3.69
2026-11-06 03:46 PT,3.695
2026-11-06 03:47 PT,3.7
2026-11-06 03:48 PT,3.705
2026-11-06 03:49 PT,3.71
2026-11-06 03:50 PT,3.715
2026-11-06 03:51 PT,3.719
2026-11-06 03:52 PT,3.724
2026-11-06 03:53 PT,3.728
2026-11-06 03:54 PT,3.733
2026-11-06 03:55 PT,3.737
2026-11-06 03:56 PT,3.741
2026-11-06 03:57 PT,3.746
2026-11-06 03:58 PT,3.75
2026-11-06 03:59 PT,3.754
2026-11-06 04:00 PT,3.758
2026-11-06 04:01 PT,3.762
2026-11-06 04:02 PT,3.766
2026-11-06 04:03 PT,3.769
2026-11-06 04:04 PT,3.773
2026-11-06 04:05 PT,3.777
2026-11-06 04:06 PT,3.78
2026-11-06 04:07 PT,3.784
2026-11-06 04:08 PT,3.787
2026-11-06 04:09 PT,3.791
2026-11-06 04:10 PT,3.794
2026-11-06 04:11 PT,3.797
2026-11-06 04:12 PT,3.8
2026-11-06 04:13 PT,3.803
2026-11-06 04:14 PT,3.806
2026-11-06 04:15 PT,3.809
2026-11-06 04:16 PT,3.812
2026-11-06 04:17 PT,3.815
2026-11-06 04:18 PT,3.818
2026-11-06 04:19 PT,3.82
2026-11-06 04:20 PT,3.823
2026-11-06 04:21 PT,3.825
2026-11-06 04:22 PT,3.828
2026-11-06 04:23 PT,3.83
2026-11-06 04:24 PT,3.832
2026-11-06 04:25 PT,3.834
2026-11-06 04:26 PT,3.836
2026-11-06 04:27 PT,3.839
2026-11-06 04:28 PT,3.84
2026-11-06 04:29 PT,3.842
2026-11-06 04:30 PT,3.844
2026-11-06 04:31 PT,3.846
2026-11-06 04:32 PT,3.848
2026-11-06 04:33 PT,3.849
2026-11-06 04:34 PT,3.851
2026-11-06 04:35 PT,3.852
2026-11-06 04:36 PT,3.853
2026-11-06 04:37 PT,3.855
2026-11-06 04:38 PT,3.856
2026-11-06 04:39 PT,3.857
2026-11-06 04:40 PT,3.858
2026-11-06 04:41 PT,3.859
2026-11-06 04:42 PT,3.86
2026-11-06 04:43 PT,3.861
2026-11-06 04:44 PT,3.862
2026-11-06 04:45 PT,3.863
2026-11-06 04:46 PT,3.863
2026-11-06 04:47 PT,3.864
2026-11-06 04:48 PT,3.864
2026-11-06 04:49 PT,3.865
2026-11-06 04:50 PT,3.865
2026-11-06 04:51 PT,3.865
2026-11-06 04:52 PT,3.866
2026-11-06 04:53 PT,3.866
2026-11-06 04:54 PT,3.866
2026-11-06 04:55 PT,3.866
2026-11-06 04:56 PT,3.866
2026-11-06 04:57 PT,3.866
2026-11-06 04:58 PT,3.865
2026-11-06 04:59 PT,3.865
2026-11-06 05:00 PT,3.865
2026-11-06 05:01 PT,3.864
2026-11-06 05:02 PT,3.864
2026-11-06 05:03 PT,3.863
2026-11-06 05:04 PT,3.863
2026-11-06 05:05 PT,3.862
2026-11-06 05:06 PT,3.861
2026-11-06 05:07 PT,3.861
2026-11-06 05:08 PT,3.86
2026-11-06 05:09 PT,3.859
2026-11-06 05:10 PT,3.858
2026-11-06 05:11 PT,3.857
2026-11-06 05:12 PT,3.856
2026-11-06 05:13 PT,3.854
2026-11-06 05:14 PT,3.853
2026-11-06 05:15 PT,3.852
2026-11-06 05:16 PT,3.851
2026-11-06 05:17 PT,3.849
2026-11-06 05:18 PT,3.848
2026-11-06 05:19 PT,3.846
2026-11-06 05:20 PT,3.844
2026-11-06 05:21 PT,3.843
2026-11-06 05:22 PT,3.841
2026-11-06 05:23 PT,3.839
2026-11-06 05:24 PT,3.837
2026-11-06 05:25 PT,3.835
2026-11-06 05:26 PT,3.833
2026-11-06 05:27 PT,3.831
2026-11-06 05:28 PT,3.829
2026-11-06 05:29 PT,3.827
2026-11-06 05:30 PT,3.825
2026-11-06 05:31 PT,3.823
2026-11-06 05:32 PT,3.821
2026-11-06 05:33 PT,3.818
2026-11-06 05:34 PT,3.816
2026-11-06 05:35 PT,3.813
2026-11-06 05:36 PT,3.811
2026-11-06 05:37 PT,3.808
2026-11-06 05:38 PT,3.806
2026-11-06 05:39 PT,3.803
2026-11-06 05:40 PT,3.8
2026-11-06 05:41 PT,3.797
2026-11-06 05:42 PT,3.795
2026-11-06 05:43 PT,3.792
2026-11-06 05:44 PT,3.789
2026-11-06 05:45 PT,3.786
2026-11-06 05:46 PT,3.783
2026-11-06 05:47 PT,3.78
2026-11-06 05:48 PT,3.777
2026-11-06 05:49 PT,3.773
2026-11-06 05:50 PT,3.77
2026-11-06 05:51 PT,3.767
2026-11-06 05:52 PT,3.764
2026-11-06 05:53 PT,3.76
2026-11-06 05:54 PT,3.757
2026-11-06 05:55 PT,3.754
2026-11-06 05:56 PT,3.75
2026-11-06 05:57 PT,3.747
2026-11-06 05:58 PT,3.743
2026-11-06 05:59 PT,3.739
2026-11-06 06:00 PT,3.736
2026-11-06 06:01 PT,3.732
2026-11-06 06:02 PT,3.728
2026-11-06 06:03 PT,3.725
2026-11-06 06:04 PT,3.721
2026-11-06 06:05 PT,3.717
2026-11-06 06:06 PT,3.713
2026-11-06 06:07 PT,3.709
2026-11-06 06:08 PT,3.705
2026-11-06 06:09 PT,3.701
2026-11-06 06:10 PT,3.697
2026-11-06 06:11 PT,3.693
2026-11-06 06:12 PT,3.689
2026-11-06 06:13 PT,3.685
2026-11-06 06:14 PT,3.681
2026-11-06 06:15 PT,3.677
2026-11-06 06:16 PT,3.672
2026-11-06 06:17 PT,3.668
2026-11-06 06:18 PT,3.664
2026-11-06 06:19 PT,3.66
2026-11-06 06:20 PT,3.655
2026-11-06 06:21 PT,3.651
2026-11-06 06:22 PT,3.646
2026-11-06 06:23 PT,3.642
2026-11-06 06:24 PT,3.637
2026-11-06 06:25 PT,3.633
2026-11-06 06:26 PT,3.628
2026-11-06 06:27 PT,3.624
2026-11-06 06:28 PT,3.619
2026-11-06 06:29 PT,3.615
2026-11-06 06:30 PT,3.61
2026-11-06 06:31 PT,3.605
2026-11-06 06:32 PT,3.601
2026-11-06 06:33 PT,3.596
2026-11-06 06:34 PT,3.591
2026-11-06 06:35 PT,3.586
2026-11-06 06:36 PT,3.582
2026-11-06 06:37 PT,3.577
2026-11-06 06:38 PT,3.572
2026-11-06 06:39 PT,3.567
2026-11-06 06:40 PT,3.562
2026-11-06 06:41 PT,3.557
2026-11-06 06:42 PT,3.552
2026-11-06 06:43 PT,3.547
2026-11-06 06:44 PT,3.542
2026-11-06 06:45 PT,3.537
2026-11-06 06:46 PT,3.532
2026-11-06 06:47 PT,3.527
2026-11-06 06:48 PT,3.522
2026-11-06 06:49 PT,3.517
2026-11-06 06:50 PT,3.512
2026-11-06 06:51 PT,3.507
2026-11-06 06:52 PT,3.502
2026-11-06 06:53 PT,3.496
2026-11-06 06:54 PT,3.491
2026-11-06 06:55 PT,3.486
2026-11-06 06:56 PT,3.481
2026-11-06 06:57 PT,3.475
2026-11-06 06:58 PT,3.47
2026-11-06 06:59 PT,3.465
2026-11-06 07:00 PT,3.459
2026-11-06 07:01 PT,3.454
2026-11-06 07:02 PT,3.449
2026-11-06 07:03 PT,3.443
2026-11-06 07:04 PT,3.438
2026-11-06 07:05 PT,3.433
2026-11-06 07:06 PT,3.427
2026-11-06 07:07 PT,3.422
2026-11-06 07:08 PT,3.416
2026-11-06 07:09 PT,3.411
2026-11-06 07:10 PT,3.405
2026-11-06 07:11 PT,3.4
2026-11-06 07:12 PT,3.394
2026-11-06 07:13 PT,3.389
2026-11-06 07:14 PT,3.383
2026-11-06 07:15 PT,3.378
2026-11-06 07:16 PT,3.372
2026-11-06 07:17 PT,3.367
2026-11-06 07:18 PT,3.361
2026-11-06 07:19 PT,3.355
2026-11-06 07:20 PT,3.35
2026-11-06 07:21 PT,3.344
2026-11-06 07:22 PT,3.339
2026-11-06 07:23 PT,3.333
2026-11-06 07:24 PT,3.327
2026-11-06 07:25 PT,3.322
2026-11-06 07:26 PT,3.316
2026-11-06 07:27 PT,3.31
2026-11-06 07:28 PT,3.304
2026-11-06 07:29 PT,3.299
2026-11-06 07:30 PT,3.293
2026-11-06 07:31 PT,3.287
2026-11-06 07:32 PT,3.281
2026-11-06 07:33 PT,3.276
2026-11-06 07:34 PT,3.27
2026-11-06 07:35 PT,3.264
2026-11-06 07:36 PT,3.258
2026-11-06 07:37 PT,3.253
2026-11-06 07:38 PT,3.247
2026-11-06 07:39 PT,3.241
2026-11-06 07:40 PT,3.235
2026-11-06 07:41 PT,3.229
2026-11-06 07:42 PT,3.223
2026-11-06 07:43 PT,3.218
2026-11-06 07:44 PT,3.212
2026-11-06 07:45 PT,3.206
2026-11-06 07:46 PT,3.2
2026-11-06 07:47 PT,3.194
2026-11-06 07:48 PT,3.188
2026-11-06 07:49 PT,3.183
2026-11-06 07:50 PT,3.177
2026-11-06 07:51 PT,3.171
2026-11-06 07:52 PT,3.165
2026-11-06 07:53 PT,3.159
2026-11-06 07:54 PT,3.153
2026-11-06 07:55 PT,3.147
2026-11-06 07:56 PT,3.141
2026-11-06 07:57 PT,3.136
2026-11-06 07:58 PT,3.13
2026-11-06 07:59 PT,3.124
2026-11-06 08:00 PT,3.118
2026-11-06 08:01 PT,3.112
2026-11-06 08:02 PT,3.106
2026-11-06 08:03 PT,3.1
2026-11-06 08:04 PT,3.094
2026-11-06 08:05 PT,3.088
2026-11-06 08:06 PT,3.083
2026-11-06 08:07 PT,3.077
2026-11-06 08:08 PT,3.071
2026-11-06 08:09 PT,3.065
2026-11-06 08:10 PT,3.059
2026-11-06 08:11 PT,3.053
2026-11-06 08:12 PT,3.047
2026-11-06 08:13 PT,3.042
2026-11-06 08:14 PT,3.036
2026-11-06 08:15 PT,3.03
2026-11-06 08:16 PT,3.024
2026-11-06 08:17 PT,3.018
2026-11-06 08:18 PT,3.013
2026-11-06 08:19 PT,3.007
2026-11-06 08:20 PT,3.001
2026-11-06 08:21 PT,2.995
2026-11-06 08:22 PT,2.989
2026-11-06 08:23 PT,2.984
2026-11-06 08:24 PT,2.978
2026-11-06 08:25 PT,2.972
2026-11-06 08:26 PT,2.967
2026-11-06 08:27 PT,2.961
2026-11-06 08:28 PT,2.955
2026-11-06 08:29 PT,2.95
2026-11-06 08:30 PT,2.944
2026-11-06 08:31 PT,2.938
2026-11-06 08:32 PT,2.933
2026-11-06 08:33 PT,2.927
2026-11-06 08:34 PT,2.922
2026-11-06 08:35 PT,2.916
2026-11-06 08:36 PT,2.911
2026-11-06 08:37 PT,2.905
2026-11-06 08:38 PT,2.9
2026-11-06 08:39 PT,2.894
2026-11-06 08:40 PT,2.889
2026-11-06 08:41 PT,2.883
2026-11-06 08:42 PT,2.878
2026-11-06 08:43 PT,2.873
2026-11-06 08:44 PT,2.867
2026-11-06 08:45 PT,2.862
2026-11-06 08:46 PT,2.857
2026-11-06 08:47 PT,2.851
2026-11-06 08:48 PT,2.846
2026-11-06 08:49 PT,2.841
2026-11-06 08:50 PT,2.836
2026-11-06 08:51 PT,2.831
2026-11-06 08:52 PT,2.826
2026-11-06 08:53 PT,2.821
2026-11-06 08:54 PT,2.816
2026-11-06 08:55 PT,2.811
2026-11-06 08:56 PT,2.806
2026-11-06 08:57 PT,2.801
2026-11-06 08:58 PT,2.796
2026-11-06 08:59 PT,2.791
2026-11-06 09:00 PT,2.786
2026-11-06 09:01 PT,2.782
2026-11-06 09:02 PT,2.777
2026-11-06 09:03 PT,2.772
2026-11-06 09:04 PT,2.768
2026-11-06 09:05 PT,2.763
2026-11-06 09:06 PT,2.758
2026-11-06 09:07 PT,2.754
2026-11-06 09:08 PT,2.749
2026-11-06 09:09 PT,2.745
2026-11-06 09:10 PT,2.741
2026-11-06 09:11 PT,2.736
2026-11-06 09:12 PT,2.732
2026-11-06 09:13 PT,2.728
2026-11-06 09:14 PT,2.724
2026-11-06 09:15 PT,2.72
2026-11-06 09:16 PT,2.715
2026-11-06 09:17 PT,2.711
2026-11-06 09:18 PT,2.707
2026-11-06 09:19 PT,2.704
2026-11-06 09:20 PT,2.7
2026-11-06 09:21 PT,2.696
2026-11-06 09:22 PT,2.692
2026-11-06 09:23 PT,2.688
2026-11-06 09:24 PT,2.685
2026-11-06 09:25 PT,2.681
2026-11-06 09:26 PT,2.678
2026-11-06 09:27 PT,2.674
2026-11-06 09:28 PT,2.671
2026-11-06 09:29 PT,2.667
2026-11-06 09:30 PT,2.664
2026-11-06 09:31 PT,2.661
2026-11-06 09:32 PT,2.658
2026-11-06 09:33 PT,2.655
2026-11-06 09:34 PT,2.652
2026-11-06 09:35 PT,2.649
2026-11-06 09:36 PT,2.646
2026-11-06 09:37 PT,2.643
2026-11-06 09:38 PT,2.64
2026-11-06 09:39 PT,2.637
2026-11-06 09:40 PT,2.635
2026-11-06 09:41 PT,2.632
2026-11-06 09:42 PT,2.63
2026-11-06 09:43 PT,2.627
2026-11-06 09:44 PT,2.625
2026-11-06 09:45 PT,2.622
2026-11-06 09:46 PT,2.62
2026-11-06 09:47 PT,2.618
2026-11-06 09:48 PT,2.616
2026-11-06 09:49 PT,2.614
2026-11-06 09:50 PT,2.612
2026-11-06 09:51 PT,2.61
2026-11-06 09:52 PT,2.608
2026-11-06 09:53 PT,2.606
2026-11-06 09:54 PT,2.605
2026-11-06 09:55 PT,2.603
2026-11-06 09:56 PT,2.602
2026-11-06 09:57 PT,2.6
2026-11-06 09:58 PT,2.599
2026-11-06 09:59 PT,2.598
2026-11-06 10:00 PT,2.596
2026-11-06 10:01 PT,2.595
2026-11-06 10:02 PT,2.594
2026-11-06 10:03 PT,2.593
2026-11-06 10:04 PT,2.592
2026-11-06 10:05 PT,2.591
2026-11-06 10:06 PT,2.591
2026-11-06 10:07 PT,2.59
2026-11-06 10:08 PT,2.589
2026-11-06 10:09 PT,2.589
2026-11-06 10:10 PT,2.588
2026-11-06 10:11 PT,2.588
2026-11-06 10:12 PT,2.587
2026-11-06 10:13 PT,2.587
2026-11-06 10:14 PT,2.587
2026-11-06 10:15 PT,2.587
2026-11-06 10:16 PT,2.587
2026-11-06 10:17 PT,2.587
2026-11-06 10:18 PT,2.587
2026-11-06 10:19 PT,2.587
2026-11-06 10:20 PT,2.588
2026-11-06 10:21 PT,2.588
2026-11-06 10:22 PT,2.589
2026-11-06 10:23 PT,2.589
2026-11-06 10:24 PT,2.59
2026-11-06 10:25 PT,2.59
2026-11-06 10:26 PT,2.591
2026-11-06 10:27 PT,2.592
2026-11-06 10:28 PT,2.593
2026-11-06 10:29 PT,2.594
2026-11-06 10:30 PT,2.595
2026-11-06 10:31 PT,2.596
2026-11-06 10:32 PT,2.597
2026-11-06 10:33 PT,2.599
2026-11-06 10:34 PT,2.6
2026-11-06 10:35 PT,2.601
2026-11-06 10:36 PT,2.603
2026-11-06 10:37 PT,2.604
2026-11-06 10:38 PT,2.606
2026-11-06 10:39 PT,2.608
2026-11-06 10:40 PT,2.61
2026-11-06 10:41 PT,2.612
2026-11-06 10:42 PT,2.614
2026-11-06 10:43 PT,2.616
2026-11-06 10:44 PT,2.618
2026-11-06 10:45 PT,2.62
2026-11-06 10:46 PT,2.622
2026-11-06 10:47 PT,2.624
2026-11-06 10:48 PT,2.627
2026-11-06 10:49 PT,2.629
2026-11-06 10:50 PT,2.632
2026-11-06 10:51 PT,2.634
2026-11-06 10:52 PT,2.637
2026-11-06 10:53 PT,2.64
2026-11-06 10:54 PT,2.643
2026-11-06 10:55 PT,2.646
2026-11-06 10:56 PT,2.648
2026-11-06 10:57 PT,2.651
2026-11-06 10:58 PT,2.655
2026-11-06 10:59 PT,2.658
2026-11-06 11:00 PT,2.661
2026-11-06 11:01 PT,2.664
2026-11-06 11:02 PT,2.668
2026-11-06 11:03 PT,2.671
2026-11-06 11:04 PT,2.674
2026-11-06 11:05 PT,2.678
2026-11-06 11:06 PT,2.682
2026-11-06 11:07 PT,2.685
2026-11-06 11:08 PT,2.689
2026-11-06 11:09 PT,2.693
2026-11-06 11:10 PT,2.697
2026-11-06 11:11 PT,2.701
2026-11-06 11:12 PT,2.704
2026-11-06 11:13 PT,2.709
2026-11-06 11:14 PT,2.713
2026-11-06 11:15 PT,2.717
2026-11-06 11:16 PT,2.721
2026-11-06 11:17 PT,2.725
2026-11-06 11:18 PT,2.73
2026-11-06 11:19 PT,2.734
2026-11-06 11:20 PT,2.738
2026-11-06 11:21 PT,2.743
2026-11-06 11:22 PT,2.747
2026-11-06 11:23 PT,2.752
2026-11-06 11:24 PT,2.757
2026-11-06 11:25 PT,2.761
2026-11-06 11:26 PT,2.766
2026-11-06 11:27 PT,2.771
2026-11-06 11:28 PT,2.776
2026-11-06 11:29 PT,2.781
2026-11-06 11:30 PT,2.785
2026-11-06 11:31 PT,2.79
2026-11-06 11:32 PT,2.796
2026-11-06 11:33 PT,2.801
2026-11-06 11:34 PT,2.806
2026-11-06 11:35 PT,2.811
2026-11-06 11:36 PT,2.816
2026-11-06 11:37 PT,2.821
2026-11-06 11:38 PT,2.827
2026-11-06 11:39 PT,2.832
2026-11-06 11:40 PT,2.838
2026-11-06 11:41 PT,2.843
2026-11-06 11:42 PT,2.849
2026-11-06 11:43 PT,2.854
2026-11-06 11:44 PT,2.86
2026-11-06 11:45 PT,2.865
2026-11-06 11:46 PT,2.871
2026-11-06 11:47 PT,2.877
2026-11-06 11:48 PT,2.882
2026-11-06 11:49 PT,2.888
2026-11-06 11:50 PT,2.894
2026-11-06 11:51 PT,2.9
2026-11-06 11:52 PT,2.906
2026-11-06 11:53 PT,2.912
2026-11-06 11:54 PT,2.918
2026-11-06 11:55 PT,2.924
2026-11-06 11:56 PT,2.93
2026-11-06 11:57 PT,2.936
2026-11-06 11:58 PT,2.942
2026-11-06 11:59 PT,2.948
2026-11-06 12:00 PT,2.954
2026-11-06 12:01 PT,2.96
2026-11-06 12:02 PT,2.967
2026-11-06 12:03 PT,2.973
2026-11-06 12:04 PT,2.979
2026-11-06 12:05 PT,2.986
2026-11-06 12:06 PT,2.992
2026-11-06 12:07 PT,2.998
2026-11-06 12:08 PT,3.005
2026-11-06 12:09 PT,3.011
2026-11-06 12:10 PT,3.018
2026-11-06 12:11 PT,3.024
2026-11-06 12:12 PT,3.031
2026-11-06 12:13 PT,3.037
2026-11-06 12:14 PT,3.044
2026-11-06 12:15 PT,3.051
2026-11-06 12:16 PT,3.057
2026-11-06 12:17 PT,3.064
2026-11-06 12:18 PT,3.071
2026-11-06 12:19 PT,3.078
2026-11-06 12:20 PT,3.084
2026-11-06 12:21 PT,3.091
2026-11-06 12:22 PT,3.098
2026-11-06 12:23 PT,3.105
2026-11-06 12:24 PT,3.112
2026-11-06 12:25 PT,3.119
2026-11-06 12:26 PT,3.125
2026-11-06 12:27 PT,3.132
2026-11-06 12:28 PT,3.139
2026-11-06 12:29 PT,3.146
2026-11-06 12:30 PT,3.153
2026-11-06 12:31 PT,3.16
2026-11-06 12:32 PT,3.167
2026-11-06 12:33 PT,3.174
2026-11-06 12:34 PT,3.182
2026-11-06 12:35 PT,3.189
2026-11-06 12:36 PT,3.196
2026-11-06 12:37 PT,3.203
2026-11-06 12:38 PT,3.21
2026-11-06 12:39 PT,3.217
2026-11-06 12:40 PT,3.224
2026-11-06 12:41 PT,3.232
2026-11-06 12:42 PT,3.239
2026-11-06 12:43 PT,3.246
2026-11-06 12:44 PT,3.253
2026-11-06 12:45 PT,3.261
2026-11-06 12:46 PT,3.268
2026-11-06 12:47 PT,3.275
2026-11-06 12:48 PT,3.283
2026-11-06 12:49 PT,3.29
2026-11-06 12:50 PT,3.297
2026-11-06 12:51 PT,3.305
2026-11-06 12:52 PT,3.312
2026-11-06 12:53 PT,3.32
2026-11-06 12:54 PT,3.327
2026-11-06 12:55 PT,3.334
2026-11-06 12:56 PT,3.342
2026-11-06 12:57 PT,3.349
2026-11-06 12:58 PT,3.357
2026-11-06 12:59 PT,3.364
2026-11-06 13:00 PT,3.372
2026-11-06 13:01 PT,3.379
2026-11-06 13:02 PT,3.387
2026-11-06 13:03 PT,3.394
2026-11-06 13:04 PT,3.402
2026-11-06 13:05 PT,3.409
2026-11-06 13:06 PT,3.417
2026-11-06 13:07 PT,3.425
2026-11-06 13:08 PT,3.432
2026-11-06 13:09 PT,3.44
2026-11-06 13:10 PT,3.447
2026-11-06 13:11 PT,3.455
2026-11-06 13:12 PT,3.463
2026-11-06 13:13 PT,3.47
2026-11-06 13:14 PT,3.478
2026-11-06 13:15 PT,3.486
2026-11-06 13:16 PT,3.493
2026-11-06 13:17 PT,3.501
2026-11-06 13:18 PT,3.509
2026-11-06 13:19 PT,3.516
2026-11-06 13:20 PT,3.524
2026-11-06 13:21 PT,3.532
2026-11-06 13:22 PT,3.539
2026-11-06 13:23 PT,3.547
2026-11-06 13:24 PT,3.555
2026-11-06 13:25 PT,3.562
2026-11-06 13:26 PT,3.57
2026-11-06 13:27 PT,3.578
2026-11-06 13:28 PT,3.585
2026-11-06 13:29 PT,3.593
2026-11-06 13:30 PT,3.601
2026-11-06 13:31 PT,3.608
2026-11-06 13:32 PT,3.616
2026-11-06 13:33 PT,3.624
2026-11-06 13:34 PT,3.632
2026-11-06 13:35 PT,3.639
2026-11-06 13:36 PT,3.647
2026-11-06 13:37 PT,3.655
2026-11-06 13:38 PT,3.662
2026-11-06 13:39 PT,3.67
2026-11-06 13:40 PT,3.678
2026-11-06 13:41 PT,3.685
2026-11-06 13:42 PT,3.693
2026-11-06 13:43 PT,3.701
2026-11-06 13:44 PT,3.708
2026-11-06 13:45 PT,3.716
2026-11-06 13:46 PT,3.724
2026-11-06 13:47 PT,3.731
2026-11-06 13:48 PT,3.739
2026-11-06 13:49 PT,3.747
2026-11-06 13:50 PT,3.754
2026-11-06 13:51 PT,3.762
2026-11-06 13:52 PT,3.769
2026-11-06 13:53 PT,3.777
2026-11-06 13:54 PT,3.785
2026-11-06 13:55 PT,3.792
2026-11-06 13:56 PT,3.8
2026-11-06 13:57 PT,3.807
2026-11-06 13:58 PT,3.815
2026-11-06 13:59 PT,3.822
2026-11-06 14:00 PT,3.83
2026-11-06 14:01 PT,3.837
2026-11-06 14:02 PT,3.845
2026-11-06 14:03 PT,3.852
2026-11-06 14:04 PT,3.859
2026-11-06 14:05 PT,3.867
2026-11-06 14:06 PT,3.874
2026-11-06 14:07 PT,3.882
2026-11-06 14:08 PT,3.889
2026-11-06 14:09 PT,3.896
2026-11-06 14:10 PT,3.903
2026-11-06 14:11 PT,3.911
2026-11-06 14:12 PT,3.918
2026-11-06 14:13 PT,3.925
2026-11-06 14:14 PT,3.932
2026-11-06 14:15 PT,3.94
2026-11-06 14:16 PT,3.947
2026-11-06 14:17 PT,3.954
2026-11-06 14:18 PT,3.961
2026-11-06 14:19 PT,3.968
2026-11-06 14:20 PT,3.975
2026-11-06 14:21 PT,3.982
2026-11-06 14:22 PT,3.989
2026-11-06 14:23 PT,3.996
2026-11-06 14:24 PT,4.003
2026-11-06 14:25 PT,4.01
2026-11-06 14:26 PT,4.016
2026-11-06 14:27 PT,4.023
2026-11-06 14:28 PT,4.03
2026-11-06 14:29 PT,4.037
2026-11-06 14:30 PT,4.043
2026-11-06 14:31 PT,4.05
2026-11-06 14:32 PT,4.057
2026-11-06 14:33 PT,4.063
2026-11-06 14:34 PT,4.07
2026-11-06 14:35 PT,4.076
2026-11-06 14:36 PT,4.083
2026-11-06 14:37 PT,4.089
2026-11-06 14:38 PT,4.095
2026-11-06 14:39 PT,4.102
2026-11-06 14:40 PT,4.108
2026-11-06 14:41 PT,4.114
2026-11-06 14:42 PT,4.12
2026-11-06 14:43 PT,4.127
2026-11-06 14:44 PT,4.133
2026-11-06 14:45 PT,4.139
2026-11-06 14:46 PT,4.145
2026-11-06 14:47 PT,4.151
2026-11-06 14:48 PT,4.156
2026-11-06 14:49 PT,4.162
2026-11-06 14:50 PT,4.168
2026-11-06 14:51 PT,4.174
2026-11-06 14:52 PT,4.179
2026-11-06 14:53 PT,4.185
2026-11-06 14:54 PT,4.191
2026-11-06 14:55 PT,4.196
2026-11-06 14:56 PT,4.202
2026-11-06 14:57 PT,4.207
2026-11-06 14:58 PT,4.212
2026-11-06 14:59 PT,4.218
2026-11-06 15:00 PT,4.223
2026-11-06 15:01 PT,4.228
2026-11-06 15:02 PT,4.233
2026-11-06 15:03 PT,4.238
2026-11-06 15:04 PT,4.243
2026-11-06 15:05 PT,4.248
2026-11-06 15:06 PT,4.253
2026-11-06 15:07 PT,4.257
2026-11-06 15:08 PT,4.262
2026-11-06 15:09 PT,4.267
2026-11-06 15:10 PT,4.271
2026-11-06 15:11 PT,4.276
2026-11-06 15:12 PT,4.28
2026-11-06 15:13 PT,4.285
2026-11-06 15:14 PT,4.289
2026-11-06 15:15 PT,4.293
2026-11-06 15:16 PT,4.297
2026-11-06 15:17 PT,4.301
2026-11-06 15:18 PT,4.305
2026-11-06 15:19 PT,4.309
2026-11-06 15:20 PT,4.313
2026-11-06 15:21 PT,4.317
2026-11-06 15:22 PT,4.321
2026-11-06 15:23 PT,4.324
2026-11-06 15:24 PT,4.328
2026-11-06 15:25 PT,4.331
2026-11-06 15:26 PT,4.335
2026-11-06 15:27 PT,4.338
2026-11-06 15:28 PT,4.341
2026-11-06 15:29 PT,4.344
2026-11-06 15:30 PT,4.348
2026-11-06 15:31 PT,4.351
2026-11-06 15:32 PT,4.354
2026-11-06 15:33 PT,4.356
2026-11-06 15:34 PT,4.359
2026-11-06 15:35 PT,4.362
2026-11-06 15:36 PT,4.364
2026-11-06 15:37 PT,4.367
2026-11-06 15:38 PT,4.369
2026-11-06 15:39 PT,4.372
2026-11-06 15:40 PT,4.374
2026-11-06 15:41 PT,4.376
2026-11-06 15:42 PT,4.378
2026-11-06 15:43 PT,4.38
2026-11-06 15:44 PT,4.382
2026-11-06 15:45 PT,4.384
2026-11-06 15:46 PT,4.386
2026-11-06 15:47 PT,4.388
2026-11-06 15:48 PT,4.389
2026-11-06 15:49 PT,4.391
2026-11-06 15:50 PT,4.392
2026-11-06 15:51 PT,4.393
2026-11-06 15:52 PT,4.395
2026-11-06 15:53 PT,4.396
2026-11-06 15:54 PT,4.397
2026-11-06 15:55 PT,4.398
2026-11-06 15:56 PT,4.399
2026-11-06 15:57 PT,4.4
2026-11-06 15:58 PT,4.4
2026-11-06 15:59 PT,4.401
2026-11-06 16:00 PT,4.401
2026-11-06 16:01 PT,4.402
2026-11-06 16:02 PT,4.402
2026-11-06 16:03 PT,4.403
2026-11-06 16:04 PT,4.403
2026-11-06 16:05 PT,4.403
2026-11-06 16:06 PT,4.403
2026-11-06 16:07 PT,4.403
2026-11-06 16:08 PT,4.403
2026-11-06 16:09 PT,4.402
2026-11-06 16:10 PT,4.402
2026-11-06 16:11 PT,4.401
2026-11-06 16:12 PT,4.401
2026-11-06 16:13 PT,4.4
2026-11-06 16:14 PT,4.4
2026-11-06 16:15 PT,4.399
2026-11-06 16:16 PT,4.398
2026-11-06 16:17 PT,4.397
2026-11-06 16:18 PT,4.396
2026-11-06 16:19 PT,4.395
2026-11-06 16:20 PT,4.393
2026-11-06 16:21 PT,4.392
2026-11-06 16:22 PT,4.39
2026-11-06 16:23 PT,4.389
2026-11-06 16:24 PT,4.387
2026-11-06 16:25 PT,4.386
2026-11-06 16:26 PT,4.384
2026-11-06 16:27 PT,4.382
2026-11-06 16:28 PT,4.38
2026-11-06 16:29 PT,4.378
2026-11-06 16:30 PT,4.376
2026-11-06 16:31 PT,4.373
2026-11-06 16:32 PT,4.371
2026-11-06 16:33 PT,4.369
2026-11-06 16:34 PT,4.366
2026-11-06 16:35 PT,4.364
2026-11-06 16:36 PT,4.361
2026-11-06 16:37 PT,4.358
2026-11-06 16:38 PT,4.355
2026-11-06 16:39 PT,4.352
2026-11-06 16:40 PT,4.349
2026-11-06 16:41 PT,4.346
2026-11-06 16:42 PT,4.343
2026-11-06 16:43 PT,4.34
2026-11-06 16:44 PT,4.336
2026-11-06 16:45 PT,4.333
2026-11-06 16:46 PT,4.329
2026-11-06 16:47 PT,4.326
2026-11-06 16:48 PT,4.322
2026-11-06 16:49 PT,4.318
2026-11-06 16:50 PT,4.314
2026-11-06 16:51 PT,4.311
2026-11-06 16:52 PT,4.306
2026-11-06 16:53 PT,4.302
2026-11-06 16:54 PT,4.298
2026-11-06 16:55 PT,4.294
2026-11-06 16:56 PT,4.29
2026-11-06 16:57 PT,4.285
2026-11-06 16:58 PT,4.281
2026-11-06 16:59 PT,4.276
2026-11-06 17:00 PT,4.271
2026-11-06 17:01 PT,4.267
2026-11-06 17:02 PT,4.262
2026-11-06 17:03 PT,4.257
2026-11-06 17:04 PT,4.252
2026-11-06 17:05 PT,4.247
2026-11-06 17:06 PT,4.242
2026-11-06 17:07 PT,4.237
2026-11-06 17:08 PT,4.231
2026-11-06 17:09 PT,4.226
2026-11-06 17:10 PT,4.221
2026-11-06 17:11 PT,4.215
2026-11-06 17:12 PT,4.21
2026-11-06 17:13 PT,4.204
2026-11-06 17:14 PT,4.198
2026-11-06 17:15 PT,4.193
2026-11-06 17:16 PT,4.187
2026-11-06 17:17 PT,4.181
2026-11-06 17:18 PT,4.175
2026-11-06 17:19 PT,4.169
2026-11-06 17:20 PT,4.163
2026-11-06 17:21 PT,4.157
2026-11-06 17:22 PT,4.15
2026-11-06 17:23 PT,4.144
2026-11-06 17:24 PT,4.138
2026-11-06 17:25 PT,4.131
2026-11-06 17:26 PT,4.125
2026-11-06 17:27 PT,4.118
2026-11-06 17:28 PT,4.112
2026-11-06 17:29 PT,4.105
2026-11-06 17:30 PT,4.098
2026-11-06 17:31 PT,4.091
2026-11-06 17:32 PT,4.085
2026-11-06 17:33 PT,4.078
2026-11-06 17:34 PT,4.071
2026-11-06 17:35 PT,4.064
2026-11-06 17:36 PT,4.057
2026-11-06 17:37 PT,4.049
2026-11-06 17:38 PT,4.042
2026-11-06 17:39 PT,4.035
2026-11-06 17:40 PT,4.028
2026-11-06 17:41 PT,4.02
2026-11-06 17:42 PT,4.013
2026-11-06 17:43 PT,4.005
2026-11-06 17:44 PT,3.998
2026-11-06 17:45 PT,3.99
2026-11-06 17:46 PT,3.983
2026-11-06 17:47 PT,3.975
2026-11-06 17:48 PT,3.967
2026-11-06 17:49 PT,3.96
2026-11-06 17:50 PT,3.952
2026-11-06 17:51 PT,3.944
2026-11-06 17:52 PT,3.936
2026-11-06 17:53 PT,3.928
2026-11-06 17:54 PT,3.92
2026-11-06 17:55 PT,3.912
2026-11-06 17:56 PT,3.904
2026-11-06 17:57 PT,3.896
2026-11-06 17:58 PT,3.888
2026-11-06 17:59 PT,3.879
2026-11-06 18:00 PT,3.871
2026-11-06 18:01 PT,3.863
2026-11-06 18:02 PT,3.855
2026-11-06 18:03 PT,3.846
2026-11-06 18:04 PT,3.838
2026-11-06 18:05 PT,3.829
2026-11-06 18:06 PT,3.821
2026-11-06 18:07 PT,3.812
2026-11-06 18:08 PT,3.804
2026-11-06 18:09 PT,3.795
2026-11-06 18:10 PT,3.786
2026-11-06 18:11 PT,3.778
2026-11-06 18:12 PT,3.769
2026-11-06 18:13 PT,3.76
2026-11-06 18:14 PT,3.751
2026-11-06 18:15 PT,3.743
2026-11-06 18:16 PT,3.734
2026-11-06 18:17 PT,3.725
2026-11-06 18:18 PT,3.716
2026-11-06 18:19 PT,3.707
2026-11-06 18:20 PT,3.698
2026-11-06 18:21 PT,3.689
2026-11-06 18:22 PT,3.68
2026-11-06 18:23 PT,3.671
2026-11-06 18:24 PT,3.662
2026-11-06 18:25 PT,3.653
2026-11-06 18:26 PT,3.643
2026-11-06 18:27 PT,3.634
2026-11-06 18:28 PT,3.625
2026-11-06 18:29 PT,3.616
2026-11-06 18:30 PT,3.606
2026-11-06 18:31 PT,3.597
2026-11-06 18:32 PT,3.588
2026-11-06 18:33 PT,3.578
2026-11-06 18:34 PT,3.569
2026-11-06 18:35 PT,3.559
2026-11-06 18:36 PT,3.55
2026-11-06 18:37 PT,3.54
2026-11-06 18:38 PT,3.531
2026-11-06 18:39 PT,3.521
2026-11-06 18:40 PT,3.512
2026-11-06 18:41 PT,3.502
2026-11-06 18:42 PT,3.493
2026-11-06 18:43 PT,3.483
2026-11-06 18:44 PT,3.473
2026-11-06 18:45 PT,3.464
2026-11-06 18:46 PT,3.454
2026-11-06 18:47 PT,3.444
2026-11-06 18:48 PT,3.434
2026-11-06 18:49 PT,3.425
2026-11-06 18:50 PT,3.415
2026-11-06 18:51 PT,3.405
2026-11-06 18:52 PT,3.395
2026-11-06 18:53 PT,3.385
2026-11-06 18:54 PT,3.375
2026-11-06 18:55 PT,3.366
2026-11-06 18:56 PT,3.356
2026-11-06 18:57 PT,3.346
2026-11-06 18:58 PT,3.336
2026-11-06 18:59 PT,3.326
2026-11-06 19:00 PT,3.316
2026-11-06 19:01 PT,3.306
2026-11-06 19:02 PT,3.296
2026-11-06 19:03 PT,3.285
2026-11-06 19:04 PT,3.275
2026-11-06 19:05 PT,3.265
2026-11-06 19:06 PT,3.255
2026-11-06 19:07 PT,3.245
2026-11-06 19:08 PT,3.235
2026-11-06 19:09 PT,3.225
2026-11-06 19:10 PT,3.214
2026-11-06 19:11 PT,3.204
2026-11-06 19:12 PT,3.194
2026-11-06 19:13 PT,3.184
2026-11-06 19:14 PT,3.173
2026-11-06 19:15 PT,3.163
2026-11-06 19:16 PT,3.153
2026-11-06 19:17 PT,3.142
2026-11-06 19:18 PT,3.132
2026-11-06 19:19 PT,3.121
2026-11-06 19:20 PT,3.111
2026-11-06 19:21 PT,3.1
2026-11-06 19:22 PT,3.09
2026-11-06 19:23 PT,3.08
2026-11-06 19:24 PT,3.069
2026-11-06 19:25 PT,3.059
2026-11-06 19:26 PT,3.048
2026-11-06 19:27 PT,3.037
2026-11-06 19:28 PT,3.027
2026-11-06 19:29 PT,3.016
2026-11-06 19:30 PT,3.006
2026-11-06 19:31 PT,2.995
2026-11-06 19:32 PT,2.984
2026-11-06 19:33 PT,2.974
2026-11-06 19:34 PT,2.963
2026-11-06 19:35 PT,2.952
2026-11-06 19:36 PT,2.942
2026-11-06 19:37 PT,2.931
2026-11-06 19:38 PT,2.92
2026-11-06 19:39 PT,2.909
2026-11-06 19:40 PT,2.898
2026-11-06 19:41 PT,2.888
2026-11-06 19:42 PT,2.877
2026-11-06 19:43 PT,2.866
2026-11-06 19:44 PT,2.855
2026-11-06 19:45 PT,2.844
2026-11-06 19:46 PT,2.833
2026-11-06 19:47 PT,2.822
2026-11-06 19:48 PT,2.811
2026-11-06 19:49 PT,2.8
2026-11-06 19:50 PT,2.789
2026-11-06 19:51 PT,2.778
2026-11-06 19:52 PT,2.767
2026-11-06 19:53 PT,2.756
2026-11-06 19:54 PT,2.745
2026-11-06 19:55 PT,2.734
2026-11-06 19:56 PT,2.723
2026-11-06 19:57 PT,2.712
2026-11-06 19:58 PT,2.701
2026-11-06 19:59 PT,2.69
2026-11-06 20:00 PT,2.679
2026-11-06 20:01 PT,2.668
2026-11-06 20:02 PT,2.656
2026-11-06 20:03 PT,2.645
2026-11-06 20:04 PT,2.634
2026-11-06 20:05 PT,2.623
2026-11-06 20:06 PT,2.612
2026-11-06 20:07 PT,2.6
2026-11-06 20:08 PT,2.589
2026-11-06 20:09 PT,2.578
2026-11-06 20:10 PT,2.567
2026-11-06 20:11 PT,2.555
2026-11-06 20:12 PT,2.544
2026-11-06 20:13 PT,2.533
2026-11-06 20:14 PT,2.521
2026-11-06 20:15 PT,2.51
2026-11-06 20:16 PT,2.499
2026-11-06 20:17 PT,2.487
2026-11-06 20:18 PT,2.476
2026-11-06 20:19 PT,2.465
2026-11-06 20:20 PT,2.453
2026-11-06 20:21 PT,2.442
2026-11-06 20:22 PT,2.431
2026-11-06 20:23 PT,2.419
2026-11-06 20:24 PT,2.408
2026-11-06 20:25 PT,2.396
2026-11-06 20:26 PT,2.385
2026-11-06 20:27 PT,2.374
2026-11-06 20:28 PT,2.362
2026-11-06 20:29 PT,2.351
2026-11-06 20:30 PT,2.339
2026-11-06 20:31 PT,2.328
2026-11-06 20:32 PT,2.317
2026-11-06 20:33 PT,2.305
2026-11-06 20:34 PT,2.294
2026-11-06 20:35 PT,2.282
2026-11-06 20:36 PT,2.271
2026-11-06 20:37 PT,2.26
2026-11-06 20:38 PT,2.248
2026-11-06 20:39 PT,2.237
2026-11-06 20:40 PT,2.225
2026-11-06 20:41 PT,2.214
2026-11-06 20:42 PT,2.203
2026-11-06 20:43 PT,2.191
2026-11-06 20:44 PT,2.18
2026-11-06 20:45 PT,2.169
2026-11-06 20:46 PT,2.157
2026-11-06 20:47 PT,2.146
2026-11-06 20:48 PT,2.135
2026-11-06 20:49 PT,2.123
2026-11-06 20:50 PT,2.112
2026-11-06 20:51 PT,2.101
2026-11-06 20:52 PT,2.09
2026-11-06 20:53 PT,2.078
2026-11-06 20:54 PT,2.067
2026-11-06 20:55 PT,2.056
2026-11-06 20:56 PT,2.045
2026-11-06 20:57 PT,2.034
2026-11-06 20:58 PT,2.022
2026-11-06 20:59 PT,2.011
2026-11-06 21:00 PT,2
2026-11-06 21:01 PT,1.989
2026-11-06 21:02 PT,1.978
2026-11-06 21:03 PT,1.967
2026-11-06 21:04 PT,1.956
2026-11-06 21:05 PT,1.945
2026-11-06 21:06 PT,1.934
2026-11-06 21:07 PT,1.923
2026-11-06 21:08 PT,1.913
2026-11-06 21:09 PT,1.902
2026-11-06 21:10 PT,1.891
2026-11-06 21:11 PT,1.88
2026-11-06 21:12 PT,1.869
2026-11-06 21:13 PT,1.859
2026-11-06 21:14 PT,1.848
2026-11-06 21:15 PT,1.838
2026-11-06 21:16 PT,1.827
2026-11-06 21:17 PT,1.816
2026-11-06 21:18 PT,1.806
2026-11-06 21:19 PT,1.796
2026-11-06 21:20 PT,1.785
2026-11-06 21:21 PT,1.775
2026-11-06 21:22 PT,1.765
2026-11-06 21:23 PT,1.754
2026-11-06 21:24 PT,1.744
2026-11-06 21:25 PT,1.734
2026-11-06 21:26 PT,1.724
2026-11-06 21:27 PT,1.714
2026-11-06 21:28 PT,1.704
2026-11-06 21:29 PT,1.694
2026-11-06 21:30 PT,1.684
2026-11-06 21:31 PT,1.675
2026-11-06 21:32 PT,1.665
2026-11-06 21:33 PT,1.655
2026-11-06 21:34 PT,1.646
2026-11-06 21:35 PT,1.636
2026-11-06 21:36 PT,1.627
2026-11-06 21:37 PT,1.617
2026-11-06 21:38 PT,1.608
2026-11-06 21:39 PT,1.599
2026-11-06 21:40 PT,1.59
2026-11-06 21:41 PT,1.58
2026-11-06 21:42 PT,1.571
2026-11-06 21:43 PT,1.562
2026-11-06 21:44 PT,1.554
2026-11-06 21:45 PT,1.545
2026-11-06 21:46 PT,1.536
2026-11-06 21:47 PT,1.527
2026-11-06 21:48 PT,1.519
2026-11-06 21:49 PT,1.51
2026-11-06 21:50 PT,1.502
2026-11-06 21:51 PT,1.494
2026-11-06 21:52 PT,1.485
2026-11-06 21:53 PT,1.477
2026-11-06 21:54 PT,1.469
2026-11-06 21:55 PT,1.461
2026-11-06 21:56 PT,1.453
2026-11-06 21:57 PT,1.446
2026-11-06 21:58 PT,1.438
2026-11-06 21:59 PT,1.43
2026-11-06 22:00 PT,1.423
2026-11-06 22:01 PT,1.415
2026-11-06 22:02 PT,1.408
2026-11-06 22:03 PT,1.401
2026-11-06 22:04 PT,1.394
2026-11-06 22:05 PT,1.387
2026-11-06 22:06 PT,1.38
2026-11-06 22:07 PT,1.373
2026-11-06 22:08 PT,1.366
2026-11-06 22:09 PT,1.36
2026-11-06 22:10 PT,1.353
2026-11-06 22:11 PT,1.347
2026-11-06 22:12 PT,1.34
2026-11-06 22:13 PT,1.334
2026-11-06 22:14 PT,1.328
2026-11-06 22:15 PT,1.322
2026-11-06 22:16 PT,1.316
2026-11-06 22:17 PT,1.31
2026-11-06 22:18 PT,1.305
2026-11-06 22:19 PT,1.299
2026-11-06 22:20 PT,1.294
2026-11-06 22:21 PT,1.288
2026-11-06 22:22 PT,1.283
2026-11-06 22:23 PT,1.278
2026-11-06 22:24 PT,1.273
2026-11-06 22:25 PT,1.268
2026-11-06 22:26 PT,1.263
2026-11-06 22:27 PT,1.259
2026-11-06 22:28 PT,1.254
2026-11-06 22:29 PT,1.25
2026-11-06 22:30 PT,1.245
2026-11-06 22:31 PT,1.241
2026-11-06 22:32 PT,1.237
2026-11-06 22:33 PT,1.233
2026-11-06 22:34 PT,1.229
2026-11-06 22:35 PT,1.226
2026-11-06 22:36 PT,1.222
2026-11-06 22:37 PT,1.218
2026-11-06 22:38 PT,1.215
2026-11-06 22:39 PT,1.212
2026-11-06 22:40 PT,1.209
2026-11-06 22:41 PT,1.206
2026-11-06 22:42 PT,1.203
2026-11-06 22:43 PT,1.2
2026-11-06 22:44 PT,1.197
2026-11-06 22:45 PT,1.195
2026-11-06 22:46 PT,1.192
2026-11-06 22:47 PT,1.19
2026-11-06 22:48 PT,1.188
2026-11-06 22:49 PT,1.186
2026-11-06 22:50 PT,1.184
2026-11-06 22:51 PT,1.182
2026-11-06 22:52 PT,1.181
2026-11-06 22:53 PT,1.179
2026-11-06 22:54 PT,1.178
2026-11-06 22:55 PT,1.176
2026-11-06 22:56 PT,1.175
2026-11-06 22:57 PT,1.174
2026-11-06 22:58 PT,1.173
2026-11-06 22:59 PT,1.172
2026-11-06 23:00 PT,1.171
2026-11-06 23:01 PT,1.171
2026-11-06 23:02 PT,1.17
2026-11-06 23:03 PT,1.17
2026-11-06 23:04 PT,1.17
2026-11-06 23:05 PT,1.17
2026-11-06 23:06 PT,1.17
2026-11-06 23:07 PT,1.17
2026-11-06 23:08 PT,1.17
2026-11-06 23:09 PT,1.17
2026-11-06 23:10 PT,1.171
2026-11-06 23:11 PT,1.171
2026-11-06 23:12 PT,1.172
2026-11-06 23:13 PT,1.173
2026-11-06 23:14 PT,1.174
2026-11-06 23:15 PT,1.175
2026-11-06 23:16 PT,1.176
2026-11-06 23:17 PT,1.177
2026-11-06 23:18 PT,1.179
2026-11-06 23:19 PT,1.18
2026-11-06 23:20 PT,1.182
2026-11-06 23:21 PT,1.183
2026-11-06 23:22 PT,1.185
2026-11-06 23:23 PT,1.187
2026-11-06 23:24 PT,1.189
2026-11-06 23:25 PT,1.191
2026-11-06 23:26 PT,1.194
2026-11-06 23:27 PT,1.196
2026-11-06 23:28 PT,1.198
2026-11-06 23:29 PT,1.201
2026-11-06 23:30 PT,1.204
2026-11-06 23:31 PT,1.207
2026-11-06 23:32 PT,1.209
2026-11-06 23:33 PT,1.212
2026-11-06 23:34 PT,1.216
2026-11-06 23:35 PT,1.219
2026-11-06 23:36 PT,1.222
2026-11-06 23:37 PT,1.225
2026-11-06 23:38 PT,1.229
2026-11-06 23:39 PT,1.233
2026-11-06 23:40 PT,1.236
2026-11-06 23:41 PT,1.24
2026-11-06 23:42 PT,1.244
2026-11-06 23:43 PT,1.248
2026-11-06 23:44 PT,1.252
2026-11-06 23:45 PT,1.256
2026-11-06 23:46 PT,1.261
2026-11-06 23:47 PT,1.265
2026-11-06 23:48 PT,1.269
2026-11-06 23:49 PT,1.274
2026-11-06 23:50 PT,1.279
2026-11-06 23:51 PT,1.283
2026-11-06 23:52 PT,1.288
2026-11-06 23:53 PT,1.293
2026-11-06 23:54 PT,1.298
2026-11-06 23:55 PT,1.303
2026-11-06 23:56 PT,1.308
2026-11-06 23:57 PT,1.314
2026-11-06 23:58 PT,1.319
2026-11-06 23:59 PT,1.324
2026-11-07 00:00 PT,1.33
2026-11-07 00:01 PT,1.336
2026-11-07 00:02 PT,1.341
2026-11-07 00:03 PT,1.347
2026-11-07 00:04 PT,1.353
2026-11-07 00:05 PT,1.359
2026-11-07 00:06 PT,1.365
2026-11-07 00:07 PT,1.371
2026-11-07 00:08 PT,1.377
2026-11-07 00:09 PT,1.383
2026-11-07 00:10 PT,1.389
2026-11-07 00:11 PT,1.396
2026-11-07 00:12 PT,1.402
2026-11-07 00:13 PT,1.409
2026-11-07 00:14 PT,1.415
2026-11-07 00:15 PT,1.422
2026-11-07 00:16 PT,1.429
2026-11-07 00:17 PT,1.435
2026-11-07 00:18 PT,1.442
2026-11-07 00:19 PT,1.449
2026-11-07 00:20 PT,1.456
2026-11-07 00:21 PT,1.463
2026-11-07 00:22 PT,1.47
2026-11-07 00:23 PT,1.478
2026-11-07 00:24 PT,1.485
2026-11-07 00:25 PT,1.492
2026-11-07 00:26 PT,1.499
2026-11-07 00:27 PT,1.507
2026-11-07 00:28 PT,1.514
2026-11-07 00:29 PT,1.522
2026-11-07 00:30 PT,1.53
2026-11-07 00:31 PT,1.537
2026-11-07 00:32 PT,1.545
2026-11-07 00:33 PT,1.553
2026-11-07 00:34 PT,1.561
2026-11-07 00:35 PT,1.568
2026-11-07 00:36 PT,1.576
2026-11-07 00:37 PT,1.584
2026-11-07 00:38 PT,1.592
2026-11-07 00:39 PT,1.6
2026-11-07 00:40 PT,1.609
2026-11-07 00:41 PT,1.617
2026-11-07 00:42 PT,1.625
2026-11-07 00:43 PT,1.633
2026-11-07 00:44 PT,1.642
2026-11-07 00:45 PT,1.65
2026-11-07 00:46 PT,1.659
2026-11-07 00:47 PT,1.667
2026-11-07 00:48 PT,1.676
2026-11-07 00:49 PT,1.684
2026-11-07 00:50 PT,1.693
2026-11-07 00:51 PT,1.701
2026-11-07 00:52 PT,1.71
2026-11-07 00:53 PT,1.719
2026-11-07 00:54 PT,1.728
2026-11-07 00:55 PT,1.737
2026-11-07 00:56 PT,1.746
2026-11-07 00:57 PT,1.754
2026-11-07 00:58 PT,1.763
2026-11-07 00:59 PT,1.772
2026-11-07 01:00 PT,1.782
2026-11-07 01:01 PT,1.791
2026-11-07 01:02 PT,1.8
2026-11-07 01:03 PT,1.809
2026-11-07 01:04 PT,1.818
2026-11-07 01:05 PT,1.827
2026-11-07 01:06 PT,1.837
2026-11-07 01:07 PT,1.846
2026-11-07 01:08 PT,1.855
2026-11-07 01:09 PT,1.865
2026-11-07 01:10 PT,1.874
2026-11-07 01:11 PT,1.884
2026-11-07 01:12 PT,1.893
2026-11-07 01:13 PT,1.903
2026-11-07 01:14 PT,1.912
2026-11-07 01:15 PT,1.922
2026-11-07 01:16 PT,1.932
2026-11-07 01:17 PT,1.941
2026-11-07 01:18 PT,1.951
2026-11-07 01:19 PT,1.961
2026-11-07 01:20 PT,1.97
2026-11-07 01:21 PT,1.98
2026-11-07 01:22 PT,1.99
2026-11-07 01:23 PT,2
2026-11-07 01:24 PT,2.01
2026-11-07 01:25 PT,2.02
2026-11-07 01:26 PT,2.03
2026-11-07 01:27 PT,2.04
2026-11-07 01:28 PT,2.05
2026-11-07 01:29 PT,2.06
2026-11-07 01:30 PT,2.07
2026-11-07 01:31 PT,2.08
2026-11-07 01:32 PT,2.09
2026-11-07 01:33 PT,2.1
2026-11-07 01:34 PT,2.11
2026-11-07 01:35 PT,2.121
2026-11-07 01:36 PT,2.131
2026-11-07 01:37 PT,2.141
2026-11-07 01:38 PT,2.151
2026-11-07 01:39 PT,2.162
2026-11-07 01:40 PT,2.172
2026-11-07 01:41 PT,2.182
2026-11-07 01:42 PT,2.193
2026-11-07 01:43 PT,2.203
2026-11-07 01:44 PT,2.214
2026-11-07 01:45 PT,2.224
2026-11-07 01:46 PT,2.235
2026-11-07 01:47 PT,2.245
2026-11-07 01:48 PT,2.256
2026-11-07 01:49 PT,2.266
2026-11-07 01:50 PT,2.277
2026-11-07 01:51 PT,2.287
2026-11-07 01:52 PT,2.298
2026-11-07 01:53 PT,2.308
2026-11-07 01:54 PT,2.319
2026-11-07 01:55 PT,2.33
2026-11-07 01:56 PT,2.34
2026-11-07 01:57 PT,2.351
2026-11-07 01:58 PT,2.362
2026-11-07 01:59 PT,2.373
2026-11-07 02:00 PT,2.383
2026-11-07 02:01 PT,2.394
2026-11-07 02:02 PT,2.405
2026-11-07 02:03 PT,2.416
2026-11-07 02:04 PT,2.427
2026-11-07 02:05 PT,2.437
2026-11-07 02:06 PT,2.448
2026-11-07 02:07 PT,2.459
2026-11-07 02:08 PT,2.47
2026-11-07 02:09 PT,2.481
2026-11-07 02:10 PT,2.492
2026-11-07 02:11 PT,2.503
2026-11-07 02:12 PT,2.514
2026-11-07 02:13 PT,2.524
2026-11-07 02:14 PT,2.535
2026-11-07 02:15 PT,2.546
2026-11-07 02:16 PT,2.557
2026-11-07 02:17 PT,2.568
2026-11-07 02:18 PT,2.579
2026-11-07 02:19 PT,2.59
2026-11-07 02:20 PT,2.601
2026-11-07 02:21 PT,2.612
2026-11-07 02:22 PT,2.623
2026-11-07 02:23 PT,2.634
2026-11-07 02:24 PT,2.645
2026-11-07 02:25 PT,2.657
2026-11-07 02:26 PT,2.668
2026-11-07 02:27 PT,2.679
2026-11-07 02:28 PT,2.69
2026-11-07 02:29 PT,2.701
2026-11-07 02:30 PT,2.712
2026-11-07 02:31 PT,2.723
2026-11-07 02:32 PT,2.734
2026-11-07 02:33 PT,2.745
2026-11-07 02:34 PT,2.756
2026-11-07 02:35 PT,2.767
2026-11-07 02:36 PT,2.778
2026-11-07 02:37 PT,2.789
2026-11-07 02:38 PT,2.8
2026-11-07 02:39 PT,2.812
2026-11-07 02:40 PT,2.823
2026-11-07 02:41 PT,2.834
2026-11-07 02:42 PT,2.845
2026-11-07 02:43 PT,2.856
2026-11-07 02:44 PT,2.867
2026-11-07 02:45 PT,2.878
2026-11-07 02:46 PT,2.889
2026-11-07 02:47 PT,2.9
2026-11-07 02:48 PT,2.911
2026-11-07 02:49 PT,2.922
2026-11-07 02:50 PT,2.933
2026-11-07 02:51 PT,2.944
2026-11-07 02:52 PT,2.955
2026-11-07 02:53 PT,2.966
2026-11-07 02:54 PT,2.977
2026-11-07 02:55 PT,2.988
2026-11-07 02:56 PT,2.999
2026-11-07 02:57 PT,3.01
2026-11-07 02:58 PT,3.021
2026-11-07 02:59 PT,3.032
2026-11-07 03:00 PT,3.043
2026-11-07 03:01 PT,3.053
2026-11-07 03:02 PT,3.064
2026-11-07 03:03 PT,3.075
2026-11-07 03:04 PT,3.086
2026-11-07 03:05 PT,3.097
2026-11-07 03:06 PT,3.108
2026-11-07 03:07 PT,3.118
2026-11-07 03:08 PT,3.129
2026-11-07 03:09 PT,3.14
2026-11-07 03:10 PT,3.151
2026-11-07 03:11 PT,3.161
2026-11-07 03:12 PT,3.172
2026-11-07 03:13 PT,3.183
2026-11-07 03:14 PT,3.193
2026-11-07 03:15 PT,3.204
2026-11-07 03:16 PT,3.214
2026-11-07 03:17 PT,3.225
2026-11-07 03:18 PT,3.235
2026-11-07 03:19 PT,3.246
2026-11-07 03:20 PT,3.256
2026-11-07 03:21 PT,3.267
2026-11-07 03:22 PT,3.277
2026-11-07 03:23 PT,3.287
2026-11-07 03:24 PT,3.298
2026-11-07 03:25 PT,3.308
2026-11-07 03:26 PT,3.318
2026-11-07 03:27 PT,3.328
2026-11-07 03:28 PT,3.339
2026-11-07 03:29 PT,3.349
2026-11-07 03:30 PT,3.359
2026-11-07 03:31 PT,3.369
2026-11-07 03:32 PT,3.379
2026-11-07 03:33 PT,3.389
2026-11-07 03:34 PT,3.399
2026-11-07 03:35 PT,3.409
2026-11-07 03:36 PT,3.419
2026-11-07 03:37 PT,3.428
2026-11-07 03:38 PT,3.438
2026-11-07 03:39 PT,3.448
2026-11-07 03:40 PT,3.458
2026-11-07 03:41 PT,3.467
2026-11-07 03:42 PT,3.477
2026-11-07 03:43 PT,3.486
2026-11-07 03:44 PT,3.496
2026-11-07 03:45 PT,3.505
2026-11-07 03:46 PT,3.515
2026-11-07 03:47 PT,3.524
2026-11-07 03:48 PT,3.533
2026-11-07 03:49 PT,3.543
2026-11-07 03:50 PT,3.552
2026-11-07 03:51 PT,3.561
2026-11-07 03:52 PT,3.57
2026-11-07 03:53 PT,3.579
2026-11-07 03:54 PT,3.588
2026-11-07 03:55 PT,3.597
2026-11-07 03:56 PT,3.606
2026-11-07 03:57 PT,3.615
2026-11-07 03:58 PT,3.623
2026-11-07 03:59 PT,3.632
2026-11-07 04:00 PT,3.641
2026-11-07 04:01 PT,3.649
2026-11-07 04:02 PT,3.658
2026-11-07 04:03 PT,3.666
2026-11-07 04:04 PT,3.675
2026-11-07 04:05 PT,3.683
2026-11-07 04:06 PT,3.691
2026-11-07 04:07 PT,3.699
2026-11-07 04:08 PT,3.708
2026-11-07 04:09 PT,3.716
2026-11-07 04:10 PT,3.724
2026-11-07 04:11 PT,3.732
2026-11-07 04:12 PT,3.739
2026-11-07 04:13 PT,3.747
2026-11-07 04:14 PT,3.755
2026-11-07 04:15 PT,3.763
2026-11-07 04:16 PT,3.77
2026-11-07 04:17 PT,3.778
2026-11-07 04:18 PT,3.785
2026-11-07 04:19 PT,3.793
2026-11-07 04:20 PT,3.8
2026-11-07 04:21 PT,3.807
2026-11-07 04:22 PT,3.814
2026-11-07 04:23 PT,3.822
2026-11-07 04:24 PT,3.829
2026-11-07 04:25 PT,3.836
2026-11-07 04:26 PT,3.842
2026-11-07 04:27 PT,3.849
2026-11-07 04:28 PT,3.856
2026-11-07 04:29 PT,3.863
2026-11-07 04:30 PT,3.869
2026-11-07 04:31 PT,3.876
2026-11-07 04:32 PT,3.882
2026-11-07 04:33 PT,3.889
2026-11-07 04:34 PT,3.895
2026-11-07 04:35 PT,3.901
2026-11-07 04:36 PT,3.907
2026-11-07 04:37 PT,3.913
2026-11-07 04:38 PT,3.919
2026-11-07 04:39 PT,3.925
2026-11-07 04:40 PT,3.931
2026-11-07 04:41 PT,3.937
2026-11-07 04:42 PT,3.943
2026-11-07 04:43 PT,3.948
2026-11-07 04:44 PT,3.954
2026-11-07 04:45 PT,3.959
2026-11-07 04:46 PT,3.964
2026-11-07 04:47 PT,3.97
2026-11-07 04:48 PT,3.975
2026-11-07 04:49 PT,3.98
2026-11-07 04:50 PT,3.985
2026-11-07 04:51 PT,3.99
2026-11-07 04:52 PT,3.995
2026-11-07 04:53 PT,4
2026-11-07 04:54 PT,4.004
2026-11-07 04:55 PT,4.009
2026-11-07 04:56 PT,4.013
2026-11-07 04:57 PT,4.018
2026-11-07 04:58 PT,4.022
2026-11-07 04:59 PT,4.027
2026-11-07 05:00 PT,4.031
2026-11-07 05:01 PT,4.035
2026-11-07 05:02 PT,4.039
2026-11-07 05:03 PT,4.043
2026-11-07 05:04 PT,4.047
2026-11-07 05:05 PT,4.051
2026-11-07 05:06 PT,4.054
2026-11-07 05:07 PT,4.058
2026-11-07 05:08 PT,4.061
2026-11-07 05:09 PT,4.065
2026-11-07 05:10 PT,4.068
2026-11-07 05:11 PT,4.072
2026-11-07 05:12 PT,4.075
2026-11-07 05:13 PT,4.078
2026-11-07 05:14 PT,4.081
2026-11-07 05:15 PT,4.084
2026-11-07 05:16 PT,4.087
2026-11-07 05:17 PT,4.09
2026-11-07 05:18 PT,4.092
2026-11-07 05:19 PT,4.095
2026-11-07 05:20 PT,4.097
2026-11-07 05:21 PT,4.1
2026-11-07 05:22 PT,4.102
2026-11-07 05:23 PT,4.105
2026-11-07 05:24 PT,4.107
2026-11-07 05:25 PT,4.109
2026-11-07 05:26 PT,4.111
2026-11-07 05:27 PT,4.113
2026-11-07 05:28 PT,4.115
2026-11-07 05:29 PT,4.117
2026-11-07 05:30 PT,4.119
2026-11-07 05:31 PT,4.12
2026-11-07 05:32 PT,4.122
2026-11-07 05:33 PT,4.123
2026-11-07 05:34 PT,4.125
2026-11-07 05:35 PT,4.126
2026-11-07 05:36 PT,4.127
2026-11-07 05:37 PT,4.128
2026-11-07 05:38 PT,4.13
2026-11-07 05:39 PT,4.131
2026-11-07 05:40 PT,4.132
2026-11-07 05:41 PT,4.132
2026-11-07 05:42 PT,4.133
2026-11-07 05:43 PT,4.134
2026-11-07 05:44 PT,4.135
2026-11-07 05:45 PT,4.135
2026-11-07 05:46 PT,4.136
2026-11-07 05:47 PT,4.136
2026-11-07 05:48 PT,4.136
2026-11-07 05:49 PT,4.137
2026-11-07 05:50 PT,4.137
2026-11-07 05:51 PT,4.137
2026-11-07 05:52 PT,4.137
2026-11-07 05:53 PT,4.137
2026-11-07 05:54 PT,4.137
2026-11-07 05:55 PT,4.137
2026-11-07 05:56 PT,4.137
2026-11-07 05:57 PT,4.136
2026-11-07 05:58 PT,4.136
2026-11-07 05:59 PT,4.136
2026-11-07 06:00 PT,4.135
2026-11-07 06:01 PT,4.134
2026-11-07 06:02 PT,4.134
2026-11-07 06:03 PT,4.133
2026-11-07 06:04 PT,4.132
2026-11-07 06:05 PT,4.131
2026-11-07 06:06 PT,4.13
2026-11-07 06:07 PT,4.129
2026-11-07 06:08 PT,4.128
2026-11-07 06:09 PT,4.127
2026-11-07 06:10 PT,4.126
2026-11-07 06:11 PT,4.125
2026-11-07 06:12 PT,4.124
2026-11-07 06:13 PT,4.122
2026-11-07 06:14 PT,4.121
2026-11-07 06:15 PT,4.119
2026-11-07 06:16 PT,4.118
2026-11-07 06:17 PT,4.116
2026-11-07 06:18 PT,4.114
2026-11-07 06:19 PT,4.113
2026-11-07 06:20 PT,4.111
2026-11-07 06:21 PT,4.109
2026-11-07 06:22 PT,4.107
2026-11-07 06:23 PT,4.105
2026-11-07 06:24 PT,4.103
2026-11-07 06:25 PT,4.101
2026-11-07 06:26 PT,4.099
2026-11-07 06:27 PT,4.097
2026-11-07 06:28 PT,4.094
2026-11-07 06:29 PT,4.092
2026-11-07 06:30 PT,4.09
2026-11-07 06:31 PT,4.087
2026-11-07 06:32 PT,4.085
2026-11-07 06:33 PT,4.082
2026-11-07 06:34 PT,4.08
2026-11-07 06:35 PT,4.077
2026-11-07 06:36 PT,4.075
2026-11-07 06:37 PT,4.072
2026-11-07 06:38 PT,4.069
2026-11-07 06:39 PT,4.066
2026-11-07 06:40 PT,4.063
2026-11-07 06:41 PT,4.06
2026-11-07 06:42 PT,4.057
2026-11-07 06:43 PT,4.054
2026-11-07 06:44 PT,4.051
2026-11-07 06:45 PT,4.048
2026-11-07 06:46 PT,4.045
2026-11-07 06:47 PT,4.042
2026-11-07 06:48 PT,4.039
2026-11-07 06:49 PT,4.035
2026-11-07 06:50 PT,4.032
2026-11-07 06:51 PT,4.029
2026-11-07 06:52 PT,4.025
2026-11-07 06:53 PT,4.022
2026-11-07 06:54 PT,4.018
2026-11-07 06:55 PT,4.015
2026-11-07 06:56 PT,4.011
2026-11-07 06:57 PT,4.008
2026-11-07 06:58 PT,4.004
2026-11-07 06:59 PT,4
2026-11-07 07:00 PT,3.997
2026-11-07 07:01 PT,3.993
2026-11-07 07:02 PT,3.989
2026-11-07 07:03 PT,3.985
2026-11-07 07:04 PT,3.981
2026-11-07 07:05 PT,3.977
2026-11-07 07:06 PT,3.973
2026-11-07 07:07 PT,3.969
2026-11-07 07:08 PT,3.965
2026-11-07 07:09 PT,3.961
2026-11-07 07:10 PT,3.957
2026-11-07 07:11 PT,3.953
2026-11-07 07:12 PT,3.949
2026-11-07 07:13 PT,3.945
2026-11-07 07:14 PT,3.94
2026-11-07 07:15 PT,3.936
2026-11-07 07:16 PT,3.932
2026-11-07 07:17 PT,3.927
2026-11-07 07:18 PT,3.923
2026-11-07 07:19 PT,3.919
2026-11-07 07:20 PT,3.914
2026-11-07 07:21 PT,3.91
2026-11-07 07:22 PT,3.905
2026-11-07 07:23 PT,3.901
2026-11-07 07:24 PT,3.896
2026-11-07 07:25 PT,3.892
2026-11-07 07:26 PT,3.887
2026-11-07 07:27 PT,3.882
2026-11-07 07:28 PT,3.878
2026-11-07 07:29 PT,3.873
2026-11-07 07:30 PT,3.868
2026-11-07 07:31 PT,3.864
2026-11-07 07:32 PT,3.859
2026-11-07 07:33 PT,3.854
2026-11-07 07:34 PT,3.849
2026-11-07 07:35 PT,3.844
2026-11-07 07:36 PT,3.84
2026-11-07 07:37 PT,3.835
2026-11-07 07:38 PT,3.83
2026-11-07 07:39 PT,3.825
2026-11-07 07:40 PT,3.82
2026-11-07 07:41 PT,3.815
2026-11-07 07:42 PT,3.81
2026-11-07 07:43 PT,3.805
2026-11-07 07:44 PT,3.8
2026-11-07 07:45 PT,3.795
2026-11-07 07:46 PT,3.789
2026-11-07 07:47 PT,3.784
2026-11-07 07:48 PT,3.779
2026-11-07 07:49 PT,3.774
2026-11-07 07:50 PT,3.769
2026-11-07 07:51 PT,3.764
2026-11-07 07:52 PT,3.758
2026-11-07 07:53 PT,3.753
2026-11-07 07:54 PT,3.748
2026-11-07 07:55 PT,3.742
2026-11-07 07:56 PT,3.737
2026-11-07 07:57 PT,3.732
2026-11-07 07:58 PT,3.726
2026-11-07 07:59 PT,3.721
2026-11-07 08:00 PT,3.715
2026-11-07 08:01 PT,3.71
2026-11-07 08:02 PT,3.705
2026-11-07 08:03 PT,3.699
2026-11-07 08:04 PT,3.694
2026-11-07 08:05 PT,3.688
2026-11-07 08:06 PT,3.683
2026-11-07 08:07 PT,3.677
2026-11-07 08:08 PT,3.671
2026-11-07 08:09 PT,3.666
2026-11-07 08:10 PT,3.66
2026-11-07 08:11 PT,3.655
2026-11-07 08:12 PT,3.649
2026-11-07 08:13 PT,3.643
2026-11-07 08:14 PT,3.638
2026-11-07 08:15 PT,3.632
2026-11-07 08:16 PT,3.626
2026-11-07 08:17 PT,3.621
2026-11-07 08:18 PT,3.615
2026-11-07 08:19 PT,3.609
2026-11-07 08:20 PT,3.603
2026-11-07 08:21 PT,3.598
2026-11-07 08:22 PT,3.592
2026-11-07 08:23 PT,3.586
2026-11-07 08:24 PT,3.58
2026-11-07 08:25 PT,3.574
2026-11-07 08:26 PT,3.569
2026-11-07 08:27 PT,3.563
2026-11-07 08:28 PT,3.557
2026-11-07 08:29 PT,3.551
2026-11-07 08:30 PT,3.545
2026-11-07 08:31 PT,3.539
2026-11-07 08:32 PT,3.533
2026-11-07 08:33 PT,3.527
2026-11-07 08:34 PT,3.521
2026-11-07 08:35 PT,3.515
2026-11-07 08:36 PT,3.509
2026-11-07 08:37 PT,3.504
2026-11-07 08:38 PT,3.498
2026-11-07 08:39 PT,3.492
2026-11-07 08:40 PT,3.486
2026-11-07 08:41 PT,3.48
2026-11-07 08:42 PT,3.474
2026-11-07 08:43 PT,3.468
2026-11-07 08:44 PT,3.462
2026-11-07 08:45 PT,3.456
2026-11-07 08:46 PT,3.45
2026-11-07 08:47 PT,3.444
2026-11-07 08:48 PT,3.437
2026-11-07 08:49 PT,3.431
2026-11-07 08:50 PT,3.425
2026-11-07 08:51 PT,3.419
2026-11-07 08:52 PT,3.413
2026-11-07 08:53 PT,3.407
2026-11-07 08:54 PT,3.401
2026-11-07 08:55 PT,3.395
2026-11-07 08:56 PT,3.389
2026-11-07 08:57 PT,3.383
2026-11-07 08:58 PT,3.377
2026-11-07 08:59 PT,3.371
2026-11-07 09:00 PT,3.365
2026-11-07 09:01 PT,3.359
2026-11-07 09:02 PT,3.353
2026-11-07 09:03 PT,3.347
2026-11-07 09:04 PT,3.341
2026-11-07 09:05 PT,3.335
2026-11-07 09:06 PT,3.329
2026-11-07 09:07 PT,3.323
2026-11-07 09:08 PT,3.317
2026-11-07 09:09 PT,3.311
2026-11-07 09:10 PT,3.305
2026-11-07 09:11 PT,3.299
2026-11-07 09:12 PT,3.293
2026-11-07 09:13 PT,3.287
2026-11-07 09:14 PT,3.281
2026-11-07 09:15 PT,3.275
2026-11-07 09:16 PT,3.269
2026-11-07 09:17 PT,3.263
2026-11-07 09:18 PT,3.257
2026-11-07 09:19 PT,3.251
2026-11-07 09:20 PT,3.245
2026-11-07 09:21 PT,3.239
2026-11-07 09:22 PT,3.233
2026-11-07 09:23 PT,3.228
2026-11-07 09:24 PT,3.222
2026-11-07 09:25 PT,3.216
2026-11-07 09:26 PT,3.21
2026-11-07 09:27 PT,3.205
2026-11-07 09:28 PT,3.199
2026-11-07 09:29 PT,3.193
2026-11-07 09:30 PT,3.187
2026-11-07 09:31 PT,3.182
2026-11-07 09:32 PT,3.176
2026-11-07 09:33 PT,3.17
2026-11-07 09:34 PT,3.165
2026-11-07 09:35 PT,3.159
2026-11-07 09:36 PT,3.154
2026-11-07 09:37 PT,3.148
2026-11-07 09:38 PT,3.143
2026-11-07 09:39 PT,3.137
2026-11-07 09:40 PT,3.132
2026-11-07 09:41 PT,3.126
2026-11-07 09:42 PT,3.121
2026-11-07 09:43 PT,3.116
2026-11-07 09:44 PT,3.11
2026-11-07 09:45 PT,3.105
2026-11-07 09:46 PT,3.1
2026-11-07 09:47 PT,3.095
2026-11-07 09:48 PT,3.09
2026-11-07 09:49 PT,3.085
2026-11-07 09:50 PT,3.079
2026-11-07 09:51 PT,3.074
2026-11-07 09:52 PT,3.069
2026-11-07 09:53 PT,3.064
2026-11-07 09:54 PT,3.06
2026-11-07 09:55 PT,3.055
2026-11-07 09:56 PT,3.05
2026-11-07 09:57 PT,3.045
2026-11-07 09:58 PT,3.04
2026-11-07 09:59 PT,3.036
2026-11-07 10:00 PT,3.031
2026-11-07 10:01 PT,3.026
2026-11-07 10:02 PT,3.022
2026-11-07 10:03 PT,3.017
2026-11-07 10:04 PT,3.013
2026-11-07 10:05 PT,3.009
2026-11-07 10:06 PT,3.004
2026-11-07 10:07 PT,3
2026-11-07 10:08 PT,2.996
2026-11-07 10:09 PT,2.992
2026-11-07 10:10 PT,2.987
2026-11-07 10:11 PT,2.983
2026-11-07 10:12 PT,2.979
2026-11-07 10:13 PT,2.975
2026-11-07 10:14 PT,2.971
2026-11-07 10:15 PT,2.968
2026-11-07 10:16 PT,2.964
2026-11-07 10:17 PT,2.96
2026-11-07 10:18 PT,2.956
2026-11-07 10:19 PT,2.953
2026-11-07 10:20 PT,2.949
2026-11-07 10:21 PT,2.946
2026-11-07 10:22 PT,2.942
2026-11-07 10:23 PT,2.939
2026-11-07 10:24 PT,2.936
2026-11-07 10:25 PT,2.933
2026-11-07 10:26 PT,2.929
2026-11-07 10:27 PT,2.926
2026-11-07 10:28 PT,2.923
2026-11-07 10:29 PT,2.92
2026-11-07 10:30 PT,2.917
2026-11-07 10:31 PT,2.915
2026-11-07 10:32 PT,2.912
2026-11-07 10:33 PT,2.909
2026-11-07 10:34 PT,2.907
2026-11-07 10:35 PT,2.904
2026-11-07 10:36 PT,2.902
2026-11-07 10:37 PT,2.899
2026-11-07 10:38 PT,2.897
2026-11-07 10:39 PT,2.895
2026-11-07 10:40 PT,2.892
2026-11-07 10:41 PT,2.89
2026-11-07 10:42 PT,2.888
2026-11-07 10:43 PT,2.886
2026-11-07 10:44 PT,2.884
2026-11-07 10:45 PT,2.883
2026-11-07 10:46 PT,2.881
2026-11-07 10:47 PT,2.879
2026-11-07 10:48 PT,2.878
2026-11-07 10:49 PT,2.876
2026-11-07 10:50 PT,2.875
2026-11-07 10:51 PT,2.873
2026-11-07 10:52 PT,2.872
2026-11-07 10:53 PT,2.871
2026-11-07 10:54 PT,2.87
2026-11-07 10:55 PT,2.868
2026-11-07 10:56 PT,2.867
2026-11-07 10:57 PT,2.867
2026-11-07 10:58 PT,2.866
2026-11-07 10:59 PT,2.865
2026-11-07 11:00 PT,2.864
2026-11-07 11:01 PT,2.864
2026-11-07 11:02 PT,2.863
2026-11-07 11:03 PT,2.863
2026-11-07 11:04 PT,2.862
2026-11-07 11:05 PT,2.862
2026-11-07 11:06 PT,2.862
2026-11-07 11:07 PT,2.862
2026-11-07 11:08 PT,2.862
2026-11-07 11:09 PT,2.862
2026-11-07 11:10 PT,2.862
2026-11-07 11:11 PT,2.862
2026-11-07 11:12 PT,2.862
2026-11-07 11:13 PT,2.863
2026-11-07 11:14 PT,2.863
2026-11-07 11:15 PT,2.863
2026-11-07 11:16 PT,2.864
2026-11-07 11:17 PT,2.865
2026-11-07 11:18 PT,2.865
2026-11-07 11:19 PT,2.866
2026-11-07 11:20 PT,2.867
2026-11-07 11:21 PT,2.868
2026-11-07 11:22 PT,2.869
2026-11-07 11:23 PT,2.87
2026-11-07 11:24 PT,2.871
2026-11-07 11:25 PT,2.872
2026-11-07 11:26 PT,2.874
2026-11-07 11:27 PT,2.875
2026-11-07 11:28 PT,2.876
2026-11-07 11:29 PT,2.878
2026-11-07 11:30 PT,2.88
2026-11-07 11:31 PT,2.881
2026-11-07 11:32 PT,2.883
2026-11-07 11:33 PT,2.885
2026-11-07 11:34 PT,2.887
2026-11-07 11:35 PT,2.889
2026-11-07 11:36 PT,2.891
2026-11-07 11:37 PT,2.893
2026-11-07 11:38 PT,2.895
2026-11-07 11:39 PT,2.897
2026-11-07 11:40 PT,2.899
2026-11-07 11:41 PT,2.902
2026-11-07 11:42 PT,2.904
2026-11-07 11:43 PT,2.907
2026-11-07 11:44 PT,2.909
2026-11-07 11:45 PT,2.912
2026-11-07 11:46 PT,2.915
2026-11-07 11:47 PT,2.917
2026-11-07 11:48 PT,2.92
2026-11-07 11:49 PT,2.923
2026-11-07 11:50 PT,2.926
2026-11-07 11:51 PT,2.929
2026-11-07 11:52 PT,2.932
2026-11-07 11:53 PT,2.935
2026-11-07 11:54 PT,2.938
2026-11-07 11:55 PT,2.942
2026-11-07 11:56 PT,2.945
2026-11-07 11:57 PT,2.948
2026-11-07 11:58 PT,2.952
2026-11-07 11:59 PT,2.955
2026-11-07 12:00 PT,2.959
2026-11-07 12:01 PT,2.962
2026-11-07 12:02 PT,2.966
2026-11-07 12:03 PT,2.97
2026-11-07 12:04 PT,2.973
2026-11-07 12:05 PT,2.977
2026-11-07 12:06 PT,2.981
2026-11-07 12:07 PT,2.985
2026-11-07 12:08 PT,2.989
2026-11-07 12:09 PT,2.993
2026-11-07 12:10 PT,2.997
2026-11-07 12:11 PT,3.001
2026-11-07 12:12 PT,3.005
2026-11-07 12:13 PT,3.009
2026-11-07 12:14 PT,3.014
2026-11-07 12:15 PT,3.018
2026-11-07 12:16 PT,3.022
2026-11-07 12:17 PT,3.027
2026-11-07 12:18 PT,3.031
2026-11-07 12:19 PT,3.036
2026-11-07 12:20 PT,3.04
2026-11-07 12:21 PT,3.045
2026-11-07 12:22 PT,3.049
2026-11-07 12:23 PT,3.054
2026-11-07 12:24 PT,3.059
2026-11-07 12:25 PT,3.063
2026-11-07 12:26 PT,3.068
2026-11-07 12:27 PT,3.073
2026-11-07 12:28 PT,3.078
2026-11-07 12:29 PT,3.083
2026-11-07 12:30 PT,3.088
2026-11-07 12:31 PT,3.093
2026-11-07 12:32 PT,3.098
2026-11-07 12:33 PT,3.103
2026-11-07 12:34 PT,3.108
2026-11-07 12:35 PT,3.113
2026-11-07 12:36 PT,3.118
2026-11-07 12:37 PT,3.123
2026-11-07 12:38 PT,3.128
2026-11-07 12:39 PT,3.134
2026-11-07 12:40 PT,3.139
2026-11-07 12:41 PT,3.144
2026-11-07 12:42 PT,3.149
2026-11-07 12:43 PT,3.155
2026-11-07 12:44 PT,3.16
2026-11-07 12:45 PT,3.166
2026-11-07 12:46 PT,3.171
2026-11-07 12:47 PT,3.176
2026-11-07 12:48 PT,3.182
2026-11-07 12:49 PT,3.188
2026-11-07 12:50 PT,3.193
2026-11-07 12:51 PT,3.199
2026-11-07 12:52 PT,3.204
2026-11-07 12:53 PT,3.21
2026-11-07 12:54 PT,3.216
2026-11-07 12:55 PT,3.221
2026-11-07 12:56 PT,3.227
2026-11-07 12:57 PT,3.233
2026-11-07 12:58 PT,3.238
2026-11-07 12:59 PT,3.244
2026-11-07 13:00 PT,3.25
2026-11-07 13:01 PT,3.256
2026-11-07 13:02 PT,3.262
2026-11-07 13:03 PT,3.267
2026-11-07 13:04 PT,3.273
2026-11-07 13:05 PT,3.279
2026-11-07 13:06 PT,3.285
2026-11-07 13:07 PT,3.291
2026-11-07 13:08 PT,3.297
2026-11-07 13:09 PT,3.303
2026-11-07 13:10 PT,3.309
2026-11-07 13:11 PT,3.315
2026-11-07 13:12 PT,3.321
2026-11-07 13:13 PT,3.327
2026-11-07 13:14 PT,3.333
2026-11-07 13:15 PT,3.339
2026-11-07 13:16 PT,3.345
2026-11-07 13:17 PT,3.351
2026-11-07 13:18 PT,3.357
2026-11-07 13:19 PT,3.364
2026-11-07 13:20 PT,3.37
2026-11-07 13:21 PT,3.376
2026-11-07 13:22 PT,3.382
2026-11-07 13:23 PT,3.388
2026-11-07 13:24 PT,3.394
2026-11-07 13:25 PT,3.401
2026-11-07 13:26 PT,3.407
2026-11-07 13:27 PT,3.413
2026-11-07 13:28 PT,3.419
2026-11-07 13:29 PT,3.426
2026-11-07 13:30 PT,3.432
2026-11-07 13:31 PT,3.438
2026-11-07 13:32 PT,3.444
2026-11-07 13:33 PT,3.451
2026-11-07 13:34 PT,3.457
2026-11-07 13:35 PT,3.463
2026-11-07 13:36 PT,3.47
2026-11-07 13:37 PT,3.476
2026-11-07 13:38 PT,3.482
2026-11-07 13:39 PT,3.489
2026-11-07 13:40 PT,3.495
2026-11-07 13:41 PT,3.501
2026-11-07 13:42 PT,3.508
2026-11-07 13:43 PT,3.514
2026-11-07 13:44 PT,3.52
2026-11-07 13:45 PT,3.527
2026-11-07 13:46 PT,3.533
2026-11-07 13:47 PT,3.54
2026-11-07 13:48 PT,3.546
2026-11-07 13:49 PT,3.552
2026-11-07 13:50 PT,3.559
2026-11-07 13:51 PT,3.565
2026-11-07 13:52 PT,3.572
2026-11-07 13:53 PT,3.578
2026-11-07 13:54 PT,3.585
2026-11-07 13:55 PT,3.591
2026-11-07 13:56 PT,3.598
2026-11-07 13:57 PT,3.604
2026-11-07 13:58 PT,3.61
2026-11-07 13:59 PT,3.617
2026-11-07 14:00 PT,3.623
2026-11-07 14:01 PT,3.63
2026-11-07 14:02 PT,3.636
2026-11-07 14:03 PT,3.643
2026-11-07 14:04 PT,3.649
2026-11-07 14:05 PT,3.656
2026-11-07 14:06 PT,3.662
2026-11-07 14:07 PT,3.669
2026-11-07 14:08 PT,3.675
2026-11-07 14:09 PT,3.682
2026-11-07 14:10 PT,3.688
2026-11-07 14:11 PT,3.694
2026-11-07 14:12 PT,3.701
2026-11-07 14:13 PT,3.707
2026-11-07 14:14 PT,3.714
2026-11-07 14:15 PT,3.72
2026-11-07 14:16 PT,3.727
2026-11-07 14:17 PT,3.733
2026-11-07 14:18 PT,3.74
2026-11-07 14:19 PT,3.746
2026-11-07 14:20 PT,3.752
2026-11-07 14:21 PT,3.759
2026-11-07 14:22 PT,3.765
2026-11-07 14:23 PT,3.772
2026-11-07 14:24 PT,3.778
2026-11-07 14:25 PT,3.784
2026-11-07 14:26 PT,3.791
2026-11-07 14:27 PT,3.797
2026-11-07 14:28 PT,3.804
2026-11-07 14:29 PT,3.81
2026-11-07 14:30 PT,3.816
2026-11-07 14:31 PT,3.823
2026-11-07 14:32 PT,3.829
2026-11-07 14:33 PT,3.835
2026-11-07 14:34 PT,3.842
2026-11-07 14:35 PT,3.848
2026-11-07 14:36 PT,3.854
2026-11-07 14:37 PT,3.86
2026-11-07 14:38 PT,3.867
2026-11-07 14:39 PT,3.873
2026-11-07 14:40 PT,3.879
2026-11-07 14:41 PT,3.885
2026-11-07 14:42 PT,3.891
2026-11-07 14:43 PT,3.898
2026-11-07 14:44 PT,3.904
2026-11-07 14:45 PT,3.91
2026-11-07 14:46 PT,3.916
2026-11-07 14:47 PT,3.922
2026-11-07 14:48 PT,3.928
2026-11-07 14:49 PT,3.934
2026-11-07 14:50 PT,3.94
2026-11-07 14:51 PT,3.946
2026-11-07 14:52 PT,3.952
2026-11-07 14:53 PT,3.958
2026-11-07 14:54 PT,3.964
2026-11-07 14:55 PT,3.97
2026-11-07 14:56 PT,3.976
2026-11-07 14:57 PT,3.982
2026-11-07 14:58 PT,3.988
2026-11-07 14:59 PT,3.993
2026-11-07 15:00 PT,3.999
2026-11-07 15:01 PT,4.005
2026-11-07 15:02 PT,4.011
2026-11-07 15:03 PT,4.016
2026-11-07 15:04 PT,4.022
2026-11-07 15:05 PT,4.028
2026-11-07 15:06 PT,4.033
2026-11-07 15:07 PT,4.039
2026-11-07 15:08 PT,4.044
2026-11-07 15:09 PT,4.05
2026-11-07 15:10 PT,4.055
2026-11-07 15:11 PT,4.061
2026-11-07 15:12 PT,4.066
2026-11-07 15:13 PT,4.071
2026-11-07 15:14 PT,4.077
2026-11-07 15:15 PT,4.082
2026-11-07 15:16 PT,4.087
2026-11-07 15:17 PT,4.092
2026-11-07 15:18 PT,4.098
2026-11-07 15:19 PT,4.103
2026-11-07 15:20 PT,4.108
2026-11-07 15:21 PT,4.113
2026-11-07 15:22 PT,4.118
2026-11-07 15:23 PT,4.123
2026-11-07 15:24 PT,4.128
2026-11-07 15:25 PT,4.132
2026-11-07 15:26 PT,4.137
2026-11-07 15:27 PT,4.142
2026-11-07 15:28 PT,4.147
2026-11-07 15:29 PT,4.151
2026-11-07 15:30 PT,4.156
2026-11-07 15:31 PT,4.16
2026-11-07 15:32 PT,4.165
2026-11-07 15:33 PT,4.169
2026-11-07 15:34 PT,4.174
2026-11-07 15:35 PT,4.178
2026-11-07 15:36 PT,4.182
2026-11-07 15:37 PT,4.187
2026-11-07 15:38 PT,4.191
2026-11-07 15:39 PT,4.195
2026-11-07 15:40 PT,4.199
2026-11-07 15:41 PT,4.203
2026-11-07 15:42 PT,4.207
2026-11-07 15:43 PT,4.211
2026-11-07 15:44 PT,4.215
2026-11-07 15:45 PT,4.218
2026-11-07 15:46 PT,4.222
2026-11-07 15:47 PT,4.226
2026-11-07 15:48 PT,4.229
2026-11-07 15:49 PT,4.233
2026-11-07 15:50 PT,4.236
2026-11-07 15:51 PT,4.239
2026-11-07 15:52 PT,4.243
2026-11-07 15:53 PT,4.246
2026-11-07 15:54 PT,4.249
2026-11-07 15:55 PT,4.252
2026-11-07 15:56 PT,4.255
2026-11-07 15:57 PT,4.258
2026-11-07 15:58 PT,4.261
2026-11-07 15:59 PT,4.264
2026-11-07 16:00 PT,4.267
2026-11-07 16:01 PT,4.269
2026-11-07 16:02 PT,4.272
2026-11-07 16:03 PT,4.274
2026-11-07 16:04 PT,4.277
2026-11-07 16:05 PT,4.279
2026-11-07 16:06 PT,4.282
2026-11-07 16:07 PT,4.284
2026-11-07 16:08 PT,4.286
2026-11-07 16:09 PT,4.288
2026-11-07 16:10 PT,4.29
2026-11-07 16:11 PT,4.292
2026-11-07 16:12 PT,4.294
2026-11-07 16:13 PT,4.296
2026-11-07 16:14 PT,4.297
2026-11-07 16:15 PT,4.299
2026-11-07 16:16 PT,4.3
2026-11-07 16:17 PT,4.302
2026-11-07 16:18 PT,4.303
2026-11-07 16:19 PT,4.304
2026-11-07 16:20 PT,4.306
2026-11-07 16:21 PT,4.307
2026-11-07 16:22 PT,4.308
2026-11-07 16:23 PT,4.309
2026-11-07 16:24 PT,4.31
2026-11-07 16:25 PT,4.31
2026-11-07 16:26 PT,4.311
2026-11-07 16:27 PT,4.312
2026-11-07 16:28 PT,4.312
2026-11-07 16:29 PT,4.313
2026-11-07 16:30 PT,4.313
2026-11-07 16:31 PT,4.313
2026-11-07 16:32 PT,4.313
2026-11-07 16:33 PT,4.314
2026-11-07 16:34 PT,4.314
2026-11-07 16:35 PT,4.313
2026-11-07 16:36 PT,4.313
2026-11-07 16:37 PT,4.313
2026-11-07 16:38 PT,4.313
2026-11-07 16:39 PT,4.312
2026-11-07 16:40 PT,4.312
2026-11-07 16:41 PT,4.311
2026-11-07 16:42 PT,4.31
2026-11-07 16:43 PT,4.31
2026-11-07 16:44 PT,4.309
2026-11-07 16:45 PT,4.308
2026-11-07 16:46 PT,4.307
2026-11-07 16:47 PT,4.306
2026-11-07 16:48 PT,4.304
2026-11-07 16:49 PT,4.303
2026-11-07 16:50 PT,4.302
2026-11-07 16:51 PT,4.3
2026-11-07 16:52 PT,4.299
2026-11-07 16:53 PT,4.297
2026-11-07 16:54 PT,4.295
2026-11-07 16:55 PT,4.293
2026-11-07 16:56 PT,4.291
2026-11-07 16:57 PT,4.289
2026-11-07 16:58 PT,4.287
2026-11-07 16:59 PT,4.285
2026-11-07 17:00 PT,4.283
2026-11-07 17:01 PT,4.28
2026-11-07 17:02 PT,4.278
2026-11-07 17:03 PT,4.275
2026-11-07 17:04 PT,4.273
2026-11-07 17:05 PT,4.27
2026-11-07 17:06 PT,4.267
2026-11-07 17:07 PT,4.264
2026-11-07 17:08 PT,4.261
2026-11-07 17:09 PT,4.258
2026-11-07 17:10 PT,4.255
2026-11-07 17:11 PT,4.252
2026-11-07 17:12 PT,4.248
2026-11-07 17:13 PT,4.245
2026-11-07 17:14 PT,4.241
2026-11-07 17:15 PT,4.238
2026-11-07 17:16 PT,4.234
2026-11-07 17:17 PT,4.23
2026-11-07 17:18 PT,4.227
2026-11-07 17:19 PT,4.223
2026-11-07 17:20 PT,4.219
2026-11-07 17:21 PT,4.214
2026-11-07 17:22 PT,4.21
2026-11-07 17:23 PT,4.206
2026-11-07 17:24 PT,4.202
2026-11-07 17:25 PT,4.197
2026-11-07 17:26 PT,4.193
2026-11-07 17:27 PT,4.188
2026-11-07 17:28 PT,4.183
2026-11-07 17:29 PT,4.179
2026-11-07 17:30 PT,4.174
2026-11-07 17:31 PT,4.169
2026-11-07 17:32 PT,4.164
2026-11-07 17:33 PT,4.159
2026-11-07 17:34 PT,4.154
2026-11-07 17:35 PT,4.148
2026-11-07 17:36 PT,4.143
2026-11-07 17:37 PT,4.138
2026-11-07 17:38 PT,4.132
2026-11-07 17:39 PT,4.126
2026-11-07 17:40 PT,4.121
2026-11-07 17:41 PT,4.115
2026-11-07 17:42 PT,4.109
2026-11-07 17:43 PT,4.104
2026-11-07 17:44 PT,4.098
2026-11-07 17:45 PT,4.092
2026-11-07 17:46 PT,4.086
2026-11-07 17:47 PT,4.079
2026-11-07 17:48 PT,4.073
2026-11-07 17:49 PT,4.067
2026-11-07 17:50 PT,4.061
2026-11-07 17:51 PT,4.054
2026-11-07 17:52 PT,4.048
2026-11-07 17:53 PT,4.041
2026-11-07 17:54 PT,4.034
2026-11-07 17:55 PT,4.028
2026-11-07 17:56 PT,4.021
2026-11-07 17:57 PT,4.014
2026-11-07 17:58 PT,4.007
2026-11-07 17:59 PT,4
2026-11-07 18:00 PT,3.993
2026-11-07 18:01 PT,3.986
2026-11-07 18:02 PT,3.979
2026-11-07 18:03 PT,3.972
2026-11-07 18:04 PT,3.965
2026-11-07 18:05 PT,3.957
2026-11-07 18:06 PT,3.95
2026-11-07 18:07 PT,3.942
2026-11-07 18:08 PT,3.935
2026-11-07 18:09 PT,3.927
2026-11-07 18:10 PT,3.92
2026-11-07 18:11 PT,3.912
2026-11-07 18:12 PT,3.904
2026-11-07 18:13 PT,3.896
2026-11-07 18:14 PT,3.889
2026-11-07 18:15 PT,3.881
2026-11-07 18:16 PT,3.873
2026-11-07 18:17 PT,3.865
2026-11-07 18:18 PT,3.857
2026-11-07 18:19 PT,3.848
2026-11-07 18:20 PT,3.84
2026-11-07 18:21 PT,3.832
2026-11-07 18:22 PT,3.824
2026-11-07 18:23 PT,3.815
2026-11-07 18:24 PT,3.807
2026-11-07 18:25 PT,3.799
2026-11-07 18:26 PT,3.79
2026-11-07 18:27 PT,3.782
2026-11-07 18:28 PT,3.773
2026-11-07 18:29 PT,3.765
2026-11-07 18:30 PT,3.756
2026-11-07 18:31 PT,3.747
2026-11-07 18:32 PT,3.739
2026-11-07 18:33 PT,3.73
2026-11-07 18:34 PT,3.721
2026-11-07 18:35 PT,3.712
2026-11-07 18:36 PT,3.703
2026-11-07 18:37 PT,3.694
2026-11-07 18:38 PT,3.685
2026-11-07 18:39 PT,3.676
2026-11-07 18:40 PT,3.667
2026-11-07 18:41 PT,3.658
2026-11-07 18:42 PT,3.649
2026-11-07 18:43 PT,3.64
2026-11-07 18:44 PT,3.631
2026-11-07 18:45 PT,3.621
2026-11-07 18:46 PT,3.612
2026-11-07 18:47 PT,3.603
2026-11-07 18:48 PT,3.593
2026-11-07 18:49 PT,3.584
2026-11-07 18:50 PT,3.575
2026-11-07 18:51 PT,3.565
2026-11-07 18:52 PT,3.556
2026-11-07 18:53 PT,3.546
2026-11-07 18:54 PT,3.537
2026-11-07 18:55 PT,3.527
2026-11-07 18:56 PT,3.517
2026-11-07 18:57 PT,3.508
2026-11-07 18:58 PT,3.498
2026-11-07 18:59 PT,3.488
2026-11-07 19:00 PT,3.479
2026-11-07 19:01 PT,3.469
2026-11-07 19:02 PT,3.459
2026-11-07 19:03 PT,3.449
2026-11-07 19:04 PT,3.44
2026-11-07 19:05 PT,3.43
2026-11-07 19:06 PT,3.42
2026-11-07 19:07 PT,3.41
2026-11-07 19:08 PT,3.4
2026-11-07 19:09 PT,3.39
2026-11-07 19:10 PT,3.38
2026-11-07 19:11 PT,3.37
2026-11-07 19:12 PT,3.36
2026-11-07 19:13 PT,3.35
2026-11-07 19:14 PT,3.34
2026-11-07 19:15 PT,3.33
2026-11-07 19:16 PT,3.32
2026-11-07 19:17 PT,3.31
2026-11-07 19:18 PT,3.299
2026-11-07 19:19 PT,3.289
2026-11-07 19:20 PT,3.279
2026-11-07 19:21 PT,3.269
2026-11-07 19:22 PT,3.259
2026-11-07 19:23 PT,3.248
2026-11-07 19:24 PT,3.238
2026-11-07 19:25 PT,3.228
2026-11-07 19:26 PT,3.218
2026-11-07 19:27 PT,3.207
2026-11-07 19:28 PT,3.197
2026-11-07 19:29 PT,3.186
2026-11-07 19:30 PT,3.176
2026-11-07 19:31 PT,3.166
2026-11-07 19:32 PT,3.155
2026-11-07 19:33 PT,3.145
2026-11-07 19:34 PT,3.134
2026-11-07 19:35 PT,3.124
2026-11-07 19:36 PT,3.113
2026-11-07 19:37 PT,3.103
2026-11-07 19:38 PT,3.092
2026-11-07 19:39 PT,3.082
2026-11-07 19:40 PT,3.071
2026-11-07 19:41 PT,3.061
2026-11-07 19:42 PT,3.05
2026-11-07 19:43 PT,3.039
2026-11-07 19:44 PT,3.029
2026-11-07 19:45 PT,3.018
2026-11-07 19:46 PT,3.007
2026-11-07 19:47 PT,2.997
2026-11-07 19:48 PT,2.986
2026-11-07 19:49 PT,2.975
2026-11-07 19:50 PT,2.965
2026-11-07 19:51 PT,2.954
2026-11-07 19:52 PT,2.943
2026-11-07 19:53 PT,2.932
2026-11-07 19:54 PT,2.922
2026-11-07 19:55 PT,2.911
2026-11-07 19:56 PT,2.9
2026-11-07 19:57 PT,2.889
2026-11-07 19:58 PT,2.878
2026-11-07 19:59 PT,2.867
2026-11-07 20:00 PT,2.857
2026-11-07 20:01 PT,2.846
2026-11-07 20:02 PT,2.835
2026-11-07 20:03 PT,2.824
2026-11-07 20:04 PT,2.813
2026-11-07 20:05 PT,2.802
2026-11-07 20:06 PT,2.791
2026-11-07 20:07 PT,2.78
2026-11-07 20:08 PT,2.769
2026-11-07 20:09 PT,2.758
2026-11-07 20:10 PT,2.747
2026-11-07 20:11 PT,2.736
2026-11-07 20:12 PT,2.725
2026-11-07 20:13 PT,2.714
2026-11-07 20:14 PT,2.703
2026-11-07 20:15 PT,2.692
2026-11-07 20:16 PT,2.681
2026-11-07 20:17 PT,2.67
2026-11-07 20:18 PT,2.659
2026-11-07 20:19 PT,2.647
2026-11-07 20:20 PT,2.636
2026-11-07 20:21 PT,2.625
2026-11-07 20:22 PT,2.614
2026-11-07 20:23 PT,2.603
2026-11-07 20:24 PT,2.591
2026-11-07 20:25 PT,2.58
2026-11-07 20:26 PT,2.569
2026-11-07 20:27 PT,2.558
2026-11-07 20:28 PT,2.547
2026-11-07 20:29 PT,2.535
2026-11-07 20:30 PT,2.524
2026-11-07 20:31 PT,2.513
2026-11-07 20:32 PT,2.501
2026-11-07 20:33 PT,2.49
2026-11-07 20:34 PT,2.479
2026-11-07 20:35 PT,2.467
2026-11-07 20:36 PT,2.456
2026-11-07 20:37 PT,2.445
2026-11-07 20:38 PT,2.433
2026-11-07 20:39 PT,2.422
2026-11-07 20:40 PT,2.411
2026-11-07 20:41 PT,2.399
2026-11-07 20:42 PT,2.388
2026-11-07 20:43 PT,2.376
2026-11-07 20:44 PT,2.365
2026-11-07 20:45 PT,2.353
2026-11-07 20:46 PT,2.342
2026-11-07 20:47 PT,2.331
2026-11-07 20:48 PT,2.319
2026-11-07 20:49 PT,2.308
2026-11-07 20:50 PT,2.296
2026-11-07 20:51 PT,2.285
2026-11-07 20:52 PT,2.273
2026-11-07 20:53 PT,2.262
2026-11-07 20:54 PT,2.25
2026-11-07 20:55 PT,2.239
2026-11-07 20:56 PT,2.227
2026-11-07 20:57 PT,2.216
2026-11-07 20:58 PT,2.204
2026-11-07 20:59 PT,2.193
2026-11-07 21:00 PT,2.181
2026-11-07 21:01 PT,2.169
2026-11-07 21:02 PT,2.158
2026-11-07 21:03 PT,2.146
2026-11-07 21:04 PT,2.135
2026-11-07 21:05 PT,2.123
2026-11-07 21:06 PT,2.112
2026-11-07 21:07 PT,2.1
2026-11-07 21:08 PT,2.089
2026-11-07 21:09 PT,2.077
2026-11-07 21:10 PT,2.066
2026-11-07 21:11 PT,2.054
2026-11-07 21:12 PT,2.042
2026-11-07 21:13 PT,2.031
2026-11-07 21:14 PT,2.019
2026-11-07 21:15 PT,2.008
2026-11-07 21:16 PT,1.996
2026-11-07 21:17 PT,1.985
2026-11-07 21:18 PT,1.973
2026-11-07 21:19 PT,1.962
2026-11-07 21:20 PT,1.95
2026-11-07 21:21 PT,1.939
2026-11-07 21:22 PT,1.927
2026-11-07 21:23 PT,1.916
2026-11-07 21:24 PT,1.904
2026-11-07 21:25 PT,1.893
2026-11-07 21:26 PT,1.882
2026-11-07 21:27 PT,1.87
2026-11-07 21:28 PT,1.859
2026-11-07 21:29 PT,1.847
2026-11-07 21:30 PT,1.836
2026-11-07 21:31 PT,1.825
2026-11-07 21:32 PT,1.813
2026-11-07 21:33 PT,1.802
2026-11-07 21:34 PT,1.791
2026-11-07 21:35 PT,1.78
2026-11-07 21:36 PT,1.768
2026-11-07 21:37 PT,1.757
2026-11-07 21:38 PT,1.746
2026-11-07 21:39 PT,1.735
2026-11-07 21:40 PT,1.724
2026-11-07 21:41 PT,1.713
2026-11-07 21:42 PT,1.701
2026-11-07 21:43 PT,1.69
2026-11-07 21:44 PT,1.679
2026-11-07 21:45 PT,1.668
2026-11-07 21:46 PT,1.657
2026-11-07 21:47 PT,1.646
2026-11-07 21:48 PT,1.636
2026-11-07 21:49 PT,1.625
2026-11-07 21:50 PT,1.614
2026-11-07 21:51 PT,1.603
2026-11-07 21:52 PT,1.592
2026-11-07 21:53 PT,1.582
2026-11-07 21:54 PT,1.571
2026-11-07 21:55 PT,1.561
2026-11-07 21:56 PT,1.55
2026-11-07 21:57 PT,1.539
2026-11-07 21:58 PT,1.529
2026-11-07 21:59 PT,1.519
2026-11-07 22:00 PT,1.508
2026-11-07 22:01 PT,1.498
2026-11-07 22:02 PT,1.488
2026-11-07 22:03 PT,1.477
2026-11-07 22:04 PT,1.467
2026-11-07 22:05 PT,1.457
2026-11-07 22:06 PT,1.447
2026-11-07 22:07 PT,1.437
2026-11-07 22:08 PT,1.427
2026-11-07 22:09 PT,1.417
2026-11-07 22:10 PT,1.407
2026-11-07 22:11 PT,1.398
2026-11-07 22:12 PT,1.388
2026-11-07 22:13 PT,1.378
2026-11-07 22:14 PT,1.369
2026-11-07 22:15 PT,1.359
2026-11-07 22:16 PT,1.35
2026-11-07 22:17 PT,1.341
2026-11-07 22:18 PT,1.331
2026-11-07 22:19 PT,1.322
2026-11-07 22:20 PT,1.313
2026-11-07 22:21 PT,1.304
2026-11-07 22:22 PT,1.295
2026-11-07 22:23 PT,1.286
2026-11-07 22:24 PT,1.277
2026-11-07 22:25 PT,1.269
2026-11-07 22:26 PT,1.26
2026-11-07 22:27 PT,1.252
2026-11-07 22:28 PT,1.243
2026-11-07 22:29 PT,1.235
2026-11-07 22:30 PT,1.226
2026-11-07 22:31 PT,1.218
2026-11-07 22:32 PT,1.21
2026-11-07 22:33 PT,1.202
2026-11-07 22:34 PT,1.194
2026-11-07 22:35 PT,1.186
2026-11-07 22:36 PT,1.178
2026-11-07 22:37 PT,1.171
2026-11-07 22:38 PT,1.163
2026-11-07 22:39 PT,1.156
2026-11-07 22:40 PT,1.148
2026-11-07 22:41 PT,1.141
2026-11-07 22:42 PT,1.134
2026-11-07 22:43 PT,1.127
2026-11-07 22:44 PT,1.12
2026-11-07 22:45 PT,1.113
2026-11-07 22:46 PT,1.106
2026-11-07 22:47 PT,1.1
2026-11-07 22:48 PT,1.093
2026-11-07 22:49 PT,1.087
2026-11-07 22:50 PT,1.08
2026-11-07 22:51 PT,1.074
2026-11-07 22:52 PT,1.068
2026-11-07 22:53 PT,1.062
2026-11-07 22:54 PT,1.056
2026-11-07 22:55 PT,1.05
2026-11-07 22:56 PT,1.044
2026-11-07 22:57 PT,1.039
2026-11-07 22:58 PT,1.033
2026-11-07 22:59 PT,1.028
2026-11-07 23:00 PT,1.023
2026-11-07 23:01 PT,1.018
2026-11-07 23:02 PT,1.013
2026-11-07 23:03 PT,1.008
2026-11-07 23:04 PT,1.003
2026-11-07 23:05 PT,0.999
2026-11-07 23:06 PT,0.994
2026-11-07 23:07 PT,0.99
2026-11-07 23:08 PT,0.985
2026-11-07 23:09 PT,0.981
2026-11-07 23:10 PT,0.977
2026-11-07 23:11 PT,0.973
2026-11-07 23:12 PT,0.97
2026-11-07 23:13 PT,0.966
2026-11-07 23:14 PT,0.962
2026-11-07 23:15 PT,0.959
2026-11-07 23:16 PT,0.956
2026-11-07 23:17 PT,0.953
2026-11-07 23:18 PT,0.95
2026-11-07 23:19 PT,0.947
2026-11-07 23:20 PT,0.944
2026-11-07 23:21 PT,0.941
2026-11-07 23:22 PT,0.939
2026-11-07 23:23 PT,0.936
2026-11-07 23:24 PT,0.934
2026-11-07 23:25 PT,0.932
2026-11-07 23:26 PT,0.93
2026-11-07 23:27 PT,0.928
2026-11-07 23:28 PT,0.926
2026-11-07 23:29 PT,0.925
2026-11-07 23:30 PT,0.923
2026-11-07 23:31 PT,0.922
2026-11-07 23:32 PT,0.921
2026-11-07 23:33 PT,0.92
2026-11-07 23:34 PT,0.919
2026-11-07 23:35 PT,0.918
2026-11-07 23:36 PT,0.917
2026-11-07 23:37 PT,0.917
2026-11-07 23:38 PT,0.916
2026-11-07 23:39 PT,0.916
2026-11-07 23:40 PT,0.916
2026-11-07 23:41 PT,0.915
2026-11-07 23:42 PT,0.915
2026-11-07 23:43 PT,0.916
2026-11-07 23:44 PT,0.916
2026-11-07 23:45 PT,0.916
2026-11-07 23:46 PT,0.917
2026-11-07 23:47 PT,0.918
2026-11-07 23:48 PT,0.918
2026-11-07 23:49 PT,0.919
2026-11-07 23:50 PT,0.92
2026-11-07 23:51 PT,0.922
2026-11-07 23:52 PT,0.923
2026-11-07 23:53 PT,0.924
2026-11-07 23:54 PT,0.926
2026-11-07 23:55 PT,0.928
2026-11-07 23:56 PT,0.929
2026-11-07 23:57 PT,0.931
2026-11-07 23:58 PT,0.933
2026-11-07 23:59 PT,0.936
2026-11-08 00:00 PT,0.938
2026-11-08 00:01 PT,0.94
2026-11-08 00:02 PT,0.943
2026-11-08 00:03 PT,0.945
2026-11-08 00:04 PT,0.948
2026-11-08 00:05 PT,0.951
2026-11-08 00:06 PT,0.954
2026-11-08 00:07 PT,0.957
2026-11-08 00:08 PT,0.96
2026-11-08 00:09 PT,0.964
2026-11-08 00:10 PT,0.967
2026-11-08 00:11 PT,0.971
2026-11-08 00:12 PT,0.974
2026-11-08 00:13 PT,0.978
2026-11-08 00:14 PT,0.982
2026-11-08 00:15 PT,0.986
2026-11-08 00:16 PT,0.99
2026-11-08 00:17 PT,0.995
2026-11-08 00:18 PT,0.999
2026-11-08 00:19 PT,1.003
2026-11-08 00:20 PT,1.008
2026-11-08 00:21 PT,1.013
2026-11-08 00:22 PT,1.017
2026-11-08 00:23 PT,1.022
2026-11-08 00:24 PT,1.027
2026-11-08 00:25 PT,1.032
2026-11-08 00:26 PT,1.037
2026-11-08 00:27 PT,1.043
2026-11-08 00:28 PT,1.048
2026-11-08 00:29 PT,1.054
2026-11-08 00:30 PT,1.059
2026-11-08 00:31 PT,1.065
2026-11-08 00:32 PT,1.071
2026-11-08 00:33 PT,1.076
2026-11-08 00:34 PT,1.082
2026-11-08 00:35 PT,1.088
2026-11-08 00:36 PT,1.095
2026-11-08 00:37 PT,1.101
2026-11-08 00:38 PT,1.107
2026-11-08 00:39 PT,1.114
2026-11-08 00:40 PT,1.12
2026-11-08 00:41 PT,1.127
2026-11-08 00:42 PT,1.133
2026-11-08 00:43 PT,1.14
2026-11-08 00:44 PT,1.147
2026-11-08 00:45 PT,1.154
2026-11-08 00:46 PT,1.161
2026-11-08 00:47 PT,1.168
2026-11-08 00:48 PT,1.175
2026-11-08 00:49 PT,1.182
2026-11-08 00:50 PT,1.19
2026-11-08 00:51 PT,1.197
2026-11-08 00:52 PT,1.205
2026-11-08 00:53 PT,1.212
2026-11-08 00:54 PT,1.22
2026-11-08 00:55 PT,1.227
2026-11-08 00:56 PT,1.235
2026-11-08 00:57 PT,1.243
2026-11-08 00:58 PT,1.251
2026-11-08 00:59 PT,1.259
2026-11-08 01:00 PT,1.267
2026-11-08 01:01 PT,1.275
2026-11-08 01:02 PT,1.284
2026-11-08 01:03 PT,1.292
2026-11-08 01:04 PT,1.3
2026-11-08 01:05 PT,1.309
2026-11-08 01:06 PT,1.317
2026-11-08 01:07 PT,1.326
2026-11-08 01:08 PT,1.334
2026-11-08 01:09 PT,1.343
2026-11-08 01:10 PT,1.352
2026-11-08 01:11 PT,1.36
2026-11-08 01:12 PT,1.369
2026-11-08 01:13 PT,1.378
2026-11-08 01:14 PT,1.387
2026-11-08 01:15 PT,1.396
2026-11-08 01:16 PT,1.405
2026-11-08 01:17 PT,1.414
2026-11-08 01:18 PT,1.424
2026-11-08 01:19 PT,1.433
2026-11-08 01:20 PT,1.442
2026-11-08 01:21 PT,1.452
2026-11-08 01:22 PT,1.461
2026-11-08 01:23 PT,1.471
2026-11-08 01:24 PT,1.48
2026-11-08 01:25 PT,1.49
2026-11-08 01:26 PT,1.499
2026-11-08 01:27 PT,1.509
2026-11-08 01:28 PT,1.519
2026-11-08 01:29 PT,1.529
2026-11-08 01:30 PT,1.538
2026-11-08 01:31 PT,1.548
2026-11-08 01:32 PT,1.558
2026-11-08 01:33 PT,1.568
2026-11-08 01:34 PT,1.578
2026-11-08 01:35 PT,1.588
2026-11-08 01:36 PT,1.598
2026-11-08 01:37 PT,1.608
2026-11-08 01:38 PT,1.619
2026-11-08 01:39 PT,1.629
2026-11-08 01:40 PT,1.639
2026-11-08 01:41 PT,1.649
2026-11-08 01:42 PT,1.66
2026-11-08 01:43 PT,1.67
2026-11-08 01:44 PT,1.681
2026-11-08 01:45 PT,1.691
2026-11-08 01:46 PT,1.702
2026-11-08 01:47 PT,1.712
2026-11-08 01:48 PT,1.723
2026-11-08 01:49 PT,1.733
2026-11-08 01:50 PT,1.744
2026-11-08 01:51 PT,1.755
2026-11-08 01:52 PT,1.766
2026-11-08 01:53 PT,1.776
2026-11-08 01:54 PT,1.787
2026-11-08 01:55 PT,1.798
2026-11-08 01:56 PT,1.809
2026-11-08 01:57 PT,1.82
2026-11-08 01:58 PT,1.831
2026-11-08 01:59 PT,1.842
2026-11-08 02:00 PT,1.853
2026-11-08 02:01 PT,1.864
2026-11-08 02:02 PT,1.875
2026-11-08 02:03 PT,1.886
2026-11-08 02:04 PT,1.897
2026-11-08 02:05 PT,1.908
2026-11-08 02:06 PT,1.92
2026-11-08 02:07 PT,1.931
2026-11-08 02:08 PT,1.942
2026-11-08 02:09 PT,1.953
2026-11-08 02:10 PT,1.965
2026-11-08 02:11 PT,1.976
2026-11-08 02:12 PT,1.987
2026-11-08 02:13 PT,1.999
2026-11-08 02:14 PT,2.01
2026-11-08 02:15 PT,2.022
2026-11-08 02:16 PT,2.033
2026-11-08 02:17 PT,2.045
2026-11-08 02:18 PT,2.056
2026-11-08 02:19 PT,2.068
2026-11-08 02:20 PT,2.079
2026-11-08 02:21 PT,2.091
2026-11-08 02:22 PT,2.103
2026-11-08 02:23 PT,2.114
2026-11-08 02:24 PT,2.126
2026-11-08 02:25 PT,2.138
2026-11-08 02:26 PT,2.15
2026-11-08 02:27 PT,2.161
2026-11-08 02:28 PT,2.173
2026-11-08 02:29 PT,2.185
2026-11-08 02:30 PT,2.197
2026-11-08 02:31 PT,2.209
2026-11-08 02:32 PT,2.221
2026-11-08 02:33 PT,2.232
2026-11-08 02:34 PT,2.244
2026-11-08 02:35 PT,2.256
2026-11-08 02:36 PT,2.268
2026-11-08 02:37 PT,2.28
2026-11-08 02:38 PT,2.292
2026-11-08 02:39 PT,2.304
2026-11-08 02:40 PT,2.316
2026-11-08 02:41 PT,2.328
2026-11-08 02:42 PT,2.341
2026-11-08 02:43 PT,2.353
2026-11-08 02:44 PT,2.365
2026-11-08 02:45 PT,2.377
2026-11-08 02:46 PT,2.389
2026-11-08 02:47 PT,2.401
2026-11-08 02:48 PT,2.413
2026-11-08 02:49 PT,2.426
2026-11-08 02:50 PT,2.438
2026-11-08 02:51 PT,2.45
2026-11-08 02:52 PT,2.462
2026-11-08 02:53 PT,2.475
2026-11-08 02:54 PT,2.487
2026-11-08 02:55 PT,2.499
2026-11-08 02:56 PT,2.511
2026-11-08 02:57 PT,2.524
2026-11-08 02:58 PT,2.536
2026-11-08 02:59 PT,2.548
2026-11-08 03:00 PT,2.561
2026-11-08 03:01 PT,2.573
2026-11-08 03:02 PT,2.585
2026-11-08 03:03 PT,2.598
2026-11-08 03:04 PT,2.61
2026-11-08 03:05 PT,2.622
2026-11-08 03:06 PT,2.635
2026-11-08 03:07 PT,2.647
2026-11-08 03:08 PT,2.66
2026-11-08 03:09 PT,2.672
2026-11-08 03:10 PT,2.684
2026-11-08 03:11 PT,2.697
2026-11-08 03:12 PT,2.709
2026-11-08 03:13 PT,2.722
2026-11-08 03:14 PT,2.734
2026-11-08 03:15 PT,2.747
2026-11-08 03:16 PT,2.759
2026-11-08 03:17 PT,2.771
2026-11-08 03:18 PT,2.784
2026-11-08 03:19 PT,2.796
2026-11-08 03:20 PT,2.809
2026-11-08 03:21 PT,2.821
2026-11-08 03:22 PT,2.834
2026-11-08 03:23 PT,2.846
2026-11-08 03:24 PT,2.859
2026-11-08 03:25 PT,2.871
2026-11-08 03:26 PT,2.883
2026-11-08 03:27 PT,2.896
2026-11-08 03:28 PT,2.908
2026-11-08 03:29 PT,2.921
2026-11-08 03:30 PT,2.933
2026-11-08 03:31 PT,2.945
2026-11-08 03:32 PT,2.958
2026-11-08 03:33 PT,2.97
2026-11-08 03:34 PT,2.982
2026-11-08 03:35 PT,2.995
2026-11-08 03:36 PT,3.007
2026-11-08 03:37 PT,3.019
2026-11-08 03:38 PT,3.032
2026-11-08 03:39 PT,3.044
2026-11-08 03:40 PT,3.056
2026-11-08 03:41 PT,3.069
2026-11-08 03:42 PT,3.081
2026-11-08 03:43 PT,3.093
2026-11-08 03:44 PT,3.105
2026-11-08 03:45 PT,3.118
2026-11-08 03:46 PT,3.13
2026-11-08 03:47 PT,3.142
2026-11-08 03:48 PT,3.154
2026-11-08 03:49 PT,3.166
2026-11-08 03:50 PT,3.178
2026-11-08 03:51 PT,3.19
2026-11-08 03:52 PT,3.202
2026-11-08 03:53 PT,3.214
2026-11-08 03:54 PT,3.226
2026-11-08 03:55 PT,3.238
2026-11-08 03:56 PT,3.25
2026-11-08 03:57 PT,3.262
2026-11-08 03:58 PT,3.274
2026-11-08 03:59 PT,3.286
2026-11-08 04:00 PT,3.298
2026-11-08 04:01 PT,3.31
2026-11-08 04:02 PT,3.321
2026-11-08 04:03 PT,3.333
2026-11-08 04:04 PT,3.345
2026-11-08 04:05 PT,3.357
2026-11-08 04:06 PT,3.368
2026-11-08 04:07 PT,3.38
2026-11-08 04:08 PT,3.391
2026-11-08 04:09 PT,3.403
2026-11-08 04:10 PT,3.414
2026-11-08 04:11 PT,3.426
2026-11-08 04:12 PT,3.437
2026-11-08 04:13 PT,3.449
2026-11-08 04:14 PT,3.46
2026-11-08 04:15 PT,3.471
2026-11-08 04:16 PT,3.483
2026-11-08 04:17 PT,3.494
2026-11-08 04:18 PT,3.505
2026-11-08 04:19 PT,3.516
2026-11-08 04:20 PT,3.527
2026-11-08 04:21 PT,3.538
2026-11-08 04:22 PT,3.549
2026-11-08 04:23 PT,3.56
2026-11-08 04:24 PT,3.571
2026-11-08 04:25 PT,3.582
2026-11-08 04:26 PT,3.592
2026-11-08 04:27 PT,3.603
2026-11-08 04:28 PT,3.614
2026-11-08 04:29 PT,3.624
2026-11-08 04:30 PT,3.635
2026-11-08 04:31 PT,3.645
2026-11-08 04:32 PT,3.656
2026-11-08 04:33 PT,3.666
2026-11-08 04:34 PT,3.677
2026-11-08 04:35 PT,3.687
2026-11-08 04:36 PT,3.697
2026-11-08 04:37 PT,3.707
2026-11-08 04:38 PT,3.717
2026-11-08 04:39 PT,3.727
2026-11-08 04:40 PT,3.737
2026-11-08 04:41 PT,3.747
2026-11-08 04:42 PT,3.757
2026-11-08 04:43 PT,3.767
2026-11-08 04:44 PT,3.777
2026-11-08 04:45 PT,3.786
2026-11-08 04:46 PT,3.796
2026-11-08 04:47 PT,3.805
2026-11-08 04:48 PT,3.815
2026-11-08 04:49 PT,3.824
2026-11-08 04:50 PT,3.834
2026-11-08 04:51 PT,3.843
2026-11-08 04:52 PT,3.852
2026-11-08 04:53 PT,3.861
2026-11-08 04:54 PT,3.87
2026-11-08 04:55 PT,3.879
2026-11-08 04:56 PT,3.888
2026-11-08 04:57 PT,3.897
2026-11-08 04:58 PT,3.906
2026-11-08 04:59 PT,3.914
2026-11-08 05:00 PT,3.923
2026-11-08 05:01 PT,3.931
2026-11-08 05:02 PT,3.94
2026-11-08 05:03 PT,3.948
2026-11-08 05:04 PT,3.956
2026-11-08 05:05 PT,3.965
2026-11-08 05:06 PT,3.973
2026-11-08 05:07 PT,3.981
2026-11-08 05:08 PT,3.989
2026-11-08 05:09 PT,3.997
2026-11-08 05:10 PT,4.005
2026-11-08 05:11 PT,4.012
2026-11-08 05:12 PT,4.02
2026-11-08 05:13 PT,4.028
2026-11-08 05:14 PT,4.035
2026-11-08 05:15 PT,4.042
2026-11-08 05:16 PT,4.05
2026-11-08 05:17 PT,4.057
2026-11-08 05:18 PT,4.064
2026-11-08 05:19 PT,4.071
2026-11-08 05:20 PT,4.078
2026-11-08 05:21 PT,4.085
2026-11-08 05:22 PT,4.092
2026-11-08 05:23 PT,4.099
2026-11-08 05:24 PT,4.106
2026-11-08 05:25 PT,4.112
2026-11-08 05:26 PT,4.119
2026-11-08 05:27 PT,4.125
2026-11-08 05:28 PT,4.131
2026-11-08 05:29 PT,4.138
2026-11-08 05:30 PT,4.144
2026-11-08 05:31 PT,4.15
2026-11-08 05:32 PT,4.156
2026-11-08 05:33 PT,4.162
2026-11-08 05:34 PT,4.167
2026-11-08 05:35 PT,4.173
2026-11-08 05:36 PT,4.179
2026-11-08 05:37 PT,4.184
2026-11-08 05:38 PT,4.19
2026-11-08 05:39 PT,4.195
2026-11-08 05:40 PT,4.2
2026-11-08 05:41 PT,4.206
2026-11-08 05:42 PT,4.211
2026-11-08 05:43 PT,4.216
2026-11-08 05:44 PT,4.221
2026-11-08 05:45 PT,4.226
2026-11-08 05:46 PT,4.23
2026-11-08 05:47 PT,4.235
2026-11-08 05:48 PT,4.239
2026-11-08 05:49 PT,4.244
2026-11-08 05:50 PT,4.248
2026-11-08 05:51 PT,4.253
2026-11-08 05:52 PT,4.257
2026-11-08 05:53 PT,4.261
2026-11-08 05:54 PT,4.265
2026-11-08 05:55 PT,4.269
2026-11-08 05:56 PT,4.273
2026-11-08 05:57 PT,4.277
2026-11-08 05:58 PT,4.28
2026-11-08 05:59 PT,4.284
2026-11-08 06:00 PT,4.287
2026-11-08 06:01 PT,4.291
2026-11-08 06:02 PT,4.294
2026-11-08 06:03 PT,4.297
2026-11-08 06:04 PT,4.301
2026-11-08 06:05 PT,4.304
2026-11-08 06:06 PT,4.307
2026-11-08 06:07 PT,4.31
2026-11-08 06:08 PT,4.312
2026-11-08 06:09 PT,4.315
2026-11-08 06:10 PT,4.318
2026-11-08 06:11 PT,4.32
2026-11-08 06:12 PT,4.323
2026-11-08 06:13 PT,4.325
2026-11-08 06:14 PT,4.328
2026-11-08 06:15 PT,4.33
2026-11-08 06:16 PT,4.332
2026-11-08 06:17 PT,4.334
2026-11-08 06:18 PT,4.336
2026-11-08 06:19 PT,4.338
2026-11-08 06:20 PT,4.34
2026-11-08 06:21 PT,4.341
2026-11-08 06:22 PT,4.343
2026-11-08 06:23 PT,4.344
2026-11-08 06:24 PT,4.346
2026-11-08 06:25 PT,4.347
2026-11-08 06:26 PT,4.349
2026-11-08 06:27 PT,4.35
2026-11-08 06:28 PT,4.351
2026-11-08 06:29 PT,4.352
2026-11-08 06:30 PT,4.353
2026-11-08 06:31 PT,4.354
2026-11-08 06:32 PT,4.355
2026-11-08 06:33 PT,4.356
2026-11-08 06:34 PT,4.356
2026-11-08 06:35 PT,4.357
2026-11-08 06:36 PT,4.357
2026-11-08 06:37 PT,4.358
2026-11-08 06:38 PT,4.358
2026-11-08 06:39 PT,4.358
2026-11-08 06:40 PT,4.359
2026-11-08 06:41 PT,4.359
2026-11-08 06:42 PT,4.359
2026-11-08 06:43 PT,4.359
2026-11-08 06:44 PT,4.359
2026-11-08 06:45 PT,4.359
2026-11-08 06:46 PT,4.358
2026-11-08 06:47 PT,4.358
2026-11-08 06:48 PT,4.358
2026-11-08 06:49 PT,4.357
2026-11-08 06:50 PT,4.357
2026-11-08 06:51 PT,4.356
2026-11-08 06:52 PT,4.355
2026-11-08 06:53 PT,4.355
2026-11-08 06:54 PT,4.354
2026-11-08 06:55 PT,4.353
2026-11-08 06:56 PT,4.352
2026-11-08 06:57 PT,4.351
2026-11-08 06:58 PT,4.35
2026-11-08 06:59 PT,4.349
2026-11-08 07:00 PT,4.348
2026-11-08 07:01 PT,4.347
2026-11-08 07:02 PT,4.345
2026-11-08 07:03 PT,4.344
2026-11-08 07:04 PT,4.342
2026-11-08 07:05 PT,4.341
2026-11-08 07:06 PT,4.339
2026-11-08 07:07 PT,4.338
2026-11-08 07:08 PT,4.336
2026-11-08 07:09 PT,4.334
2026-11-08 07:10 PT,4.332
2026-11-08 07:11 PT,4.331
2026-11-08 07:12 PT,4.329
2026-11-08 07:13 PT,4.327
2026-11-08 07:14 PT,4.325
2026-11-08 07:15 PT,4.322
2026-11-08 07:16 PT,4.32
2026-11-08 07:17 PT,4.318
2026-11-08 07:18 PT,4.316
2026-11-08 07:19 PT,4.313
2026-11-08 07:20 PT,4.311
2026-11-08 07:21 PT,4.309
2026-11-08 07:22 PT,4.306
2026-11-08 07:23 PT,4.304
2026-11-08 07:24 PT,4.301
2026-11-08 07:25 PT,4.298
2026-11-08 07:26 PT,4.296
2026-11-08 07:27 PT,4.293
2026-11-08 07:28 PT,4.29
2026-11-08 07:29 PT,4.287
2026-11-08 07:30 PT,4.284
2026-11-08 07:31 PT,4.281
2026-11-08 07:32 PT,4.278
2026-11-08 07:33 PT,4.275
2026-11-08 07:34 PT,4.272
2026-11-08 07:35 PT,4.269
2026-11-08 07:36 PT,4.266
2026-11-08 07:37 PT,4.263
2026-11-08 07:38 PT,4.259
2026-11-08 07:39 PT,4.256
2026-11-08 07:40 PT,4.253
2026-11-08 07:41 PT,4.249
2026-11-08 07:42 PT,4.246
2026-11-08 07:43 PT,4.242
2026-11-08 07:44 PT,4.239
2026-11-08 07:45 PT,4.235
2026-11-08 07:46 PT,4.232
2026-11-08 07:47 PT,4.228
2026-11-08 07:48 PT,4.224
2026-11-08 07:49 PT,4.221
2026-11-08 07:50 PT,4.217
2026-11-08 07:51 PT,4.213
2026-11-08 07:52 PT,4.209
2026-11-08 07:53 PT,4.205
2026-11-08 07:54 PT,4.201
2026-11-08 07:55 PT,4.197
2026-11-08 07:56 PT,4.193
2026-11-08 07:57 PT,4.189
2026-11-08 07:58 PT,4.185
2026-11-08 07:59 PT,4.181
2026-11-08 08:00 PT,4.177
2026-11-08 08:01 PT,4.173
2026-11-08 08:02 PT,4.168
2026-11-08 08:03 PT,4.164
2026-11-08 08:04 PT,4.16
2026-11-08 08:05 PT,4.156
2026-11-08 08:06 PT,4.151
2026-11-08 08:07 PT,4.147
2026-11-08 08:08 PT,4.142
2026-11-08 08:09 PT,4.138
2026-11-08 08:10 PT,4.133
2026-11-08 08:11 PT,4.129
2026-11-08 08:12 PT,4.124
2026-11-08 08:13 PT,4.12
2026-11-08 08:14 PT,4.115
2026-11-08 08:15 PT,4.11
2026-11-08 08:16 PT,4.106
2026-11-08 08:17 PT,4.101
2026-11-08 08:18 PT,4.096
2026-11-08 08:19 PT,4.091
2026-11-08 08:20 PT,4.087
2026-11-08 08:21 PT,4.082
2026-11-08 08:22 PT,4.077
2026-11-08 08:23 PT,4.072
2026-11-08 08:24 PT,4.067
2026-11-08 08:25 PT,4.062
2026-11-08 08:26 PT,4.057
2026-11-08 08:27 PT,4.052
2026-11-08 08:28 PT,4.047
2026-11-08 08:29 PT,4.042
2026-11-08 08:30 PT,4.037
2026-11-08 08:31 PT,4.032
2026-11-08 08:32 PT,4.027
2026-11-08 08:33 PT,4.022
2026-11-08 08:34 PT,4.017
2026-11-08 08:35 PT,4.011
2026-11-08 08:36 PT,4.006
2026-11-08 08:37 PT,4.001
2026-11-08 08:38 PT,3.996
2026-11-08 08:39 PT,3.99
2026-11-08 08:40 PT,3.985
2026-11-08 08:41 PT,3.98
2026-11-08 08:42 PT,3.974
2026-11-08 08:43 PT,3.969
2026-11-08 08:44 PT,3.964
2026-11-08 08:45 PT,3.958
2026-11-08 08:46 PT,3.953
2026-11-08 08:47 PT,3.947
2026-11-08 08:48 PT,3.942
2026-11-08 08:49 PT,3.936
2026-11-08 08:50 PT,3.931
2026-11-08 08:51 PT,3.925
2026-11-08 08:52 PT,3.919
2026-11-08 08:53 PT,3.914
2026-11-08 08:54 PT,3.908
2026-11-08 08:55 PT,3.903
2026-11-08 08:56 PT,3.897
2026-11-08 08:57 PT,3.891
2026-11-08 08:58 PT,3.886
2026-11-08 08:59 PT,3.88
2026-11-08 09:00 PT,3.874
2026-11-08 09:01 PT,3.868
2026-11-08 09:02 PT,3.863
2026-11-08 09:03 PT,3.857
2026-11-08 09:04 PT,3.851
2026-11-08 09:05 PT,3.845
2026-11-08 09:06 PT,3.839
2026-11-08 09:07 PT,3.834
2026-11-08 09:08 PT,3.828
2026-11-08 09:09 PT,3.822
2026-11-08 09:10 PT,3.816
2026-11-08 09:11 PT,3.81
2026-11-08 09:12 PT,3.804
2026-11-08 09:13 PT,3.798
2026-11-08 09:14 PT,3.792
2026-11-08 09:15 PT,3.786
2026-11-08 09:16 PT,3.78
2026-11-08 09:17 PT,3.774
2026-11-08 09:18 PT,3.768
2026-11-08 09:19 PT,3.762
2026-11-08 09:20 PT,3.756
2026-11-08 09:21 PT,3.75
2026-11-08 09:22 PT,3.744
2026-11-08 09:23 PT,3.738
2026-11-08 09:24 PT,3.732
2026-11-08 09:25 PT,3.726
2026-11-08 09:26 PT,3.72
2026-11-08 09:27 PT,3.714
2026-11-08 09:28 PT,3.708
2026-11-08 09:29 PT,3.702
2026-11-08 09:30 PT,3.696
2026-11-08 09:31 PT,3.689
2026-11-08 09:32 PT,3.683
2026-11-08 09:33 PT,3.677
2026-11-08 09:34 PT,3.671
2026-11-08 09:35 PT,3.665
2026-11-08 09:36 PT,3.659
2026-11-08 09:37 PT,3.653
2026-11-08 09:38 PT,3.647
2026-11-08 09:39 PT,3.64
2026-11-08 09:40 PT,3.634
2026-11-08 09:41 PT,3.628
2026-11-08 09:42 PT,3.622
2026-11-08 09:43 PT,3.616
2026-11-08 09:44 PT,3.61
2026-11-08 09:45 PT,3.603
2026-11-08 09:46 PT,3.597
2026-11-08 09:47 PT,3.591
2026-11-08 09:48 PT,3.585
2026-11-08 09:49 PT,3.579
2026-11-08 09:50 PT,3.573
2026-11-08 09:51 PT,3.567
2026-11-08 09:52 PT,3.561
2026-11-08 09:53 PT,3.554
2026-11-08 09:54 PT,3.548
2026-11-08 09:55 PT,3.542
2026-11-08 09:56 PT,3.536
2026-11-08 09:57 PT,3.53
2026-11-08 09:58 PT,3.524
2026-11-08 09:59 PT,3.518
2026-11-08 10:00 PT,3.512
2026-11-08 10:01 PT,3.506
2026-11-08 10:02 PT,3.5
2026-11-08 10:03 PT,3.494
2026-11-08 10:04 PT,3.488
2026-11-08 10:05 PT,3.482
2026-11-08 10:06 PT,3.476
2026-11-08 10:07 PT,3.47
2026-11-08 10:08 PT,3.464
2026-11-08 10:09 PT,3.458
2026-11-08 10:10 PT,3.452
2026-11-08 10:11 PT,3.446
2026-11-08 10:12 PT,3.44
2026-11-08 10:13 PT,3.434
2026-11-08 10:14 PT,3.429
2026-11-08 10:15 PT,3.423
2026-11-08 10:16 PT,3.417
2026-11-08 10:17 PT,3.411
2026-11-08 10:18 PT,3.406
2026-11-08 10:19 PT,3.4
2026-11-08 10:20 PT,3.394
2026-11-08 10:21 PT,3.389
2026-11-08 10:22 PT,3.383
2026-11-08 10:23 PT,3.377
2026-11-08 10:24 PT,3.372
2026-11-08 10:25 PT,3.366
2026-11-08 10:26 PT,3.361
2026-11-08 10:27 PT,3.355
2026-11-08 10:28 PT,3.35
2026-11-08 10:29 PT,3.344
2026-11-08 10:30 PT,3.339
2026-11-08 10:31 PT,3.334
2026-11-08 10:32 PT,3.328
2026-11-08 10:33 PT,3.323
2026-11-08 10:34 PT,3.318
2026-11-08 10:35 PT,3.313
2026-11-08 10:36 PT,3.308
2026-11-08 10:37 PT,3.302
2026-11-08 10:38 PT,3.297
2026-11-08 10:39 PT,3.292
2026-11-08 10:40 PT,3.287
2026-11-08 10:41 PT,3.282
2026-11-08 10:42 PT,3.278
2026-11-08 10:43 PT,3.273
2026-11-08 10:44 PT,3.268
2026-11-08 10:45 PT,3.263
2026-11-08 10:46 PT,3.258
2026-11-08 10:47 PT,3.254
2026-11-08 10:48 PT,3.249
2026-11-08 10:49 PT,3.245
2026-11-08 10:50 PT,3.24
2026-11-08 10:51 PT,3.236
2026-11-08 10:52 PT,3.231
2026-11-08 10:53 PT,3.227
2026-11-08 10:54 PT,3.223
2026-11-08 10:55 PT,3.218
2026-11-08 10:56 PT,3.214
2026-11-08 10:57 PT,3.21
2026-11-08 10:58 PT,3.206
2026-11-08 10:59 PT,3.202
2026-11-08 11:00 PT,3.198
2026-11-08 11:01 PT,3.194
2026-11-08 11:02 PT,3.19
2026-11-08 11:03 PT,3.186
2026-11-08 11:04 PT,3.183
2026-11-08 11:05 PT,3.179
2026-11-08 11:06 PT,3.175
2026-11-08 11:07 PT,3.172
2026-11-08 11:08 PT,3.168
2026-11-08 11:09 PT,3.165
2026-11-08 11:10 PT,3.162
2026-11-08 11:11 PT,3.158
2026-11-08 11:12 PT,3.155
2026-11-08 11:13 PT,3.152
2026-11-08 11:14 PT,3.149
2026-11-08 11:15 PT,3.146
2026-11-08 11:16 PT,3.143
2026-11-08 11:17 PT,3.14
2026-11-08 11:18 PT,3.137
2026-11-08 11:19 PT,3.134
2026-11-08 11:20 PT,3.132
2026-11-08 11:21 PT,3.129
2026-11-08 11:22 PT,3.127
2026-11-08 11:23 PT,3.124
2026-11-08 11:24 PT,3.122
2026-11-08 11:25 PT,3.119
2026-11-08 11:26 PT,3.117
2026-11-08 11:27 PT,3.115
2026-11-08 11:28 PT,3.113
2026-11-08 11:29 PT,3.111
2026-11-08 11:30 PT,3.109
2026-11-08 11:31 PT,3.107
2026-11-08 11:32 PT,3.105
2026-11-08 11:33 PT,3.103
2026-11-08 11:34 PT,3.102
2026-11-08 11:35 PT,3.1
2026-11-08 11:36 PT,3.098
2026-11-08 11:37 PT,3.097
2026-11-08 11:38 PT,3.096
2026-11-08 11:39 PT,3.094
2026-11-08 11:40 PT,3.093
2026-11-08 11:41 PT,3.092
2026-11-08 11:42 PT,3.091
2026-11-08 11:43 PT,3.09
2026-11-08 11:44 PT,3.089
2026-11-08 11:45 PT,3.088
2026-11-08 11:46 PT,3.087
2026-11-08 11:47 PT,3.086
2026-11-08 11:48 PT,3.086
2026-11-08 11:49 PT,3.085
2026-11-08 11:50 PT,3.085
2026-11-08 11:51 PT,3.084
2026-11-08 11:52 PT,3.084
2026-11-08 11:53 PT,3.084
2026-11-08 11:54 PT,3.084
2026-11-08 11:55 PT,3.083
2026-11-08 11:56 PT,3.083
2026-11-08 11:57 PT,3.083
2026-11-08 11:58 PT,3.084
2026-11-08 11:59 PT,3.084
2026-11-08 12:00 PT,3.084
2026-11-08 12:01 PT,3.084
2026-11-08 12:02 PT,3.085
2026-11-08 12:03 PT,3.085
2026-11-08 12:04 PT,3.086
2026-11-08 12:05 PT,3.086
2026-11-08 12:06 PT,3.087
2026-11-08 12:07 PT,3.088
2026-11-08 12:08 PT,3.089
2026-11-08 12:09 PT,3.09
2026-11-08 12:10 PT,3.091
2026-11-08 12:11 PT,3.092
2026-11-08 12:12 PT,3.093
2026-11-08 12:13 PT,3.094
2026-11-08 12:14 PT,3.095
2026-11-08 12:15 PT,3.097
2026-11-08 12:16 PT,3.098
2026-11-08 12:17 PT,3.099
2026-11-08 12:18 PT,3.101
2026-11-08 12:19 PT,3.102
2026-11-08 12:20 PT,3.104
2026-11-08 12:21 PT,3.106
2026-11-08 12:22 PT,3.108
2026-11-08 12:23 PT,3.11
2026-11-08 12:24 PT,3.111
2026-11-08 12:25 PT,3.113
2026-11-08 12:26 PT,3.116
2026-11-08 12:27 PT,3.118
2026-11-08 12:28 PT,3.12
2026-11-08 12:29 PT,3.122
2026-11-08 12:30 PT,3.124
2026-11-08 12:31 PT,3.127
2026-11-08 12:32 PT,3.129
2026-11-08 12:33 PT,3.132
2026-11-08 12:34 PT,3.134
2026-11-08 12:35 PT,3.137
2026-11-08 12:36 PT,3.139
2026-11-08 12:37 PT,3.142
2026-11-08 12:38 PT,3.145
2026-11-08 12:39 PT,3.148
2026-11-08 12:40 PT,3.151
2026-11-08 12:41 PT,3.153
2026-11-08 12:42 PT,3.156
2026-11-08 12:43 PT,3.16
2026-11-08 12:44 PT,3.163
2026-11-08 12:45 PT,3.166
2026-11-08 12:46 PT,3.169
2026-11-08 12:47 PT,3.172
2026-11-08 12:48 PT,3.175
2026-11-08 12:49 PT,3.179
2026-11-08 12:50 PT,3.182
2026-11-08 12:51 PT,3.186
2026-11-08 12:52 PT,3.189
2026-11-08 12:53 PT,3.193
2026-11-08 12:54 PT,3.196
2026-11-08 12:55 PT,3.2
2026-11-08 12:56 PT,3.203
2026-11-08 12:57 PT,3.207
2026-11-08 12:58 PT,3.211
2026-11-08 12:59 PT,3.215
2026-11-08 13:00 PT,3.219
2026-11-08 13:01 PT,3.222
2026-11-08 13:02 PT,3.226
2026-11-08 13:03 PT,3.23
2026-11-08 13:04 PT,3.234
2026-11-08 13:05 PT,3.238
2026-11-08 13:06 PT,3.242
2026-11-08 13:07 PT,3.247
2026-11-08 13:08 PT,3.251
2026-11-08 13:09 PT,3.255
2026-11-08 13:10 PT,3.259
2026-11-08 13:11 PT,3.263
2026-11-08 13:12 PT,3.268
2026-11-08 13:13 PT,3.272
2026-11-08 13:14 PT,3.276
2026-11-08 13:15 PT,3.281
2026-11-08 13:16 PT,3.285
2026-11-08 13:17 PT,3.289
2026-11-08 13:18 PT,3.294
2026-11-08 13:19 PT,3.298
2026-11-08 13:20 PT,3.303
2026-11-08 13:21 PT,3.307
2026-11-08 13:22 PT,3.312
2026-11-08 13:23 PT,3.317
2026-11-08 13:24 PT,3.321
2026-11-08 13:25 PT,3.326
2026-11-08 13:26 PT,3.331
2026-11-08 13:27 PT,3.335
2026-11-08 13:28 PT,3.34
2026-11-08 13:29 PT,3.345
2026-11-08 13:30 PT,3.35
2026-11-08 13:31 PT,3.354
2026-11-08 13:32 PT,3.359
2026-11-08 13:33 PT,3.364
2026-11-08 13:34 PT,3.369
2026-11-08 13:35 PT,3.374
2026-11-08 13:36 PT,3.379
2026-11-08 13:37 PT,3.384
2026-11-08 13:38 PT,3.389
2026-11-08 13:39 PT,3.394
2026-11-08 13:40 PT,3.399
2026-11-08 13:41 PT,3.404
2026-11-08 13:42 PT,3.409
2026-11-08 13:43 PT,3.414
2026-11-08 13:44 PT,3.419
2026-11-08 13:45 PT,3.424
2026-11-08 13:46 PT,3.429
2026-11-08 13:47 PT,3.434
2026-11-08 13:48 PT,3.439
2026-11-08 13:49 PT,3.444
2026-11-08 13:50 PT,3.449
2026-11-08 13:51 PT,3.454
2026-11-08 13:52 PT,3.459
2026-11-08 13:53 PT,3.465
2026-11-08 13:54 PT,3.47
2026-11-08 13:55 PT,3.475
2026-11-08 13:56 PT,3.48
2026-11-08 13:57 PT,3.485
2026-11-08 13:58 PT,3.491
2026-11-08 13:59 PT,3.496
2026-11-08 14:00 PT,3.501
2026-11-08 14:01 PT,3.506
2026-11-08 14:02 PT,3.512
2026-11-08 14:03 PT,3.517
2026-11-08 14:04 PT,3.522
2026-11-08 14:05 PT,3.527
2026-11-08 14:06 PT,3.533
2026-11-08 14:07 PT,3.538
2026-11-08 14:08 PT,3.543
2026-11-08 14:09 PT,3.549
2026-11-08 14:10 PT,3.554
2026-11-08 14:11 PT,3.559
2026-11-08 14:12 PT,3.564
2026-11-08 14:13 PT,3.57
2026-11-08 14:14 PT,3.575
2026-11-08 14:15 PT,3.58
2026-11-08 14:16 PT,3.586
2026-11-08 14:17 PT,3.591
2026-11-08 14:18 PT,3.597
2026-11-08 14:19 PT,3.602
2026-11-08 14:20 PT,3.607
2026-11-08 14:21 PT,3.613
2026-11-08 14:22 PT,3.618
2026-11-08 14:23 PT,3.623
2026-11-08 14:24 PT,3.629
2026-11-08 14:25 PT,3.634
2026-11-08 14:26 PT,3.639
2026-11-08 14:27 PT,3.645
2026-11-08 14:28 PT,3.65
2026-11-08 14:29 PT,3.656
2026-11-08 14:30 PT,3.661
2026-11-08 14:31 PT,3.666
2026-11-08 14:32 PT,3.672
2026-11-08 14:33 PT,3.677
2026-11-08 14:34 PT,3.683
2026-11-08 14:35 PT,3.688
2026-11-08 14:36 PT,3.693
2026-11-08 14:37 PT,3.699
2026-11-08 14:38 PT,3.704
2026-11-08 14:39 PT,3.709
2026-11-08 14:40 PT,3.715
2026-11-08 14:41 PT,3.72
2026-11-08 14:42 PT,3.725
2026-11-08 14:43 PT,3.731
2026-11-08 14:44 PT,3.736
2026-11-08 14:45 PT,3.742
2026-11-08 14:46 PT,3.747
2026-11-08 14:47 PT,3.752
2026-11-08 14:48 PT,3.758
2026-11-08 14:49 PT,3.763
2026-11-08 14:50 PT,3.768
2026-11-08 14:51 PT,3.774
2026-11-08 14:52 PT,3.779
2026-11-08 14:53 PT,3.784
2026-11-08 14:54 PT,3.79
2026-11-08 14:55 PT,3.795
2026-11-08 14:56 PT,3.8
2026-11-08 14:57 PT,3.805
2026-11-08 14:58 PT,3.811
2026-11-08 14:59 PT,3.816
2026-11-08 15:00 PT,3.821
2026-11-08 15:01 PT,3.827
2026-11-08 15:02 PT,3.832
2026-11-08 15:03 PT,3.837
2026-11-08 15:04 PT,3.842
2026-11-08 15:05 PT,3.848
2026-11-08 15:06 PT,3.853
2026-11-08 15:07 PT,3.858
2026-11-08 15:08 PT,3.863
2026-11-08 15:09 PT,3.868
2026-11-08 15:10 PT,3.873
2026-11-08 15:11 PT,3.879
2026-11-08 15:12 PT,3.884
2026-11-08 15:13 PT,3.889
2026-11-08 15:14 PT,3.894
2026-11-08 15:15 PT,3.899
2026-11-08 15:16 PT,3.904
2026-11-08 15:17 PT,3.909
2026-11-08 15:18 PT,3.914
2026-11-08 15:19 PT,3.919
2026-11-08 15:20 PT,3.924
2026-11-08 15:21 PT,3.929
2026-11-08 15:22 PT,3.934
2026-11-08 15:23 PT,3.939
2026-11-08 15:24 PT,3.944
2026-11-08 15:25 PT,3.949
2026-11-08 15:26 PT,3.954
2026-11-08 15:27 PT,3.959
2026-11-08 15:28 PT,3.964
2026-11-08 15:29 PT,3.968
2026-11-08 15:30 PT,3.973
2026-11-08 15:31 PT,3.978
2026-11-08 15:32 PT,3.983
2026-11-08 15:33 PT,3.988
2026-11-08 15:34 PT,3.992
2026-11-08 15:35 PT,3.997
2026-11-08 15:36 PT,4.002
2026-11-08 15:37 PT,4.006
2026-11-08 15:38 PT,4.011
2026-11-08 15:39 PT,4.015
2026-11-08 15:40 PT,4.02
2026-11-08 15:41 PT,4.025
2026-11-08 15:42 PT,4.029
2026-11-08 15:43 PT,4.033
2026-11-08 15:44 PT,4.038
2026-11-08 15:45 PT,4.042
2026-11-08 15:46 PT,4.047
2026-11-08 15:47 PT,4.051
2026-11-08 15:48 PT,4.055
2026-11-08 15:49 PT,4.06
2026-11-08 15:50 PT,4.064
2026-11-08 15:51 PT,4.068
2026-11-08 15:52 PT,4.072
2026-11-08 15:53 PT,4.076
2026-11-08 15:54 PT,4.08
2026-11-08 15:55 PT,4.084
2026-11-08 15:56 PT,4.088
2026-11-08 15:57 PT,4.092
2026-11-08 15:58 PT,4.096
2026-11-08 15:59 PT,4.1
2026-11-08 16:00 PT,4.104
2026-11-08 16:01 PT,4.108
2026-11-08 16:02 PT,4.111
2026-11-08 16:03 PT,4.115
2026-11-08 16:04 PT,4.119
2026-11-08 16:05 PT,4.122
2026-11-08 16:06 PT,4.126
2026-11-08 16:07 PT,4.13
2026-11-08 16:08 PT,4.133
2026-11-08 16:09 PT,4.136
2026-11-08 16:10 PT,4.14
2026-11-08 16:11 PT,4.143
2026-11-08 16:12 PT,4.146
2026-11-08 16:13 PT,4.15
2026-11-08 16:14 PT,4.153
2026-11-08 16:15 PT,4.156
2026-11-08 16:16 PT,4.159
2026-11-08 16:17 PT,4.162
2026-11-08 16:18 PT,4.165
2026-11-08 16:19 PT,4.168
2026-11-08 16:20 PT,4.171
2026-11-08 16:21 PT,4.173
2026-11-08 16:22 PT,4.176
2026-11-08 16:23 PT,4.179
2026-11-08 16:24 PT,4.181
2026-11-08 16:25 PT,4.184
2026-11-08 16:26 PT,4.186
2026-11-08 16:27 PT,4.189
2026-11-08 16:28 PT,4.191
2026-11-08 16:29 PT,4.193
2026-11-08 16:30 PT,4.196
2026-11-08 16:31 PT,4.198
2026-11-08 16:32 PT,4.2
2026-11-08 16:33 PT,4.202
2026-11-08 16:34 PT,4.204
2026-11-08 16:35 PT,4.206
2026-11-08 16:36 PT,4.208
2026-11-08 16:37 PT,4.209
2026-11-08 16:38 PT,4.211
2026-11-08 16:39 PT,4.213
2026-11-08 16:40 PT,4.214
2026-11-08 16:41 PT,4.216
2026-11-08 16:42 PT,4.217
2026-11-08 16:43 PT,4.219
2026-11-08 16:44 PT,4.22
2026-11-08 16:45 PT,4.221
2026-11-08 16:46 PT,4.222
2026-11-08 16:47 PT,4.223
2026-11-08 16:48 PT,4.224
2026-11-08 16:49 PT,4.225
2026-11-08 16:50 PT,4.226
2026-11-08 16:51 PT,4.227
2026-11-08 16:52 PT,4.227
2026-11-08 16:53 PT,4.228
2026-11-08 16:54 PT,4.228
2026-11-08 16:55 PT,4.229
2026-11-08 16:56 PT,4.229
2026-11-08 16:57 PT,4.23
2026-11-08 16:58 PT,4.23
2026-11-08 16:59 PT,4.23
2026-11-08 17:00 PT,4.23
2026-11-08 17:01 PT,4.23
2026-11-08 17:02 PT,4.23
2026-11-08 17:03 PT,4.23
2026-11-08 17:04 PT,4.229
2026-11-08 17:05 PT,4.229
2026-11-08 17:06 PT,4.228
2026-11-08 17:07 PT,4.228
2026-11-08 17:08 PT,4.227
2026-11-08 17:09 PT,4.227
2026-11-08 17:10 PT,4.226
2026-11-08 17:11 PT,4.225
2026-11-08 17:12 PT,4.224
2026-11-08 17:13 PT,4.223
2026-11-08 17:14 PT,4.222
2026-11-08 17:15 PT,4.221
2026-11-08 17:16 PT,4.22
2026-11-08 17:17 PT,4.218
2026-11-08 17:18 PT,4.217
2026-11-08 17:19 PT,4.215
2026-11-08 17:20 PT,4.214
2026-11-08 17:21 PT,4.212
2026-11-08 17:22 PT,4.21
2026-11-08 17:23 PT,4.208
2026-11-08 17:24 PT,4.206
2026-11-08 17:25 PT,4.204
2026-11-08 17:26 PT,4.202
2026-11-08 17:27 PT,4.2
2026-11-08 17:28 PT,4.198
2026-11-08 17:29 PT,4.195
2026-11-08 17:30 PT,4.193
2026-11-08 17:31 PT,4.19
2026-11-08 17:32 PT,4.188
2026-11-08 17:33 PT,4.185
2026-11-08 17:34 PT,4.182
2026-11-08 17:35 PT,4.179
2026-11-08 17:36 PT,4.176
2026-11-08 17:37 PT,4.173
2026-11-08 17:38 PT,4.17
2026-11-08 17:39 PT,4.167
2026-11-08 17:40 PT,4.163
2026-11-08 17:41 PT,4.16
2026-11-08 17:42 PT,4.157
2026-11-08 17:43 PT,4.153
2026-11-08 17:44 PT,4.149
2026-11-08 17:45 PT,4.146
2026-11-08 17:46 PT,4.142
2026-11-08 17:47 PT,4.138
2026-11-08 17:48 PT,4.134
2026-11-08 17:49 PT,4.13
2026-11-08 17:50 PT,4.126
2026-11-08 17:51 PT,4.121
2026-11-08 17:52 PT,4.117
2026-11-08 17:53 PT,4.113
2026-11-08 17:54 PT,4.108
2026-11-08 17:55 PT,4.104
2026-11-08 17:56 PT,4.099
2026-11-08 17:57 PT,4.094
2026-11-08 17:58 PT,4.089
2026-11-08 17:59 PT,4.084
2026-11-08 18:00 PT,4.079
2026-11-08 18:01 PT,4.074
2026-11-08 18:02 PT,4.069
2026-11-08 18:03 PT,4.064
2026-11-08 18:04 PT,4.059
2026-11-08 18:05 PT,4.053
2026-11-08 18:06 PT,4.048
2026-11-08 18:07 PT,4.042
2026-11-08 18:08 PT,4.037
2026-11-08 18:09 PT,4.031
2026-11-08 18:10 PT,4.025
2026-11-08 18:11 PT,4.02
2026-11-08 18:12 PT,4.014
2026-11-08 18:13 PT,4.008
2026-11-08 18:14 PT,4.002
2026-11-08 18:15 PT,3.995
2026-11-08 18:16 PT,3.989
2026-11-08 18:17 PT,3.983
2026-11-08 18:18 PT,3.977
2026-11-08 18:19 PT,3.97
2026-11-08 18:20 PT,3.964
2026-11-08 18:21 PT,3.957
2026-11-08 18:22 PT,3.951
2026-11-08 18:23 PT,3.944
2026-11-08 18:24 PT,3.937
2026-11-08 18:25 PT,3.93
2026-11-08 18:26 PT,3.923
2026-11-08 18:27 PT,3.916
2026-11-08 18:28 PT,3.909
2026-11-08 18:29 PT,3.902
2026-11-08 18:30 PT,3.895
2026-11-08 18:31 PT,3.888
2026-11-08 18:32 PT,3.881
2026-11-08 18:33 PT,3.873
2026-11-08 18:34 PT,3.866
2026-11-08 18:35 PT,3.858
2026-11-08 18:36 PT,3.851
2026-11-08 18:37 PT,3.843
2026-11-08 18:38 PT,3.836
2026-11-08 18:39 PT,3.828
2026-11-08 18:40 PT,3.82
2026-11-08 18:41 PT,3.812
2026-11-08 18:42 PT,3.804
2026-11-08 18:43 PT,3.796
2026-11-08 18:44 PT,3.788
2026-11-08 18:45 PT,3.78
2026-11-08 18:46 PT,3.772
2026-11-08 18:47 PT,3.764
2026-11-08 18:48 PT,3.756
2026-11-08 18:49 PT,3.748
2026-11-08 18:50 PT,3.739
2026-11-08 18:51 PT,3.731
2026-11-08 18:52 PT,3.722
2026-11-08 18:53 PT,3.714
2026-11-08 18:54 PT,3.705
2026-11-08 18:55 PT,3.697
2026-11-08 18:56 PT,3.688
2026-11-08 18:57 PT,3.679
2026-11-08 18:58 PT,3.671
2026-11-08 18:59 PT,3.662
2026-11-08 19:00 PT,3.653
2026-11-08 19:01 PT,3.644
2026-11-08 19:02 PT,3.635
2026-11-08 19:03 PT,3.626
2026-11-08 19:04 PT,3.617
2026-11-08 19:05 PT,3.608
2026-11-08 19:06 PT,3.599
2026-11-08 19:07 PT,3.59
2026-11-08 19:08 PT,3.581
2026-11-08 19:09 PT,3.572
2026-11-08 19:10 PT,3.562
2026-11-08 19:11 PT,3.553
2026-11-08 19:12 PT,3.544
2026-11-08 19:13 PT,3.534
2026-11-08 19:14 PT,3.525
2026-11-08 19:15 PT,3.516
2026-11-08 19:16 PT,3.506
2026-11-08 19:17 PT,3.497
2026-11-08 19:18 PT,3.487
2026-11-08 19:19 PT,3.478
2026-11-08 19:20 PT,3.468
2026-11-08 19:21 PT,3.458
2026-11-08 19:22 PT,3.449
2026-11-08 19:23 PT,3.439
2026-11-08 19:24 PT,3.429
2026-11-08 19:25 PT,3.419
2026-11-08 19:26 PT,3.41
2026-11-08 19:27 PT,3.4
2026-11-08 19:28 PT,3.39
2026-11-08 19:29 PT,3.38
2026-11-08 19:30 PT,3.37
2026-11-08 19:31 PT,3.36
2026-11-08 19:32 PT,3.35
2026-11-08 19:33 PT,3.34
2026-11-08 19:34 PT,3.33
2026-11-08 19:35 PT,3.32
2026-11-08 19:36 PT,3.31
2026-11-08 19:37 PT,3.3
2026-11-08 19:38 PT,3.29
2026-11-08 19:39 PT,3.279
2026-11-08 19:40 PT,3.269
2026-11-08 19:41 PT,3.259
2026-11-08 19:42 PT,3.249
2026-11-08 19:43 PT,3.239
2026-11-08 19:44 PT,3.228
2026-11-08 19:45 PT,3.218
2026-11-08 19:46 PT,3.208
2026-11-08 19:47 PT,3.197
2026-11-08 19:48 PT,3.187
2026-11-08 19:49 PT,3.177
2026-11-08 19:50 PT,3.166
2026-11-08 19:51 PT,3.156
2026-11-08 19:52 PT,3.145
2026-11-08 19:53 PT,3.135
2026-11-08 19:54 PT,3.124
2026-11-08 19:55 PT,3.114
2026-11-08 19:56 PT,3.103
2026-11-08 19:57 PT,3.093
2026-11-08 19:58 PT,3.082
2026-11-08 19:59 PT,3.072
2026-11-08 20:00 PT,3.061
2026-11-08 20:01 PT,3.051
2026-11-08 20:02 PT,3.04
2026-11-08 20:03 PT,3.029
2026-11-08 20:04 PT,3.019
2026-11-08 20:05 PT,3.008
2026-11-08 20:06 PT,2.997
2026-11-08 20:07 PT,2.987
2026-11-08 20:08 PT,2.976
2026-11-08 20:09 PT,2.965
2026-11-08 20:10 PT,2.954
2026-11-08 20:11 PT,2.944
2026-11-08 20:12 PT,2.933
2026-11-08 20:13 PT,2.922
2026-11-08 20:14 PT,2.911
2026-11-08 20:15 PT,2.901
2026-11-08 20:16 PT,2.89
2026-11-08 20:17 PT,2.879