Date,predictions (m)
2026-11-08 20:19 PT,2.857
2026-11-08 20:20 PT,2.846
2026-11-08 20:21 PT,2.836
2026-11-08 20:22 PT,2.825
2026-11-08 20:23 PT,2.814
2026-11-08 20:24 PT,2.803
2026-11-08 20:25 PT,2.792
2026-11-08 20:26 PT,2.781
2026-11-08 20:27 PT,2.77
2026-11-08 20:28 PT,2.759
2026-11-08 20:29 PT,2.748
2026-11-08 20:30 PT,2.737
2026-11-08 20:31 PT,2.726
2026-11-08 20:32 PT,2.715
2026-11-08 20:33 PT,2.704
2026-11-08 20:34 PT,2.693
2026-11-08 20:35 PT,2.682
2026-11-08 20:36 PT,2.671
2026-11-08 20:37 PT,2.66
2026-11-08 20:38 PT,2.649
2026-11-08 20:39 PT,2.638
2026-11-08 20:40 PT,2.627
2026-11-08 20:41 PT,2.616
2026-11-08 20:42 PT,2.605
2026-11-08 20:43 PT,2.594
2026-11-08 20:44 PT,2.582
2026-11-08 20:45 PT,2.571
2026-11-08 20:46 PT,2.56
2026-11-08 20:47 PT,2.549
2026-11-08 20:48 PT,2.538
2026-11-08 20:49 PT,2.527
2026-11-08 20:50 PT,2.516
2026-11-08 20:51 PT,2.504
2026-11-08 20:52 PT,2.493
2026-11-08 20:53 PT,2.482
2026-11-08 20:54 PT,2.471
2026-11-08 20:55 PT,2.46
2026-11-08 20:56 PT,2.448
2026-11-08 20:57 PT,2.437
2026-11-08 20:58 PT,2.426
2026-11-08 20:59 PT,2.415
2026-11-08 21:00 PT,2.404
2026-11-08 21:01 PT,2.392
2026-11-08 21:02 PT,2.381
2026-11-08 21:03 PT,2.37
2026-11-08 21:04 PT,2.358
2026-11-08 21:05 PT,2.347
2026-11-08 21:06 PT,2.336
2026-11-08 21:07 PT,2.325
2026-11-08 21:08 PT,2.313
2026-11-08 21:09 PT,2.302
2026-11-08 21:10 PT,2.291
2026-11-08 21:11 PT,2.279
2026-11-08 21:12 PT,2.268
2026-11-08 21:13 PT,2.257
2026-11-08 21:14 PT,2.245
2026-11-08 21:15 PT,2.234
2026-11-08 21:16 PT,2.223
2026-11-08 21:17 PT,2.211
2026-11-08 21:18 PT,2.2
2026-11-08 21:19 PT,2.189
2026-11-08 21:20 PT,2.177
2026-11-08 21:21 PT,2.166
2026-11-08 21:22 PT,2.154
2026-11-08 21:23 PT,2.143
2026-11-08 21:24 PT,2.132
2026-11-08 21:25 PT,2.12
2026-11-08 21:26 PT,2.109
2026-11-08 21:27 PT,2.097
2026-11-08 21:28 PT,2.086
2026-11-08 21:29 PT,2.075
2026-11-08 21:30 PT,2.063
2026-11-08 21:31 PT,2.052
2026-11-08 21:32 PT,2.04
2026-11-08 21:33 PT,2.029
2026-11-08 21:34 PT,2.018
2026-11-08 21:35 PT,2.006
2026-11-08 21:36 PT,1.995
2026-11-08 21:37 PT,1.983
2026-11-08 21:38 PT,1.972
2026-11-08 21:39 PT,1.961
2026-11-08 21:40 PT,1.949
2026-11-08 21:41 PT,1.938
2026-11-08 21:42 PT,1.927
2026-11-08 21:43 PT,1.915
2026-11-08 21:44 PT,1.904
2026-11-08 21:45 PT,1.892
2026-11-08 21:46 PT,1.881
2026-11-08 21:47 PT,1.87
2026-11-08 21:48 PT,1.858
2026-11-08 21:49 PT,1.847
2026-11-08 21:50 PT,1.836
2026-11-08 21:51 PT,1.824
2026-11-08 21:52 PT,1.813
2026-11-08 21:53 PT,1.802
2026-11-08 21:54 PT,1.79
2026-11-08 21:55 PT,1.779
2026-11-08 21:56 PT,1.768
2026-11-08 21:57 PT,1.757
2026-11-08 21:58 PT,1.745
2026-11-08 21:59 PT,1.734
2026-11-08 22:00 PT,1.723
2026-11-08 22:01 PT,1.712
2026-11-08 22:02 PT,1.7
2026-11-08 22:03 PT,1.689
2026-11-08 22:04 PT,1.678
2026-11-08 22:05 PT,1.667
2026-11-08 22:06 PT,1.656
2026-11-08 22:07 PT,1.645
2026-11-08 22:08 PT,1.634
2026-11-08 22:09 PT,1.623
2026-11-08 22:10 PT,1.612
2026-11-08 22:11 PT,1.601
2026-11-08 22:12 PT,1.59
2026-11-08 22:13 PT,1.579
2026-11-08 22:14 PT,1.568
2026-11-08 22:15 PT,1.557
2026-11-08 22:16 PT,1.546
2026-11-08 22:17 PT,1.535
2026-11-08 22:18 PT,1.524
2026-11-08 22:19 PT,1.513
2026-11-08 22:20 PT,1.503
2026-11-08 22:21 PT,1.492
2026-11-08 22:22 PT,1.481
2026-11-08 22:23 PT,1.471
2026-11-08 22:24 PT,1.46
2026-11-08 22:25 PT,1.449
2026-11-08 22:26 PT,1.439
2026-11-08 22:27 PT,1.428
2026-11-08 22:28 PT,1.418
2026-11-08 22:29 PT,1.407
2026-11-08 22:30 PT,1.397
2026-11-08 22:31 PT,1.387
2026-11-08 22:32 PT,1.376
2026-11-08 22:33 PT,1.366
2026-11-08 22:34 PT,1.356
2026-11-08 22:35 PT,1.346
2026-11-08 22:36 PT,1.336
2026-11-08 22:37 PT,1.326
2026-11-08 22:38 PT,1.316
2026-11-08 22:39 PT,1.306
2026-11-08 22:40 PT,1.296
2026-11-08 22:41 PT,1.286
2026-11-08 22:42 PT,1.276
2026-11-08 22:43 PT,1.266
2026-11-08 22:44 PT,1.257
2026-11-08 22:45 PT,1.247
2026-11-08 22:46 PT,1.237
2026-11-08 22:47 PT,1.228
2026-11-08 22:48 PT,1.218
2026-11-08 22:49 PT,1.209
2026-11-08 22:50 PT,1.2
2026-11-08 22:51 PT,1.191
2026-11-08 22:52 PT,1.181
2026-11-08 22:53 PT,1.172
2026-11-08 22:54 PT,1.163
2026-11-08 22:55 PT,1.154
2026-11-08 22:56 PT,1.145
2026-11-08 22:57 PT,1.137
2026-11-08 22:58 PT,1.128
2026-11-08 22:59 PT,1.119
2026-11-08 23:00 PT,1.111
2026-11-08 23:01 PT,1.102
2026-11-08 23:02 PT,1.094
2026-11-08 23:03 PT,1.085
2026-11-08 23:04 PT,1.077
2026-11-08 23:05 PT,1.069
2026-11-08 23:06 PT,1.061
2026-11-08 23:07 PT,1.053
2026-11-08 23:08 PT,1.045
2026-11-08 23:09 PT,1.037
2026-11-08 23:10 PT,1.029
2026-11-08 23:11 PT,1.021
2026-11-08 23:12 PT,1.014
2026-11-08 23:13 PT,1.006
2026-11-08 23:14 PT,0.999
2026-11-08 23:15 PT,0.992
2026-11-08 23:16 PT,0.985
2026-11-08 23:17 PT,0.977
2026-11-08 23:18 PT,0.97
2026-11-08 23:19 PT,0.964
2026-11-08 23:20 PT,0.957
2026-11-08 23:21 PT,0.95
2026-11-08 23:22 PT,0.943
2026-11-08 23:23 PT,0.937
2026-11-08 23:24 PT,0.931
2026-11-08 23:25 PT,0.924
2026-11-08 23:26 PT,0.918
2026-11-08 23:27 PT,0.912
2026-11-08 23:28 PT,0.906
2026-11-08 23:29 PT,0.9
2026-11-08 23:30 PT,0.894
2026-11-08 23:31 PT,0.889
2026-11-08 23:32 PT,0.883
2026-11-08 23:33 PT,0.878
2026-11-08 23:34 PT,0.872
2026-11-08 23:35 PT,0.867
2026-11-08 23:36 PT,0.862
2026-11-08 23:37 PT,0.857
2026-11-08 23:38 PT,0.852
2026-11-08 23:39 PT,0.848
2026-11-08 23:40 PT,0.843
2026-11-08 23:41 PT,0.839
2026-11-08 23:42 PT,0.834
2026-11-08 23:43 PT,0.83
2026-11-08 23:44 PT,0.826
2026-11-08 23:45 PT,0.822
2026-11-08 23:46 PT,0.818
2026-11-08 23:47 PT,0.814
2026-11-08 23:48 PT,0.811
2026-11-08 23:49 PT,0.807
2026-11-08 23:50 PT,0.804
2026-11-08 23:51 PT,0.8
2026-11-08 23:52 PT,0.797
2026-11-08 23:53 PT,0.794
2026-11-08 23:54 PT,0.791
2026-11-08 23:55 PT,0.789
2026-11-08 23:56 PT,0.786
2026-11-08 23:57 PT,0.783
2026-11-08 23:58 PT,0.781
2026-11-08 23:59 PT,0.779
2026-11-09 00:00 PT,0.777
2026-11-09 00:01 PT,0.775
2026-11-09 00:02 PT,0.773
2026-11-09 00:03 PT,0.771
2026-11-09 00:04 PT,0.769
2026-11-09 00:05 PT,0.768
2026-11-09 00:06 PT,0.767
2026-11-09 00:07 PT,0.765
2026-11-09 00:08 PT,0.764
2026-11-09 00:09 PT,0.763
2026-11-09 00:10 PT,0.763
2026-11-09 00:11 PT,0.762
2026-11-09 00:12 PT,0.761
2026-11-09 00:13 PT,0.761
2026-11-09 00:14 PT,0.761
2026-11-09 00:15 PT,0.76
2026-11-09 00:16 PT,0.76
2026-11-09 00:17 PT,0.76
2026-11-09 00:18 PT,0.761
2026-11-09 00:19 PT,0.761
2026-11-09 00:20 PT,0.762
2026-11-09 00:21 PT,0.762
2026-11-09 00:22 PT,0.763
2026-11-09 00:23 PT,0.764
2026-11-09 00:24 PT,0.765
2026-11-09 00:25 PT,0.766
2026-11-09 00:26 PT,0.767
2026-11-09 00:27 PT,0.769
2026-11-09 00:28 PT,0.77
2026-11-09 00:29 PT,0.772
2026-11-09 00:30 PT,0.773
2026-11-09 00:31 PT,0.775
2026-11-09 00:32 PT,0.777
2026-11-09 00:33 PT,0.78
2026-11-09 00:34 PT,0.782
2026-11-09 00:35 PT,0.784
2026-11-09 00:36 PT,0.787
2026-11-09 00:37 PT,0.789
2026-11-09 00:38 PT,0.792
2026-11-09 00:39 PT,0.795
2026-11-09 00:40 PT,0.798
2026-11-09 00:41 PT,0.801
2026-11-09 00:42 PT,0.805
2026-11-09 00:43 PT,0.808
2026-11-09 00:44 PT,0.811
2026-11-09 00:45 PT,0.815
2026-11-09 00:46 PT,0.819
2026-11-09 00:47 PT,0.823
2026-11-09 00:48 PT,0.827
2026-11-09 00:49 PT,0.831
2026-11-09 00:50 PT,0.835
2026-11-09 00:51 PT,0.839
2026-11-09 00:52 PT,0.844
2026-11-09 00:53 PT,0.848
2026-11-09 00:54 PT,0.853
2026-11-09 00:55 PT,0.858
2026-11-09 00:56 PT,0.863
2026-11-09 00:57 PT,0.868
2026-11-09 00:58 PT,0.873
2026-11-09 00:59 PT,0.878
2026-11-09 01:00 PT,0.883
2026-11-09 01:01 PT,0.889
2026-11-09 01:02 PT,0.894
2026-11-09 01:03 PT,0.9
2026-11-09 01:04 PT,0.906
2026-11-09 01:05 PT,0.912
2026-11-09 01:06 PT,0.918
2026-11-09 01:07 PT,0.924
2026-11-09 01:08 PT,0.93
2026-11-09 01:09 PT,0.936
2026-11-09 01:10 PT,0.943
2026-11-09 01:11 PT,0.949
2026-11-09 01:12 PT,0.956
2026-11-09 01:13 PT,0.962
2026-11-09 01:14 PT,0.969
2026-11-09 01:15 PT,0.976
2026-11-09 01:16 PT,0.983
2026-11-09 01:17 PT,0.99
2026-11-09 01:18 PT,0.997
2026-11-09 01:19 PT,1.005
2026-11-09 01:20 PT,1.012
2026-11-09 01:21 PT,1.019
2026-11-09 01:22 PT,1.027
2026-11-09 01:23 PT,1.035
2026-11-09 01:24 PT,1.042
2026-11-09 01:25 PT,1.05
2026-11-09 01:26 PT,1.058
2026-11-09 01:27 PT,1.066
2026-11-09 01:28 PT,1.074
2026-11-09 01:29 PT,1.082
2026-11-09 01:30 PT,1.09
2026-11-09 01:31 PT,1.098
2026-11-09 01:32 PT,1.107
2026-11-09 01:33 PT,1.115
2026-11-09 01:34 PT,1.124
2026-11-09 01:35 PT,1.132
2026-11-09 01:36 PT,1.141
2026-11-09 01:37 PT,1.15
2026-11-09 01:38 PT,1.159
2026-11-09 01:39 PT,1.167
2026-11-09 01:40 PT,1.176
2026-11-09 01:41 PT,1.185
2026-11-09 01:42 PT,1.195
2026-11-09 01:43 PT,1.204
2026-11-09 01:44 PT,1.213
2026-11-09 01:45 PT,1.222
2026-11-09 01:46 PT,1.232
2026-11-09 01:47 PT,1.241
2026-11-09 01:48 PT,1.251
2026-11-09 01:49 PT,1.26
2026-11-09 01:50 PT,1.27
2026-11-09 01:51 PT,1.28
2026-11-09 01:52 PT,1.289
2026-11-09 01:53 PT,1.299
2026-11-09 01:54 PT,1.309
2026-11-09 01:55 PT,1.319
2026-11-09 01:56 PT,1.329
2026-11-09 01:57 PT,1.339
2026-11-09 01:58 PT,1.349
2026-11-09 01:59 PT,1.359
2026-11-09 02:00 PT,1.37
2026-11-09 02:01 PT,1.38
2026-11-09 02:02 PT,1.39
2026-11-09 02:03 PT,1.401
2026-11-09 02:04 PT,1.411
2026-11-09 02:05 PT,1.421
2026-11-09 02:06 PT,1.432
2026-11-09 02:07 PT,1.443
2026-11-09 02:08 PT,1.453
2026-11-09 02:09 PT,1.464
2026-11-09 02:10 PT,1.475
2026-11-09 02:11 PT,1.485
2026-11-09 02:12 PT,1.496
2026-11-09 02:13 PT,1.507
2026-11-09 02:14 PT,1.518
2026-11-09 02:15 PT,1.529
2026-11-09 02:16 PT,1.54
2026-11-09 02:17 PT,1.551
2026-11-09 02:18 PT,1.562
2026-11-09 02:19 PT,1.573
2026-11-09 02:20 PT,1.585
2026-11-09 02:21 PT,1.596
2026-11-09 02:22 PT,1.607
2026-11-09 02:23 PT,1.618
2026-11-09 02:24 PT,1.63
2026-11-09 02:25 PT,1.641
2026-11-09 02:26 PT,1.653
2026-11-09 02:27 PT,1.664
2026-11-09 02:28 PT,1.675
2026-11-09 02:29 PT,1.687
2026-11-09 02:30 PT,1.699
2026-11-09 02:31 PT,1.71
2026-11-09 02:32 PT,1.722
2026-11-09 02:33 PT,1.734
2026-11-09 02:34 PT,1.745
2026-11-09 02:35 PT,1.757
2026-11-09 02:36 PT,1.769
2026-11-09 02:37 PT,1.781
2026-11-09 02:38 PT,1.792
2026-11-09 02:39 PT,1.804
2026-11-09 02:40 PT,1.816
2026-11-09 02:41 PT,1.828
2026-11-09 02:42 PT,1.84
2026-11-09 02:43 PT,1.852
2026-11-09 02:44 PT,1.864
2026-11-09 02:45 PT,1.876
2026-11-09 02:46 PT,1.888
2026-11-09 02:47 PT,1.901
2026-11-09 02:48 PT,1.913
2026-11-09 02:49 PT,1.925
2026-11-09 02:50 PT,1.937
2026-11-09 02:51 PT,1.949
2026-11-09 02:52 PT,1.962
2026-11-09 02:53 PT,1.974
2026-11-09 02:54 PT,1.986
2026-11-09 02:55 PT,1.999
2026-11-09 02:56 PT,2.011
2026-11-09 02:57 PT,2.023
2026-11-09 02:58 PT,2.036
2026-11-09 02:59 PT,2.048
2026-11-09 03:00 PT,2.061
2026-11-09 03:01 PT,2.073
2026-11-09 03:02 PT,2.086
2026-11-09 03:03 PT,2.098
2026-11-09 03:04 PT,2.111
2026-11-09 03:05 PT,2.123
2026-11-09 03:06 PT,2.136
2026-11-09 03:07 PT,2.149
2026-11-09 03:08 PT,2.161
2026-11-09 03:09 PT,2.174
2026-11-09 03:10 PT,2.187
2026-11-09 03:11 PT,2.199
2026-11-09 03:12 PT,2.212
2026-11-09 03:13 PT,2.225
2026-11-09 03:14 PT,2.238
2026-11-09 03:15 PT,2.251
2026-11-09 03:16 PT,2.263
2026-11-09 03:17 PT,2.276
2026-11-09 03:18 PT,2.289
2026-11-09 03:19 PT,2.302
2026-11-09 03:20 PT,2.315
2026-11-09 03:21 PT,2.328
2026-11-09 03:22 PT,2.341
2026-11-09 03:23 PT,2.354
2026-11-09 03:24 PT,2.367
2026-11-09 03:25 PT,2.38
2026-11-09 03:26 PT,2.393
2026-11-09 03:27 PT,2.406
2026-11-09 03:28 PT,2.419
2026-11-09 03:29 PT,2.432
2026-11-09 03:30 PT,2.445
2026-11-09 03:31 PT,2.458
2026-11-09 03:32 PT,2.471
2026-11-09 03:33 PT,2.484
2026-11-09 03:34 PT,2.497
2026-11-09 03:35 PT,2.51
2026-11-09 03:36 PT,2.523
2026-11-09 03:37 PT,2.536
2026-11-09 03:38 PT,2.549
2026-11-09 03:39 PT,2.563
2026-11-09 03:40 PT,2.576
2026-11-09 03:41 PT,2.589
2026-11-09 03:42 PT,2.602
2026-11-09 03:43 PT,2.615
2026-11-09 03:44 PT,2.628
2026-11-09 03:45 PT,2.642
2026-11-09 03:46 PT,2.655
2026-11-09 03:47 PT,2.668
2026-11-09 03:48 PT,2.681
2026-11-09 03:49 PT,2.695
2026-11-09 03:50 PT,2.708
2026-11-09 03:51 PT,2.721
2026-11-09 03:52 PT,2.734
2026-11-09 03:53 PT,2.747
2026-11-09 03:54 PT,2.761
2026-11-09 03:55 PT,2.774
2026-11-09 03:56 PT,2.787
2026-11-09 03:57 PT,2.8
2026-11-09 03:58 PT,2.814
2026-11-09 03:59 PT,2.827
2026-11-09 04:00 PT,2.84
2026-11-09 04:01 PT,2.853
2026-11-09 04:02 PT,2.866
2026-11-09 04:03 PT,2.88
2026-11-09 04:04 PT,2.893
2026-11-09 04:05 PT,2.906
2026-11-09 04:06 PT,2.919
2026-11-09 04:07 PT,2.933
2026-11-09 04:08 PT,2.946
2026-11-09 04:09 PT,2.959
2026-11-09 04:10 PT,2.972
2026-11-09 04:11 PT,2.985
2026-11-09 04:12 PT,2.998
2026-11-09 04:13 PT,3.012
2026-11-09 04:14 PT,3.025
2026-11-09 04:15 PT,3.038
2026-11-09 04:16 PT,3.051
2026-11-09 04:17 PT,3.064
2026-11-09 04:18 PT,3.077
2026-11-09 04:19 PT,3.09
2026-11-09 04:20 PT,3.103
2026-11-09 04:21 PT,3.116
2026-11-09 04:22 PT,3.129
2026-11-09 04:23 PT,3.142
2026-11-09 04:24 PT,3.155
2026-11-09 04:25 PT,3.168
2026-11-09 04:26 PT,3.181
2026-11-09 04:27 PT,3.194
2026-11-09 04:28 PT,3.207
2026-11-09 04:29 PT,3.22
2026-11-09 04:30 PT,3.233
2026-11-09 04:31 PT,3.245
2026-11-09 04:32 PT,3.258
2026-11-09 04:33 PT,3.271
2026-11-09 04:34 PT,3.284
2026-11-09 04:35 PT,3.297
2026-11-09 04:36 PT,3.309
2026-11-09 04:37 PT,3.322
2026-11-09 04:38 PT,3.335
2026-11-09 04:39 PT,3.347
2026-11-09 04:40 PT,3.36
2026-11-09 04:41 PT,3.372
2026-11-09 04:42 PT,3.385
2026-11-09 04:43 PT,3.397
2026-11-09 04:44 PT,3.41
2026-11-09 04:45 PT,3.422
2026-11-09 04:46 PT,3.434
2026-11-09 04:47 PT,3.447
2026-11-09 04:48 PT,3.459
2026-11-09 04:49 PT,3.471
2026-11-09 04:50 PT,3.483
2026-11-09 04:51 PT,3.496
2026-11-09 04:52 PT,3.508
2026-11-09 04:53 PT,3.52
2026-11-09 04:54 PT,3.532
2026-11-09 04:55 PT,3.544
2026-11-09 04:56 PT,3.556
2026-11-09 04:57 PT,3.568
2026-11-09 04:58 PT,3.58
2026-11-09 04:59 PT,3.591
2026-11-09 05:00 PT,3.603
2026-11-09 05:01 PT,3.615
2026-11-09 05:02 PT,3.627
2026-11-09 05:03 PT,3.638
2026-11-09 05:04 PT,3.65
2026-11-09 05:05 PT,3.661
2026-11-09 05:06 PT,3.673
2026-11-09 05:07 PT,3.684
2026-11-09 05:08 PT,3.695
2026-11-09 05:09 PT,3.707
2026-11-09 05:10 PT,3.718
2026-11-09 05:11 PT,3.729
2026-11-09 05:12 PT,3.74
2026-11-09 05:13 PT,3.751
2026-11-09 05:14 PT,3.762
2026-11-09 05:15 PT,3.773
2026-11-09 05:16 PT,3.784
2026-11-09 05:17 PT,3.795
2026-11-09 05:18 PT,3.806
2026-11-09 05:19 PT,3.816
2026-11-09 05:20 PT,3.827
2026-11-09 05:21 PT,3.838
2026-11-09 05:22 PT,3.848
2026-11-09 05:23 PT,3.859
2026-11-09 05:24 PT,3.869
2026-11-09 05:25 PT,3.879
2026-11-09 05:26 PT,3.889
2026-11-09 05:27 PT,3.9
2026-11-09 05:28 PT,3.91
2026-11-09 05:29 PT,3.92
2026-11-09 05:30 PT,3.93
2026-11-09 05:31 PT,3.94
2026-11-09 05:32 PT,3.949
2026-11-09 05:33 PT,3.959
2026-11-09 05:34 PT,3.969
2026-11-09 05:35 PT,3.978
2026-11-09 05:36 PT,3.988
2026-11-09 05:37 PT,3.997
2026-11-09 05:38 PT,4.007
2026-11-09 05:39 PT,4.016
2026-11-09 05:40 PT,4.025
2026-11-09 05:41 PT,4.034
2026-11-09 05:42 PT,4.043
2026-11-09 05:43 PT,4.052
2026-11-09 05:44 PT,4.061
2026-11-09 05:45 PT,4.07
2026-11-09 05:46 PT,4.079
2026-11-09 05:47 PT,4.087
2026-11-09 05:48 PT,4.096
2026-11-09 05:49 PT,4.105
2026-11-09 05:50 PT,4.113
2026-11-09 05:51 PT,4.121
2026-11-09 05:52 PT,4.13
2026-11-09 05:53 PT,4.138
2026-11-09 05:54 PT,4.146
2026-11-09 05:55 PT,4.154
2026-11-09 05:56 PT,4.162
2026-11-09 05:57 PT,4.17
2026-11-09 05:58 PT,4.177
2026-11-09 05:59 PT,4.185
2026-11-09 06:00 PT,4.193
2026-11-09 06:01 PT,4.2
2026-11-09 06:02 PT,4.207
2026-11-09 06:03 PT,4.215
2026-11-09 06:04 PT,4.222
2026-11-09 06:05 PT,4.229
2026-11-09 06:06 PT,4.236
2026-11-09 06:07 PT,4.243
2026-11-09 06:08 PT,4.25
2026-11-09 06:09 PT,4.257
2026-11-09 06:10 PT,4.264
2026-11-09 06:11 PT,4.27
2026-11-09 06:12 PT,4.277
2026-11-09 06:13 PT,4.283
2026-11-09 06:14 PT,4.29
2026-11-09 06:15 PT,4.296
2026-11-09 06:16 PT,4.302
2026-11-09 06:17 PT,4.308
2026-11-09 06:18 PT,4.314
2026-11-09 06:19 PT,4.32
2026-11-09 06:20 PT,4.326
2026-11-09 06:21 PT,4.332
2026-11-09 06:22 PT,4.337
2026-11-09 06:23 PT,4.343
2026-11-09 06:24 PT,4.348
2026-11-09 06:25 PT,4.354
2026-11-09 06:26 PT,4.359
2026-11-09 06:27 PT,4.364
2026-11-09 06:28 PT,4.369
2026-11-09 06:29 PT,4.374
2026-11-09 06:30 PT,4.379
2026-11-09 06:31 PT,4.384
2026-11-09 06:32 PT,4.389
2026-11-09 06:33 PT,4.393
2026-11-09 06:34 PT,4.398
2026-11-09 06:35 PT,4.402
2026-11-09 06:36 PT,4.407
2026-11-09 06:37 PT,4.411
2026-11-09 06:38 PT,4.415
2026-11-09 06:39 PT,4.419
2026-11-09 06:40 PT,4.423
2026-11-09 06:41 PT,4.427
2026-11-09 06:42 PT,4.431
2026-11-09 06:43 PT,4.435
2026-11-09 06:44 PT,4.438
2026-11-09 06:45 PT,4.442
2026-11-09 06:46 PT,4.445
2026-11-09 06:47 PT,4.449
2026-11-09 06:48 PT,4.452
2026-11-09 06:49 PT,4.455
2026-11-09 06:50 PT,4.458
2026-11-09 06:51 PT,4.461
2026-11-09 06:52 PT,4.464
2026-11-09 06:53 PT,4.467
2026-11-09 06:54 PT,4.47
2026-11-09 06:55 PT,4.473
2026-11-09 06:56 PT,4.475
2026-11-09 06:57 PT,4.478
2026-11-09 06:58 PT,4.48
2026-11-09 06:59 PT,4.482
2026-11-09 07:00 PT,4.485
2026-11-09 07:01 PT,4.487
2026-11-09 07:02 PT,4.489
2026-11-09 07:03 PT,4.491
2026-11-09 07:04 PT,4.493
2026-11-09 07:05 PT,4.495
2026-11-09 07:06 PT,4.496
2026-11-09 07:07 PT,4.498
2026-11-09 07:08 PT,4.5
2026-11-09 07:09 PT,4.501
2026-11-09 07:10 PT,4.503
2026-11-09 07:11 PT,4.504
2026-11-09 07:12 PT,4.505
2026-11-09 07:13 PT,4.506
2026-11-09 07:14 PT,4.507
2026-11-09 07:15 PT,4.508
2026-11-09 07:16 PT,4.509
2026-11-09 07:17 PT,4.51
2026-11-09 07:18 PT,4.511
2026-11-09 07:19 PT,4.512
2026-11-09 07:20 PT,4.512
2026-11-09 07:21 PT,4.513
2026-11-09 07:22 PT,4.513
2026-11-09 07:23 PT,4.514
2026-11-09 07:24 PT,4.514
2026-11-09 07:25 PT,4.514
2026-11-09 07:26 PT,4.514
2026-11-09 07:27 PT,4.514
2026-11-09 07:28 PT,4.514
2026-11-09 07:29 PT,4.514
2026-11-09 07:30 PT,4.514
2026-11-09 07:31 PT,4.514
2026-11-09 07:32 PT,4.514
2026-11-09 07:33 PT,4.513
2026-11-09 07:34 PT,4.513
2026-11-09 07:35 PT,4.512
2026-11-09 07:36 PT,4.512
2026-11-09 07:37 PT,4.511
2026-11-09 07:38 PT,4.51
2026-11-09 07:39 PT,4.51
2026-11-09 07:40 PT,4.509
2026-11-09 07:41 PT,4.508
2026-11-09 07:42 PT,4.507
2026-11-09 07:43 PT,4.506
2026-11-09 07:44 PT,4.505
2026-11-09 07:45 PT,4.503
2026-11-09 07:46 PT,4.502
2026-11-09 07:47 PT,4.501
2026-11-09 07:48 PT,4.499
2026-11-09 07:49 PT,4.498
2026-11-09 07:50 PT,4.496
2026-11-09 07:51 PT,4.495
2026-11-09 07:52 PT,4.493
2026-11-09 07:53 PT,4.491
2026-11-09 07:54 PT,4.49
2026-11-09 07:55 PT,4.488
2026-11-09 07:56 PT,4.486
2026-11-09 07:57 PT,4.484
2026-11-09 07:58 PT,4.482
2026-11-09 07:59 PT,4.48
2026-11-09 08:00 PT,4.478
2026-11-09 08:01 PT,4.476
2026-11-09 08:02 PT,4.473
2026-11-09 08:03 PT,4.471
2026-11-09 08:04 PT,4.469
2026-11-09 08:05 PT,4.466
2026-11-09 08:06 PT,4.464
2026-11-09 08:07 PT,4.461
2026-11-09 08:08 PT,4.459
2026-11-09 08:09 PT,4.456
2026-11-09 08:10 PT,4.453
2026-11-09 08:11 PT,4.451
2026-11-09 08:12 PT,4.448
2026-11-09 08:13 PT,4.445
2026-11-09 08:14 PT,4.442
2026-11-09 08:15 PT,4.439
2026-11-09 08:16 PT,4.436
2026-11-09 08:17 PT,4.433
2026-11-09 08:18 PT,4.43
2026-11-09 08:19 PT,4.427
2026-11-09 08:20 PT,4.424
2026-11-09 08:21 PT,4.42
2026-11-09 08:22 PT,4.417
2026-11-09 08:23 PT,4.414
2026-11-09 08:24 PT,4.41
2026-11-09 08:25 PT,4.407
2026-11-09 08:26 PT,4.404
2026-11-09 08:27 PT,4.4
2026-11-09 08:28 PT,4.396
2026-11-09 08:29 PT,4.393
2026-11-09 08:30 PT,4.389
2026-11-09 08:31 PT,4.385
2026-11-09 08:32 PT,4.382
2026-11-09 08:33 PT,4.378
2026-11-09 08:34 PT,4.374
2026-11-09 08:35 PT,4.37
2026-11-09 08:36 PT,4.366
2026-11-09 08:37 PT,4.362
2026-11-09 08:38 PT,4.358
2026-11-09 08:39 PT,4.354
2026-11-09 08:40 PT,4.35
2026-11-09 08:41 PT,4.346
2026-11-09 08:42 PT,4.342
2026-11-09 08:43 PT,4.338
2026-11-09 08:44 PT,4.334
2026-11-09 08:45 PT,4.329
2026-11-09 08:46 PT,4.325
2026-11-09 08:47 PT,4.321
2026-11-09 08:48 PT,4.316
2026-11-09 08:49 PT,4.312
2026-11-09 08:50 PT,4.308
2026-11-09 08:51 PT,4.303
2026-11-09 08:52 PT,4.299
2026-11-09 08:53 PT,4.294
2026-11-09 08:54 PT,4.29
2026-11-09 08:55 PT,4.285
2026-11-09 08:56 PT,4.28
2026-11-09 08:57 PT,4.276
2026-11-09 08:58 PT,4.271
2026-11-09 08:59 PT,4.266
2026-11-09 09:00 PT,4.261
2026-11-09 09:01 PT,4.257
2026-11-09 09:02 PT,4.252
2026-11-09 09:03 PT,4.247
2026-11-09 09:04 PT,4.242
2026-11-09 09:05 PT,4.237
2026-11-09 09:06 PT,4.232
2026-11-09 09:07 PT,4.227
2026-11-09 09:08 PT,4.222
2026-11-09 09:09 PT,4.217
2026-11-09 09:10 PT,4.212
2026-11-09 09:11 PT,4.207
2026-11-09 09:12 PT,4.202
2026-11-09 09:13 PT,4.197
2026-11-09 09:14 PT,4.192
2026-11-09 09:15 PT,4.187
2026-11-09 09:16 PT,4.181
2026-11-09 09:17 PT,4.176
2026-11-09 09:18 PT,4.171
2026-11-09 09:19 PT,4.165
2026-11-09 09:20 PT,4.16
2026-11-09 09:21 PT,4.155
2026-11-09 09:22 PT,4.149
2026-11-09 09:23 PT,4.144
2026-11-09 09:24 PT,4.139
2026-11-09 09:25 PT,4.133
2026-11-09 09:26 PT,4.128
2026-11-09 09:27 PT,4.122
2026-11-09 09:28 PT,4.117
2026-11-09 09:29 PT,4.111
2026-11-09 09:30 PT,4.106
2026-11-09 09:31 PT,4.1
2026-11-09 09:32 PT,4.095
2026-11-09 09:33 PT,4.089
2026-11-09 09:34 PT,4.083
2026-11-09 09:35 PT,4.078
2026-11-09 09:36 PT,4.072
2026-11-09 09:37 PT,4.066
2026-11-09 09:38 PT,4.061
2026-11-09 09:39 PT,4.055
2026-11-09 09:40 PT,4.049
2026-11-09 09:41 PT,4.044
2026-11-09 09:42 PT,4.038
2026-11-09 09:43 PT,4.032
2026-11-09 09:44 PT,4.026
2026-11-09 09:45 PT,4.02
2026-11-09 09:46 PT,4.015
2026-11-09 09:47 PT,4.009
2026-11-09 09:48 PT,4.003
2026-11-09 09:49 PT,3.997
2026-11-09 09:50 PT,3.991
2026-11-09 09:51 PT,3.985
2026-11-09 09:52 PT,3.979
2026-11-09 09:53 PT,3.973
2026-11-09 09:54 PT,3.967
2026-11-09 09:55 PT,3.962
2026-11-09 09:56 PT,3.956
2026-11-09 09:57 PT,3.95
2026-11-09 09:58 PT,3.944
2026-11-09 09:59 PT,3.938
2026-11-09 10:00 PT,3.932
2026-11-09 10:01 PT,3.926
2026-11-09 10:02 PT,3.92
2026-11-09 10:03 PT,3.914
2026-11-09 10:04 PT,3.908
2026-11-09 10:05 PT,3.901
2026-11-09 10:06 PT,3.895
2026-11-09 10:07 PT,3.889
2026-11-09 10:08 PT,3.883
2026-11-09 10:09 PT,3.877
2026-11-09 10:10 PT,3.871
2026-11-09 10:11 PT,3.865
2026-11-09 10:12 PT,3.859
2026-11-09 10:13 PT,3.853
2026-11-09 10:14 PT,3.847
2026-11-09 10:15 PT,3.841
2026-11-09 10:16 PT,3.835
2026-11-09 10:17 PT,3.829
2026-11-09 10:18 PT,3.822
2026-11-09 10:19 PT,3.816
2026-11-09 10:20 PT,3.81
2026-11-09 10:21 PT,3.804
2026-11-09 10:22 PT,3.798
2026-11-09 10:23 PT,3.792
2026-11-09 10:24 PT,3.786
2026-11-09 10:25 PT,3.78
2026-11-09 10:26 PT,3.774
2026-11-09 10:27 PT,3.768
2026-11-09 10:28 PT,3.761
2026-11-09 10:29 PT,3.755
2026-11-09 10:30 PT,3.749
2026-11-09 10:31 PT,3.743
2026-11-09 10:32 PT,3.737
2026-11-09 10:33 PT,3.731
2026-11-09 10:34 PT,3.725
2026-11-09 10:35 PT,3.719
2026-11-09 10:36 PT,3.713
2026-11-09 10:37 PT,3.707
2026-11-09 10:38 PT,3.701
2026-11-09 10:39 PT,3.695
2026-11-09 10:40 PT,3.689
2026-11-09 10:41 PT,3.683
2026-11-09 10:42 PT,3.677
2026-11-09 10:43 PT,3.671
2026-11-09 10:44 PT,3.665
2026-11-09 10:45 PT,3.659
2026-11-09 10:46 PT,3.653
2026-11-09 10:47 PT,3.647
2026-11-09 10:48 PT,3.642
2026-11-09 10:49 PT,3.636
2026-11-09 10:50 PT,3.63
2026-11-09 10:51 PT,3.624
2026-11-09 10:52 PT,3.618
2026-11-09 10:53 PT,3.612
2026-11-09 10:54 PT,3.607
2026-11-09 10:55 PT,3.601
2026-11-09 10:56 PT,3.595
2026-11-09 10:57 PT,3.59
2026-11-09 10:58 PT,3.584
2026-11-09 10:59 PT,3.578
2026-11-09 11:00 PT,3.573
2026-11-09 11:01 PT,3.567
2026-11-09 11:02 PT,3.561
2026-11-09 11:03 PT,3.556
2026-11-09 11:04 PT,3.55
2026-11-09 11:05 PT,3.545
2026-11-09 11:06 PT,3.54
2026-11-09 11:07 PT,3.534
2026-11-09 11:08 PT,3.529
2026-11-09 11:09 PT,3.523
2026-11-09 11:10 PT,3.518
2026-11-09 11:11 PT,3.513
2026-11-09 11:12 PT,3.508
2026-11-09 11:13 PT,3.502
2026-11-09 11:14 PT,3.497
2026-11-09 11:15 PT,3.492
2026-11-09 11:16 PT,3.487
2026-11-09 11:17 PT,3.482
2026-11-09 11:18 PT,3.477
2026-11-09 11:19 PT,3.472
2026-11-09 11:20 PT,3.467
2026-11-09 11:21 PT,3.462
2026-11-09 11:22 PT,3.457
2026-11-09 11:23 PT,3.452
2026-11-09 11:24 PT,3.447
2026-11-09 11:25 PT,3.443
2026-11-09 11:26 PT,3.438
2026-11-09 11:27 PT,3.433
2026-11-09 11:28 PT,3.429
2026-11-09 11:29 PT,3.424
2026-11-09 11:30 PT,3.42
2026-11-09 11:31 PT,3.415
2026-11-09 11:32 PT,3.411
2026-11-09 11:33 PT,3.406
2026-11-09 11:34 PT,3.402
2026-11-09 11:35 PT,3.398
2026-11-09 11:36 PT,3.394
2026-11-09 11:37 PT,3.389
2026-11-09 11:38 PT,3.385
2026-11-09 11:39 PT,3.381
2026-11-09 11:40 PT,3.377
2026-11-09 11:41 PT,3.373
2026-11-09 11:42 PT,3.369
2026-11-09 11:43 PT,3.366
2026-11-09 11:44 PT,3.362
2026-11-09 11:45 PT,3.358
2026-11-09 11:46 PT,3.354
2026-11-09 11:47 PT,3.351
2026-11-09 11:48 PT,3.347
2026-11-09 11:49 PT,3.344
2026-11-09 11:50 PT,3.34
2026-11-09 11:51 PT,3.337
2026-11-09 11:52 PT,3.334
2026-11-09 11:53 PT,3.33
2026-11-09 11:54 PT,3.327
2026-11-09 11:55 PT,3.324
2026-11-09 11:56 PT,3.321
2026-11-09 11:57 PT,3.318
2026-11-09 11:58 PT,3.315
2026-11-09 11:59 PT,3.312
2026-11-09 12:00 PT,3.309
2026-11-09 12:01 PT,3.307
2026-11-09 12:02 PT,3.304
2026-11-09 12:03 PT,3.301
2026-11-09 12:04 PT,3.299
2026-11-09 12:05 PT,3.296
2026-11-09 12:06 PT,3.294
2026-11-09 12:07 PT,3.292
2026-11-09 12:08 PT,3.289
2026-11-09 12:09 PT,3.287
2026-11-09 12:10 PT,3.285
2026-11-09 12:11 PT,3.283
2026-11-09 12:12 PT,3.281
2026-11-09 12:13 PT,3.279
2026-11-09 12:14 PT,3.277
2026-11-09 12:15 PT,3.275
2026-11-09 12:16 PT,3.274
2026-11-09 12:17 PT,3.272
2026-11-09 12:18 PT,3.27
2026-11-09 12:19 PT,3.269
2026-11-09 12:20 PT,3.267
2026-11-09 12:21 PT,3.266
2026-11-09 12:22 PT,3.265
2026-11-09 12:23 PT,3.263
2026-11-09 12:24 PT,3.262
2026-11-09 12:25 PT,3.261
2026-11-09 12:26 PT,3.26
2026-11-09 12:27 PT,3.259
2026-11-09 12:28 PT,3.258
2026-11-09 12:29 PT,3.257
2026-11-09 12:30 PT,3.257
2026-11-09 12:31 PT,3.256
2026-11-09 12:32 PT,3.255
2026-11-09 12:33 PT,3.255
2026-11-09 12:34 PT,3.254
2026-11-09 12:35 PT,3.254
2026-11-09 12:36 PT,3.254
2026-11-09 12:37 PT,3.253
2026-11-09 12:38 PT,3.253
2026-11-09 12:39 PT,3.253
2026-11-09 12:40 PT,3.253
2026-11-09 12:41 PT,3.253
2026-11-09 12:42 PT,3.253
2026-11-09 12:43 PT,3.253
2026-11-09 12:44 PT,3.254
2026-11-09 12:45 PT,3.254
2026-11-09 12:46 PT,3.254
2026-11-09 12:47 PT,3.255
2026-11-09 12:48 PT,3.255
2026-11-09 12:49 PT,3.256
2026-11-09 12:50 PT,3.256
2026-11-09 12:51 PT,3.257
2026-11-09 12:52 PT,3.258
2026-11-09 12:53 PT,3.258
2026-11-09 12:54 PT,3.259
2026-11-09 12:55 PT,3.26
2026-11-09 12:56 PT,3.261
2026-11-09 12:57 PT,3.262
2026-11-09 12:58 PT,3.264
2026-11-09 12:59 PT,3.265
2026-11-09 13:00 PT,3.266
2026-11-09 13:01 PT,3.267
2026-11-09 13:02 PT,3.269
2026-11-09 13:03 PT,3.27
2026-11-09 13:04 PT,3.272
2026-11-09 13:05 PT,3.273
2026-11-09 13:06 PT,3.275
2026-11-09 13:07 PT,3.277
2026-11-09 13:08 PT,3.278
2026-11-09 13:09 PT,3.28
2026-11-09 13:10 PT,3.282
2026-11-09 13:11 PT,3.284
2026-11-09 13:12 PT,3.286
2026-11-09 13:13 PT,3.288
2026-11-09 13:14 PT,3.29
2026-11-09 13:15 PT,3.292
2026-11-09 13:16 PT,3.294
2026-11-09 13:17 PT,3.297
2026-11-09 13:18 PT,3.299
2026-11-09 13:19 PT,3.301
2026-11-09 13:20 PT,3.304
2026-11-09 13:21 PT,3.306
2026-11-09 13:22 PT,3.309
2026-11-09 13:23 PT,3.311
2026-11-09 13:24 PT,3.314
2026-11-09 13:25 PT,3.316
2026-11-09 13:26 PT,3.319
2026-11-09 13:27 PT,3.322
2026-11-09 13:28 PT,3.325
2026-11-09 13:29 PT,3.327
2026-11-09 13:30 PT,3.33
2026-11-09 13:31 PT,3.333
2026-11-09 13:32 PT,3.336
2026-11-09 13:33 PT,3.339
2026-11-09 13:34 PT,3.342
2026-11-09 13:35 PT,3.345
2026-11-09 13:36 PT,3.348
2026-11-09 13:37 PT,3.352
2026-11-09 13:38 PT,3.355
2026-11-09 13:39 PT,3.358
2026-11-09 13:40 PT,3.361
2026-11-09 13:41 PT,3.365
2026-11-09 13:42 PT,3.368
2026-11-09 13:43 PT,3.371
2026-11-09 13:44 PT,3.375
2026-11-09 13:45 PT,3.378
2026-11-09 13:46 PT,3.382
2026-11-09 13:47 PT,3.385
2026-11-09 13:48 PT,3.389
2026-11-09 13:49 PT,3.393
2026-11-09 13:50 PT,3.396
2026-11-09 13:51 PT,3.4
2026-11-09 13:52 PT,3.404
2026-11-09 13:53 PT,3.407
2026-11-09 13:54 PT,3.411
2026-11-09 13:55 PT,3.415
2026-11-09 13:56 PT,3.419
2026-11-09 13:57 PT,3.423
2026-11-09 13:58 PT,3.426
2026-11-09 13:59 PT,3.43
2026-11-09 14:00 PT,3.434
2026-11-09 14:01 PT,3.438
2026-11-09 14:02 PT,3.442
2026-11-09 14:03 PT,3.446
2026-11-09 14:04 PT,3.45
2026-11-09 14:05 PT,3.454
2026-11-09 14:06 PT,3.458
2026-11-09 14:07 PT,3.462
2026-11-09 14:08 PT,3.466
2026-11-09 14:09 PT,3.47
2026-11-09 14:10 PT,3.475
2026-11-09 14:11 PT,3.479
2026-11-09 14:12 PT,3.483
2026-11-09 14:13 PT,3.487
2026-11-09 14:14 PT,3.491
2026-11-09 14:15 PT,3.495
2026-11-09 14:16 PT,3.5
2026-11-09 14:17 PT,3.504
2026-11-09 14:18 PT,3.508
2026-11-09 14:19 PT,3.513
2026-11-09 14:20 PT,3.517
2026-11-09 14:21 PT,3.521
2026-11-09 14:22 PT,3.525
2026-11-09 14:23 PT,3.53
2026-11-09 14:24 PT,3.534
2026-11-09 14:25 PT,3.538
2026-11-09 14:26 PT,3.543
2026-11-09 14:27 PT,3.547
2026-11-09 14:28 PT,3.552
2026-11-09 14:29 PT,3.556
2026-11-09 14:30 PT,3.56
2026-11-09 14:31 PT,3.565
2026-11-09 14:32 PT,3.569
2026-11-09 14:33 PT,3.574
2026-11-09 14:34 PT,3.578
2026-11-09 14:35 PT,3.583
2026-11-09 14:36 PT,3.587
2026-11-09 14:37 PT,3.592
2026-11-09 14:38 PT,3.596
2026-11-09 14:39 PT,3.6
2026-11-09 14:40 PT,3.605
2026-11-09 14:41 PT,3.609
2026-11-09 14:42 PT,3.614
2026-11-09 14:43 PT,3.618
2026-11-09 14:44 PT,3.623
2026-11-09 14:45 PT,3.627
2026-11-09 14:46 PT,3.632
2026-11-09 14:47 PT,3.636
2026-11-09 14:48 PT,3.641
2026-11-09 14:49 PT,3.645
2026-11-09 14:50 PT,3.65
2026-11-09 14:51 PT,3.654
2026-11-09 14:52 PT,3.659
2026-11-09 14:53 PT,3.664
2026-11-09 14:54 PT,3.668
2026-11-09 14:55 PT,3.673
2026-11-09 14:56 PT,3.677
2026-11-09 14:57 PT,3.682
2026-11-09 14:58 PT,3.686
2026-11-09 14:59 PT,3.691
2026-11-09 15:00 PT,3.695
2026-11-09 15:01 PT,3.7
2026-11-09 15:02 PT,3.704
2026-11-09 15:03 PT,3.709
2026-11-09 15:04 PT,3.713
2026-11-09 15:05 PT,3.718
2026-11-09 15:06 PT,3.722
2026-11-09 15:07 PT,3.727
2026-11-09 15:08 PT,3.731
2026-11-09 15:09 PT,3.736
2026-11-09 15:10 PT,3.74
2026-11-09 15:11 PT,3.745
2026-11-09 15:12 PT,3.749
2026-11-09 15:13 PT,3.754
2026-11-09 15:14 PT,3.758
2026-11-09 15:15 PT,3.763
2026-11-09 15:16 PT,3.767
2026-11-09 15:17 PT,3.772
2026-11-09 15:18 PT,3.776
2026-11-09 15:19 PT,3.78
2026-11-09 15:20 PT,3.785
2026-11-09 15:21 PT,3.789
2026-11-09 15:22 PT,3.794
2026-11-09 15:23 PT,3.798
2026-11-09 15:24 PT,3.803
2026-11-09 15:25 PT,3.807
2026-11-09 15:26 PT,3.811
2026-11-09 15:27 PT,3.816
2026-11-09 15:28 PT,3.82
2026-11-09 15:29 PT,3.825
2026-11-09 15:30 PT,3.829
2026-11-09 15:31 PT,3.833
2026-11-09 15:32 PT,3.838
2026-11-09 15:33 PT,3.842
2026-11-09 15:34 PT,3.846
2026-11-09 15:35 PT,3.851
2026-11-09 15:36 PT,3.855
2026-11-09 15:37 PT,3.859
2026-11-09 15:38 PT,3.864
2026-11-09 15:39 PT,3.868
2026-11-09 15:40 PT,3.872
2026-11-09 15:41 PT,3.876
2026-11-09 15:42 PT,3.881
2026-11-09 15:43 PT,3.885
2026-11-09 15:44 PT,3.889
2026-11-09 15:45 PT,3.893
2026-11-09 15:46 PT,3.897
2026-11-09 15:47 PT,3.901
2026-11-09 15:48 PT,3.906
2026-11-09 15:49 PT,3.91
2026-11-09 15:50 PT,3.914
2026-11-09 15:51 PT,3.918
2026-11-09 15:52 PT,3.922
2026-11-09 15:53 PT,3.926
2026-11-09 15:54 PT,3.93
2026-11-09 15:55 PT,3.934
2026-11-09 15:56 PT,3.938
2026-11-09 15:57 PT,3.942
2026-11-09 15:58 PT,3.946
2026-11-09 15:59 PT,3.95
2026-11-09 16:00 PT,3.954
2026-11-09 16:01 PT,3.958
2026-11-09 16:02 PT,3.962
2026-11-09 16:03 PT,3.966
2026-11-09 16:04 PT,3.97
2026-11-09 16:05 PT,3.973
2026-11-09 16:06 PT,3.977
2026-11-09 16:07 PT,3.981
2026-11-09 16:08 PT,3.985
2026-11-09 16:09 PT,3.988
2026-11-09 16:10 PT,3.992
2026-11-09 16:11 PT,3.996
2026-11-09 16:12 PT,4
2026-11-09 16:13 PT,4.003
2026-11-09 16:14 PT,4.007
2026-11-09 16:15 PT,4.01
2026-11-09 16:16 PT,4.014
2026-11-09 16:17 PT,4.017
2026-11-09 16:18 PT,4.021
2026-11-09 16:19 PT,4.024
2026-11-09 16:20 PT,4.028
2026-11-09 16:21 PT,4.031
2026-11-09 16:22 PT,4.034
2026-11-09 16:23 PT,4.038
2026-11-09 16:24 PT,4.041
2026-11-09 16:25 PT,4.044
2026-11-09 16:26 PT,4.048
2026-11-09 16:27 PT,4.051
2026-11-09 16:28 PT,4.054
2026-11-09 16:29 PT,4.057
2026-11-09 16:30 PT,4.06
2026-11-09 16:31 PT,4.063
2026-11-09 16:32 PT,4.066
2026-11-09 16:33 PT,4.069
2026-11-09 16:34 PT,4.072
2026-11-09 16:35 PT,4.075
2026-11-09 16:36 PT,4.078
2026-11-09 16:37 PT,4.081
2026-11-09 16:38 PT,4.083
2026-11-09 16:39 PT,4.086
2026-11-09 16:40 PT,4.089
2026-11-09 16:41 PT,4.091
2026-11-09 16:42 PT,4.094
2026-11-09 16:43 PT,4.097
2026-11-09 16:44 PT,4.099
2026-11-09 16:45 PT,4.101
2026-11-09 16:46 PT,4.104
2026-11-09 16:47 PT,4.106
2026-11-09 16:48 PT,4.109
2026-11-09 16:49 PT,4.111
2026-11-09 16:50 PT,4.113
2026-11-09 16:51 PT,4.115
2026-11-09 16:52 PT,4.117
2026-11-09 16:53 PT,4.119
2026-11-09 16:54 PT,4.121
2026-11-09 16:55 PT,4.123
2026-11-09 16:56 PT,4.125
2026-11-09 16:57 PT,4.127
2026-11-09 16:58 PT,4.129
2026-11-09 16:59 PT,4.131
2026-11-09 17:00 PT,4.132
2026-11-09 17:01 PT,4.134
2026-11-09 17:02 PT,4.135
2026-11-09 17:03 PT,4.137
2026-11-09 17:04 PT,4.138
2026-11-09 17:05 PT,4.14
2026-11-09 17:06 PT,4.141
2026-11-09 17:07 PT,4.142
2026-11-09 17:08 PT,4.143
2026-11-09 17:09 PT,4.145
2026-11-09 17:10 PT,4.146
2026-11-09 17:11 PT,4.147
2026-11-09 17:12 PT,4.148
2026-11-09 17:13 PT,4.149
2026-11-09 17:14 PT,4.149
2026-11-09 17:15 PT,4.15
2026-11-09 17:16 PT,4.151
2026-11-09 17:17 PT,4.151
2026-11-09 17:18 PT,4.152
2026-11-09 17:19 PT,4.152
2026-11-09 17:20 PT,4.153
2026-11-09 17:21 PT,4.153
2026-11-09 17:22 PT,4.154
2026-11-09 17:23 PT,4.154
2026-11-09 17:24 PT,4.154
2026-11-09 17:25 PT,4.154
2026-11-09 17:26 PT,4.154
2026-11-09 17:27 PT,4.154
2026-11-09 17:28 PT,4.154
2026-11-09 17:29 PT,4.154
2026-11-09 17:30 PT,4.153
2026-11-09 17:31 PT,4.153
2026-11-09 17:32 PT,4.152
2026-11-09 17:33 PT,4.152
2026-11-09 17:34 PT,4.151
2026-11-09 17:35 PT,4.151
2026-11-09 17:36 PT,4.15
2026-11-09 17:37 PT,4.149
2026-11-09 17:38 PT,4.148
2026-11-09 17:39 PT,4.147
2026-11-09 17:40 PT,4.146
2026-11-09 17:41 PT,4.145
2026-11-09 17:42 PT,4.144
2026-11-09 17:43 PT,4.143
2026-11-09 17:44 PT,4.141
2026-11-09 17:45 PT,4.14
2026-11-09 17:46 PT,4.138
2026-11-09 17:47 PT,4.137
2026-11-09 17:48 PT,4.135
2026-11-09 17:49 PT,4.133
2026-11-09 17:50 PT,4.132
2026-11-09 17:51 PT,4.13
2026-11-09 17:52 PT,4.128
2026-11-09 17:53 PT,4.126
2026-11-09 17:54 PT,4.123
2026-11-09 17:55 PT,4.121
2026-11-09 17:56 PT,4.119
2026-11-09 17:57 PT,4.117
2026-11-09 17:58 PT,4.114
2026-11-09 17:59 PT,4.112
2026-11-09 18:00 PT,4.109
2026-11-09 18:01 PT,4.106
2026-11-09 18:02 PT,4.103
2026-11-09 18:03 PT,4.101
2026-11-09 18:04 PT,4.098
2026-11-09 18:05 PT,4.095
2026-11-09 18:06 PT,4.092
2026-11-09 18:07 PT,4.088
2026-11-09 18:08 PT,4.085
2026-11-09 18:09 PT,4.082
2026-11-09 18:10 PT,4.078
2026-11-09 18:11 PT,4.075
2026-11-09 18:12 PT,4.071
2026-11-09 18:13 PT,4.068
2026-11-09 18:14 PT,4.064
2026-11-09 18:15 PT,4.06
2026-11-09 18:16 PT,4.056
2026-11-09 18:17 PT,4.052
2026-11-09 18:18 PT,4.048
2026-11-09 18:19 PT,4.044
2026-11-09 18:20 PT,4.04
2026-11-09 18:21 PT,4.035
2026-11-09 18:22 PT,4.031
2026-11-09 18:23 PT,4.026
2026-11-09 18:24 PT,4.022
2026-11-09 18:25 PT,4.017
2026-11-09 18:26 PT,4.013
2026-11-09 18:27 PT,4.008
2026-11-09 18:28 PT,4.003
2026-11-09 18:29 PT,3.998
2026-11-09 18:30 PT,3.993
2026-11-09 18:31 PT,3.988
2026-11-09 18:32 PT,3.983
2026-11-09 18:33 PT,3.978
2026-11-09 18:34 PT,3.972
2026-11-09 18:35 PT,3.967
2026-11-09 18:36 PT,3.961
2026-11-09 18:37 PT,3.956
2026-11-09 18:38 PT,3.95
2026-11-09 18:39 PT,3.945
2026-11-09 18:40 PT,3.939
2026-11-09 18:41 PT,3.933
2026-11-09 18:42 PT,3.927
2026-11-09 18:43 PT,3.921
2026-11-09 18:44 PT,3.915
2026-11-09 18:45 PT,3.909
2026-11-09 18:46 PT,3.903
2026-11-09 18:47 PT,3.896
2026-11-09 18:48 PT,3.89
2026-11-09 18:49 PT,3.884
2026-11-09 18:50 PT,3.877
2026-11-09 18:51 PT,3.871
2026-11-09 18:52 PT,3.864
2026-11-09 18:53 PT,3.857
2026-11-09 18:54 PT,3.851
2026-11-09 18:55 PT,3.844
2026-11-09 18:56 PT,3.837
2026-11-09 18:57 PT,3.83
2026-11-09 18:58 PT,3.823
2026-11-09 18:59 PT,3.816
2026-11-09 19:00 PT,3.809
2026-11-09 19:01 PT,3.802
2026-11-09 19:02 PT,3.794
2026-11-09 19:03 PT,3.787
2026-11-09 19:04 PT,3.78
2026-11-09 19:05 PT,3.772
2026-11-09 19:06 PT,3.765
2026-11-09 19:07 PT,3.757
2026-11-09 19:08 PT,3.749
2026-11-09 19:09 PT,3.742
2026-11-09 19:10 PT,3.734
2026-11-09 19:11 PT,3.726
2026-11-09 19:12 PT,3.718
2026-11-09 19:13 PT,3.71
2026-11-09 19:14 PT,3.702
2026-11-09 19:15 PT,3.694
2026-11-09 19:16 PT,3.686
2026-11-09 19:17 PT,3.678
2026-11-09 19:18 PT,3.67
2026-11-09 19:19 PT,3.662
2026-11-09 19:20 PT,3.654
2026-11-09 19:21 PT,3.645
2026-11-09 19:22 PT,3.637
2026-11-09 19:23 PT,3.628
2026-11-09 19:24 PT,3.62
2026-11-09 19:25 PT,3.611
2026-11-09 19:26 PT,3.603
2026-11-09 19:27 PT,3.594
2026-11-09 19:28 PT,3.585
2026-11-09 19:29 PT,3.577
2026-11-09 19:30 PT,3.568
2026-11-09 19:31 PT,3.559
2026-11-09 19:32 PT,3.55
2026-11-09 19:33 PT,3.541
2026-11-09 19:34 PT,3.532
2026-11-09 19:35 PT,3.523
2026-11-09 19:36 PT,3.514
2026-11-09 19:37 PT,3.505
2026-11-09 19:38 PT,3.496
2026-11-09 19:39 PT,3.487
2026-11-09 19:40 PT,3.478
2026-11-09 19:41 PT,3.468
2026-11-09 19:42 PT,3.459
2026-11-09 19:43 PT,3.45
2026-11-09 19:44 PT,3.44
2026-11-09 19:45 PT,3.431
2026-11-09 19:46 PT,3.421
2026-11-09 19:47 PT,3.412
2026-11-09 19:48 PT,3.402
2026-11-09 19:49 PT,3.393
2026-11-09 19:50 PT,3.383
2026-11-09 19:51 PT,3.374
2026-11-09 19:52 PT,3.364
2026-11-09 19:53 PT,3.354
2026-11-09 19:54 PT,3.345
2026-11-09 19:55 PT,3.335
2026-11-09 19:56 PT,3.325
2026-11-09 19:57 PT,3.315
2026-11-09 19:58 PT,3.305
2026-11-09 19:59 PT,3.296
2026-11-09 20:00 PT,3.286
2026-11-09 20:01 PT,3.276
2026-11-09 20:02 PT,3.266
2026-11-09 20:03 PT,3.256
2026-11-09 20:04 PT,3.246
2026-11-09 20:05 PT,3.236
2026-11-09 20:06 PT,3.226
2026-11-09 20:07 PT,3.216
2026-11-09 20:08 PT,3.205
2026-11-09 20:09 PT,3.195
2026-11-09 20:10 PT,3.185
2026-11-09 20:11 PT,3.175
2026-11-09 20:12 PT,3.165
2026-11-09 20:13 PT,3.154
2026-11-09 20:14 PT,3.144
2026-11-09 20:15 PT,3.134
2026-11-09 20:16 PT,3.124
2026-11-09 20:17 PT,3.113
2026-11-09 20:18 PT,3.103
2026-11-09 20:19 PT,3.093
2026-11-09 20:20 PT,3.082
2026-11-09 20:21 PT,3.072
2026-11-09 20:22 PT,3.061
2026-11-09 20:23 PT,3.051
2026-11-09 20:24 PT,3.04
2026-11-09 20:25 PT,3.03
2026-11-09 20:26 PT,3.019
2026-11-09 20:27 PT,3.009
2026-11-09 20:28 PT,2.998
2026-11-09 20:29 PT,2.988
2026-11-09 20:30 PT,2.977
2026-11-09 20:31 PT,2.967
2026-11-09 20:32 PT,2.956
2026-11-09 20:33 PT,2.946
2026-11-09 20:34 PT,2.935
2026-11-09 20:35 PT,2.924
2026-11-09 20:36 PT,2.914
2026-11-09 20:37 PT,2.903
2026-11-09 20:38 PT,2.892
2026-11-09 20:39 PT,2.882
2026-11-09 20:40 PT,2.871
2026-11-09 20:41 PT,2.86
2026-11-09 20:42 PT,2.849
2026-11-09 20:43 PT,2.839
2026-11-09 20:44 PT,2.828
2026-11-09 20:45 PT,2.817
2026-11-09 20:46 PT,2.806
2026-11-09 20:47 PT,2.795
2026-11-09 20:48 PT,2.785
2026-11-09 20:49 PT,2.774
2026-11-09 20:50 PT,2.763
2026-11-09 20:51 PT,2.752
2026-11-09 20:52 PT,2.741
2026-11-09 20:53 PT,2.73
2026-11-09 20:54 PT,2.72
2026-11-09 20:55 PT,2.709
2026-11-09 20:56 PT,2.698
2026-11-09 20:57 PT,2.687
2026-11-09 20:58 PT,2.676
2026-11-09 20:59 PT,2.665
2026-11-09 21:00 PT,2.654
2026-11-09 21:01 PT,2.643
2026-11-09 21:02 PT,2.632
2026-11-09 21:03 PT,2.621
2026-11-09 21:04 PT,2.61
2026-11-09 21:05 PT,2.599
2026-11-09 21:06 PT,2.588
2026-11-09 21:07 PT,2.577
2026-11-09 21:08 PT,2.566
2026-11-09 21:09 PT,2.555
2026-11-09 21:10 PT,2.544
2026-11-09 21:11 PT,2.533
2026-11-09 21:12 PT,2.522
2026-11-09 21:13 PT,2.511
2026-11-09 21:14 PT,2.5
2026-11-09 21:15 PT,2.489
2026-11-09 21:16 PT,2.478
2026-11-09 21:17 PT,2.467
2026-11-09 21:18 PT,2.456
2026-11-09 21:19 PT,2.445
2026-11-09 21:20 PT,2.434
2026-11-09 21:21 PT,2.423
2026-11-09 21:22 PT,2.412
2026-11-09 21:23 PT,2.401
2026-11-09 21:24 PT,2.39
2026-11-09 21:25 PT,2.379
2026-11-09 21:26 PT,2.368
2026-11-09 21:27 PT,2.356
2026-11-09 21:28 PT,2.345
2026-11-09 21:29 PT,2.334
2026-11-09 21:30 PT,2.323
2026-11-09 21:31 PT,2.312
2026-11-09 21:32 PT,2.301
2026-11-09 21:33 PT,2.29
2026-11-09 21:34 PT,2.279
2026-11-09 21:35 PT,2.268
2026-11-09 21:36 PT,2.256
2026-11-09 21:37 PT,2.245
2026-11-09 21:38 PT,2.234
2026-11-09 21:39 PT,2.223
2026-11-09 21:40 PT,2.212
2026-11-09 21:41 PT,2.201
2026-11-09 21:42 PT,2.19
2026-11-09 21:43 PT,2.179
2026-11-09 21:44 PT,2.167
2026-11-09 21:45 PT,2.156
2026-11-09 21:46 PT,2.145
2026-11-09 21:47 PT,2.134
2026-11-09 21:48 PT,2.123
2026-11-09 21:49 PT,2.112
2026-11-09 21:50 PT,2.101
2026-11-09 21:51 PT,2.089
2026-11-09 21:52 PT,2.078
2026-11-09 21:53 PT,2.067
2026-11-09 21:54 PT,2.056
2026-11-09 21:55 PT,2.045
2026-11-09 21:56 PT,2.034
2026-11-09 21:57 PT,2.023
2026-11-09 21:58 PT,2.011
2026-11-09 21:59 PT,2
2026-11-09 22:00 PT,1.989
2026-11-09 22:01 PT,1.978
2026-11-09 22:02 PT,1.967
2026-11-09 22:03 PT,1.956
2026-11-09 22:04 PT,1.945
2026-11-09 22:05 PT,1.934
2026-11-09 22:06 PT,1.922
2026-11-09 22:07 PT,1.911
2026-11-09 22:08 PT,1.9
2026-11-09 22:09 PT,1.889
2026-11-09 22:10 PT,1.878
2026-11-09 22:11 PT,1.867
2026-11-09 22:12 PT,1.856
2026-11-09 22:13 PT,1.845
2026-11-09 22:14 PT,1.834
2026-11-09 22:15 PT,1.823
2026-11-09 22:16 PT,1.812
2026-11-09 22:17 PT,1.801
2026-11-09 22:18 PT,1.79
2026-11-09 22:19 PT,1.779
2026-11-09 22:20 PT,1.768
2026-11-09 22:21 PT,1.757
2026-11-09 22:22 PT,1.746
2026-11-09 22:23 PT,1.735
2026-11-09 22:24 PT,1.724
2026-11-09 22:25 PT,1.713
2026-11-09 22:26 PT,1.702
2026-11-09 22:27 PT,1.691
2026-11-09 22:28 PT,1.68
2026-11-09 22:29 PT,1.669
2026-11-09 22:30 PT,1.658
2026-11-09 22:31 PT,1.647
2026-11-09 22:32 PT,1.637
2026-11-09 22:33 PT,1.626
2026-11-09 22:34 PT,1.615
2026-11-09 22:35 PT,1.604
2026-11-09 22:36 PT,1.593
2026-11-09 22:37 PT,1.583
2026-11-09 22:38 PT,1.572
2026-11-09 22:39 PT,1.561
2026-11-09 22:40 PT,1.55
2026-11-09 22:41 PT,1.54
2026-11-09 22:42 PT,1.529
2026-11-09 22:43 PT,1.519
2026-11-09 22:44 PT,1.508
2026-11-09 22:45 PT,1.497
2026-11-09 22:46 PT,1.487
2026-11-09 22:47 PT,1.476
2026-11-09 22:48 PT,1.466
2026-11-09 22:49 PT,1.455
2026-11-09 22:50 PT,1.445
2026-11-09 22:51 PT,1.435
2026-11-09 22:52 PT,1.424
2026-11-09 22:53 PT,1.414
2026-11-09 22:54 PT,1.404
2026-11-09 22:55 PT,1.393
2026-11-09 22:56 PT,1.383
2026-11-09 22:57 PT,1.373
2026-11-09 22:58 PT,1.363
2026-11-09 22:59 PT,1.353
2026-11-09 23:00 PT,1.342
2026-11-09 23:01 PT,1.332
2026-11-09 23:02 PT,1.322
2026-11-09 23:03 PT,1.312
2026-11-09 23:04 PT,1.303
2026-11-09 23:05 PT,1.293
2026-11-09 23:06 PT,1.283
2026-11-09 23:07 PT,1.273
2026-11-09 23:08 PT,1.263
2026-11-09 23:09 PT,1.254
2026-11-09 23:10 PT,1.244
2026-11-09 23:11 PT,1.234
2026-11-09 23:12 PT,1.225
2026-11-09 23:13 PT,1.215
2026-11-09 23:14 PT,1.206
2026-11-09 23:15 PT,1.196
2026-11-09 23:16 PT,1.187
2026-11-09 23:17 PT,1.178
2026-11-09 23:18 PT,1.169
2026-11-09 23:19 PT,1.159
2026-11-09 23:20 PT,1.15
2026-11-09 23:21 PT,1.141
2026-11-09 23:22 PT,1.132
2026-11-09 23:23 PT,1.123
2026-11-09 23:24 PT,1.114
2026-11-09 23:25 PT,1.106
2026-11-09 23:26 PT,1.097
2026-11-09 23:27 PT,1.088
2026-11-09 23:28 PT,1.079
2026-11-09 23:29 PT,1.071
2026-11-09 23:30 PT,1.062
2026-11-09 23:31 PT,1.054
2026-11-09 23:32 PT,1.046
2026-11-09 23:33 PT,1.037
2026-11-09 23:34 PT,1.029
2026-11-09 23:35 PT,1.021
2026-11-09 23:36 PT,1.013
2026-11-09 23:37 PT,1.005
2026-11-09 23:38 PT,0.997
2026-11-09 23:39 PT,0.989
2026-11-09 23:40 PT,0.982
2026-11-09 23:41 PT,0.974
2026-11-09 23:42 PT,0.966
2026-11-09 23:43 PT,0.959
2026-11-09 23:44 PT,0.951
2026-11-09 23:45 PT,0.944
2026-11-09 23:46 PT,0.937
2026-11-09 23:47 PT,0.93
2026-11-09 23:48 PT,0.923
2026-11-09 23:49 PT,0.916
2026-11-09 23:50 PT,0.909
2026-11-09 23:51 PT,0.902
2026-11-09 23:52 PT,0.895
2026-11-09 23:53 PT,0.889
2026-11-09 23:54 PT,0.882
2026-11-09 23:55 PT,0.876
2026-11-09 23:56 PT,0.869
2026-11-09 23:57 PT,0.863
2026-11-09 23:58 PT,0.857
2026-11-09 23:59 PT,0.851
2026-11-10 00:00 PT,0.845
2026-11-10 00:01 PT,0.839
2026-11-10 00:02 PT,0.833
2026-11-10 00:03 PT,0.828
2026-11-10 00:04 PT,0.822
2026-11-10 00:05 PT,0.817
2026-11-10 00:06 PT,0.812
2026-11-10 00:07 PT,0.806
2026-11-10 00:08 PT,0.801
2026-11-10 00:09 PT,0.796
2026-11-10 00:10 PT,0.791
2026-11-10 00:11 PT,0.787
2026-11-10 00:12 PT,0.782
2026-11-10 00:13 PT,0.777
2026-11-10 00:14 PT,0.773
2026-11-10 00:15 PT,0.769
2026-11-10 00:16 PT,0.764
2026-11-10 00:17 PT,0.76
2026-11-10 00:18 PT,0.756
2026-11-10 00:19 PT,0.752
2026-11-10 00:20 PT,0.749
2026-11-10 00:21 PT,0.745
2026-11-10 00:22 PT,0.741
2026-11-10 00:23 PT,0.738
2026-11-10 00:24 PT,0.735
2026-11-10 00:25 PT,0.731
2026-11-10 00:26 PT,0.728
2026-11-10 00:27 PT,0.726
2026-11-10 00:28 PT,0.723
2026-11-10 00:29 PT,0.72
2026-11-10 00:30 PT,0.717
2026-11-10 00:31 PT,0.715
2026-11-10 00:32 PT,0.713
2026-11-10 00:33 PT,0.71
2026-11-10 00:34 PT,0.708
2026-11-10 00:35 PT,0.706
2026-11-10 00:36 PT,0.705
2026-11-10 00:37 PT,0.703
2026-11-10 00:38 PT,0.701
2026-11-10 00:39 PT,0.7
2026-11-10 00:40 PT,0.699
2026-11-10 00:41 PT,0.697
2026-11-10 00:42 PT,0.696
2026-11-10 00:43 PT,0.695
2026-11-10 00:44 PT,0.695
2026-11-10 00:45 PT,0.694
2026-11-10 00:46 PT,0.693
2026-11-10 00:47 PT,0.693
2026-11-10 00:48 PT,0.693
2026-11-10 00:49 PT,0.692
2026-11-10 00:50 PT,0.692
2026-11-10 00:51 PT,0.692
2026-11-10 00:52 PT,0.693
2026-11-10 00:53 PT,0.693
2026-11-10 00:54 PT,0.693
2026-11-10 00:55 PT,0.694
2026-11-10 00:56 PT,0.695
2026-11-10 00:57 PT,0.695
2026-11-10 00:58 PT,0.696
2026-11-10 00:59 PT,0.698
2026-11-10 01:00 PT,0.699
2026-11-10 01:01 PT,0.7
2026-11-10 01:02 PT,0.702
2026-11-10 01:03 PT,0.703
2026-11-10 01:04 PT,0.705
2026-11-10 01:05 PT,0.707
2026-11-10 01:06 PT,0.709
2026-11-10 01:07 PT,0.711
2026-11-10 01:08 PT,0.713
2026-11-10 01:09 PT,0.715
2026-11-10 01:10 PT,0.718
2026-11-10 01:11 PT,0.721
2026-11-10 01:12 PT,0.723
2026-11-10 01:13 PT,0.726
2026-11-10 01:14 PT,0.729
2026-11-10 01:15 PT,0.732
2026-11-10 01:16 PT,0.735
2026-11-10 01:17 PT,0.739
2026-11-10 01:18 PT,0.742
2026-11-10 01:19 PT,0.746
2026-11-10 01:20 PT,0.75
2026-11-10 01:21 PT,0.753
2026-11-10 01:22 PT,0.757
2026-11-10 01:23 PT,0.761
2026-11-10 01:24 PT,0.766
2026-11-10 01:25 PT,0.77
2026-11-10 01:26 PT,0.774
2026-11-10 01:27 PT,0.779
2026-11-10 01:28 PT,0.784
2026-11-10 01:29 PT,0.788
2026-11-10 01:30 PT,0.793
2026-11-10 01:31 PT,0.798
2026-11-10 01:32 PT,0.803
2026-11-10 01:33 PT,0.809
2026-11-10 01:34 PT,0.814
2026-11-10 01:35 PT,0.819
2026-11-10 01:36 PT,0.825
2026-11-10 01:37 PT,0.831
2026-11-10 01:38 PT,0.836
2026-11-10 01:39 PT,0.842
2026-11-10 01:40 PT,0.848
2026-11-10 01:41 PT,0.854
2026-11-10 01:42 PT,0.861
2026-11-10 01:43 PT,0.867
2026-11-10 01:44 PT,0.873
2026-11-10 01:45 PT,0.88
2026-11-10 01:46 PT,0.887
2026-11-10 01:47 PT,0.893
2026-11-10 01:48 PT,0.9
2026-11-10 01:49 PT,0.907
2026-11-10 01:50 PT,0.914
2026-11-10 01:51 PT,0.921
2026-11-10 01:52 PT,0.928
2026-11-10 01:53 PT,0.936
2026-11-10 01:54 PT,0.943
2026-11-10 01:55 PT,0.951
2026-11-10 01:56 PT,0.958
2026-11-10 01:57 PT,0.966
2026-11-10 01:58 PT,0.974
2026-11-10 01:59 PT,0.982
2026-11-10 02:00 PT,0.99
2026-11-10 02:01 PT,0.998
2026-11-10 02:02 PT,1.006
2026-11-10 02:03 PT,1.014
2026-11-10 02:04 PT,1.022
2026-11-10 02:05 PT,1.031
2026-11-10 02:06 PT,1.039
2026-11-10 02:07 PT,1.048
2026-11-10 02:08 PT,1.057
2026-11-10 02:09 PT,1.065
2026-11-10 02:10 PT,1.074
2026-11-10 02:11 PT,1.083
2026-11-10 02:12 PT,1.092
2026-11-10 02:13 PT,1.101
2026-11-10 02:14 PT,1.11
2026-11-10 02:15 PT,1.119
2026-11-10 02:16 PT,1.129
2026-11-10 02:17 PT,1.138
2026-11-10 02:18 PT,1.147
2026-11-10 02:19 PT,1.157
2026-11-10 02:20 PT,1.167
2026-11-10 02:21 PT,1.176
2026-11-10 02:22 PT,1.186
2026-11-10 02:23 PT,1.196
2026-11-10 02:24 PT,1.206
2026-11-10 02:25 PT,1.215
2026-11-10 02:26 PT,1.225
2026-11-10 02:27 PT,1.236
2026-11-10 02:28 PT,1.246
2026-11-10 02:29 PT,1.256
2026-11-10 02:30 PT,1.266
2026-11-10 02:31 PT,1.276
2026-11-10 02:32 PT,1.287
2026-11-10 02:33 PT,1.297
2026-11-10 02:34 PT,1.308
2026-11-10 02:35 PT,1.318
2026-11-10 02:36 PT,1.329
2026-11-10 02:37 PT,1.339
2026-11-10 02:38 PT,1.35
2026-11-10 02:39 PT,1.361
2026-11-10 02:40 PT,1.372
2026-11-10 02:41 PT,1.383
2026-11-10 02:42 PT,1.394
2026-11-10 02:43 PT,1.404
2026-11-10 02:44 PT,1.416
2026-11-10 02:45 PT,1.427
2026-11-10 02:46 PT,1.438
2026-11-10 02:47 PT,1.449
2026-11-10 02:48 PT,1.46
2026-11-10 02:49 PT,1.471
2026-11-10 02:50 PT,1.483
2026-11-10 02:51 PT,1.494
2026-11-10 02:52 PT,1.506
2026-11-10 02:53 PT,1.517
2026-11-10 02:54 PT,1.528
2026-11-10 02:55 PT,1.54
2026-11-10 02:56 PT,1.552
2026-11-10 02:57 PT,1.563
2026-11-10 02:58 PT,1.575
2026-11-10 02:59 PT,1.587
2026-11-10 03:00 PT,1.598
2026-11-10 03:01 PT,1.61
2026-11-10 03:02 PT,1.622
2026-11-10 03:03 PT,1.634
2026-11-10 03:04 PT,1.646
2026-11-10 03:05 PT,1.658
2026-11-10 03:06 PT,1.67
2026-11-10 03:07 PT,1.682
2026-11-10 03:08 PT,1.694
2026-11-10 03:09 PT,1.706
2026-11-10 03:10 PT,1.718
2026-11-10 03:11 PT,1.73
2026-11-10 03:12 PT,1.742
2026-11-10 03:13 PT,1.755
2026-11-10 03:14 PT,1.767
2026-11-10 03:15 PT,1.779
2026-11-10 03:16 PT,1.791
2026-11-10 03:17 PT,1.804
2026-11-10 03:18 PT,1.816
2026-11-10 03:19 PT,1.829
2026-11-10 03:20 PT,1.841
2026-11-10 03:21 PT,1.854
2026-11-10 03:22 PT,1.866
2026-11-10 03:23 PT,1.879
2026-11-10 03:24 PT,1.891
2026-11-10 03:25 PT,1.904
2026-11-10 03:26 PT,1.916
2026-11-10 03:27 PT,1.929
2026-11-10 03:28 PT,1.942
2026-11-10 03:29 PT,1.954
2026-11-10 03:30 PT,1.967
2026-11-10 03:31 PT,1.98
2026-11-10 03:32 PT,1.993
2026-11-10 03:33 PT,2.005
2026-11-10 03:34 PT,2.018
2026-11-10 03:35 PT,2.031
2026-11-10 03:36 PT,2.044
2026-11-10 03:37 PT,2.057
2026-11-10 03:38 PT,2.07
2026-11-10 03:39 PT,2.083
2026-11-10 03:40 PT,2.096
2026-11-10 03:41 PT,2.108
2026-11-10 03:42 PT,2.121
2026-11-10 03:43 PT,2.134
2026-11-10 03:44 PT,2.148
2026-11-10 03:45 PT,2.161
2026-11-10 03:46 PT,2.174
2026-11-10 03:47 PT,2.187
2026-11-10 03:48 PT,2.2
2026-11-10 03:49 PT,2.213
2026-11-10 03:50 PT,2.226
2026-11-10 03:51 PT,2.239
2026-11-10 03:52 PT,2.252
2026-11-10 03:53 PT,2.266
2026-11-10 03:54 PT,2.279
2026-11-10 03:55 PT,2.292
2026-11-10 03:56 PT,2.305
2026-11-10 03:57 PT,2.319
2026-11-10 03:58 PT,2.332
2026-11-10 03:59 PT,2.345
2026-11-10 04:00 PT,2.358
2026-11-10 04:01 PT,2.372
2026-11-10 04:02 PT,2.385
2026-11-10 04:03 PT,2.398
2026-11-10 04:04 PT,2.412
2026-11-10 04:05 PT,2.425
2026-11-10 04:06 PT,2.439
2026-11-10 04:07 PT,2.452
2026-11-10 04:08 PT,2.465
2026-11-10 04:09 PT,2.479
2026-11-10 04:10 PT,2.492
2026-11-10 04:11 PT,2.506
2026-11-10 04:12 PT,2.519
2026-11-10 04:13 PT,2.533
2026-11-10 04:14 PT,2.546
2026-11-10 04:15 PT,2.559
2026-11-10 04:16 PT,2.573
2026-11-10 04:17 PT,2.586
2026-11-10 04:18 PT,2.6
2026-11-10 04:19 PT,2.613
2026-11-10 04:20 PT,2.627
2026-11-10 04:21 PT,2.64
2026-11-10 04:22 PT,2.654
2026-11-10 04:23 PT,2.667
2026-11-10 04:24 PT,2.681
2026-11-10 04:25 PT,2.694
2026-11-10 04:26 PT,2.708
2026-11-10 04:27 PT,2.722
2026-11-10 04:28 PT,2.735
2026-11-10 04:29 PT,2.749
2026-11-10 04:30 PT,2.762
2026-11-10 04:31 PT,2.776
2026-11-10 04:32 PT,2.789
2026-11-10 04:33 PT,2.803
2026-11-10 04:34 PT,2.816
2026-11-10 04:35 PT,2.83
2026-11-10 04:36 PT,2.843
2026-11-10 04:37 PT,2.857
2026-11-10 04:38 PT,2.87
2026-11-10 04:39 PT,2.884
2026-11-10 04:40 PT,2.897
2026-11-10 04:41 PT,2.911
2026-11-10 04:42 PT,2.924
2026-11-10 04:43 PT,2.938
2026-11-10 04:44 PT,2.951
2026-11-10 04:45 PT,2.965
2026-11-10 04:46 PT,2.978
2026-11-10 04:47 PT,2.992
2026-11-10 04:48 PT,3.005
2026-11-10 04:49 PT,3.019
2026-11-10 04:50 PT,3.032
2026-11-10 04:51 PT,3.045
2026-11-10 04:52 PT,3.059
2026-11-10 04:53 PT,3.072
2026-11-10 04:54 PT,3.086
2026-11-10 04:55 PT,3.099
2026-11-10 04:56 PT,3.112
2026-11-10 04:57 PT,3.126
2026-11-10 04:58 PT,3.139
2026-11-10 04:59 PT,3.152
2026-11-10 05:00 PT,3.165
2026-11-10 05:01 PT,3.179
2026-11-10 05:02 PT,3.192
2026-11-10 05:03 PT,3.205
2026-11-10 05:04 PT,3.218
2026-11-10 05:05 PT,3.231
2026-11-10 05:06 PT,3.245
2026-11-10 05:07 PT,3.258
2026-11-10 05:08 PT,3.271
2026-11-10 05:09 PT,3.284
2026-11-10 05:10 PT,3.297
2026-11-10 05:11 PT,3.31
2026-11-10 05:12 PT,3.323
2026-11-10 05:13 PT,3.336
2026-11-10 05:14 PT,3.349
2026-11-10 05:15 PT,3.362
2026-11-10 05:16 PT,3.374
2026-11-10 05:17 PT,3.387
2026-11-10 05:18 PT,3.4
2026-11-10 05:19 PT,3.413
2026-11-10 05:20 PT,3.426
2026-11-10 05:21 PT,3.438
2026-11-10 05:22 PT,3.451
2026-11-10 05:23 PT,3.464
2026-11-10 05:24 PT,3.476
2026-11-10 05:25 PT,3.489
2026-11-10 05:26 PT,3.501
2026-11-10 05:27 PT,3.514
2026-11-10 05:28 PT,3.526
2026-11-10 05:29 PT,3.539
2026-11-10 05:30 PT,3.551
2026-11-10 05:31 PT,3.563
2026-11-10 05:32 PT,3.576
2026-11-10 05:33 PT,3.588
2026-11-10 05:34 PT,3.6
2026-11-10 05:35 PT,3.612
2026-11-10 05:36 PT,3.624
2026-11-10 05:37 PT,3.636
2026-11-10 05:38 PT,3.648
2026-11-10 05:39 PT,3.66
2026-11-10 05:40 PT,3.672
2026-11-10 05:41 PT,3.684
2026-11-10 05:42 PT,3.696
2026-11-10 05:43 PT,3.707
2026-11-10 05:44 PT,3.719
2026-11-10 05:45 PT,3.731
2026-11-10 05:46 PT,3.742
2026-11-10 05:47 PT,3.754
2026-11-10 05:48 PT,3.765
2026-11-10 05:49 PT,3.777
2026-11-10 05:50 PT,3.788
2026-11-10 05:51 PT,3.799
2026-11-10 05:52 PT,3.811
2026-11-10 05:53 PT,3.822
2026-11-10 05:54 PT,3.833
2026-11-10 05:55 PT,3.844
2026-11-10 05:56 PT,3.855
2026-11-10 05:57 PT,3.866
2026-11-10 05:58 PT,3.877
2026-11-10 05:59 PT,3.888
2026-11-10 06:00 PT,3.898
2026-11-10 06:01 PT,3.909
2026-11-10 06:02 PT,3.92
2026-11-10 06:03 PT,3.93
2026-11-10 06:04 PT,3.941
2026-11-10 06:05 PT,3.951
2026-11-10 06:06 PT,3.961
2026-11-10 06:07 PT,3.972
2026-11-10 06:08 PT,3.982
2026-11-10 06:09 PT,3.992
2026-11-10 06:10 PT,4.002
2026-11-10 06:11 PT,4.012
2026-11-10 06:12 PT,4.022
2026-11-10 06:13 PT,4.032
2026-11-10 06:14 PT,4.042
2026-11-10 06:15 PT,4.051
2026-11-10 06:16 PT,4.061
2026-11-10 06:17 PT,4.07
2026-11-10 06:18 PT,4.08
2026-11-10 06:19 PT,4.089
2026-11-10 06:20 PT,4.099
2026-11-10 06:21 PT,4.108
2026-11-10 06:22 PT,4.117
2026-11-10 06:23 PT,4.126
2026-11-10 06:24 PT,4.135
2026-11-10 06:25 PT,4.144
2026-11-10 06:26 PT,4.153
2026-11-10 06:27 PT,4.162
2026-11-10 06:28 PT,4.17
2026-11-10 06:29 PT,4.179
2026-11-10 06:30 PT,4.187
2026-11-10 06:31 PT,4.196
2026-11-10 06:32 PT,4.204
2026-11-10 06:33 PT,4.213
2026-11-10 06:34 PT,4.221
2026-11-10 06:35 PT,4.229
2026-11-10 06:36 PT,4.237
2026-11-10 06:37 PT,4.245
2026-11-10 06:38 PT,4.253
2026-11-10 06:39 PT,4.261
2026-11-10 06:40 PT,4.268
2026-11-10 06:41 PT,4.276
2026-11-10 06:42 PT,4.283
2026-11-10 06:43 PT,4.291
2026-11-10 06:44 PT,4.298
2026-11-10 06:45 PT,4.305
2026-11-10 06:46 PT,4.313
2026-11-10 06:47 PT,4.32
2026-11-10 06:48 PT,4.327
2026-11-10 06:49 PT,4.334
2026-11-10 06:50 PT,4.341
2026-11-10 06:51 PT,4.347
2026-11-10 06:52 PT,4.354
2026-11-10 06:53 PT,4.361
2026-11-10 06:54 PT,4.367
2026-11-10 06:55 PT,4.373
2026-11-10 06:56 PT,4.38
2026-11-10 06:57 PT,4.386
2026-11-10 06:58 PT,4.392
2026-11-10 06:59 PT,4.398
2026-11-10 07:00 PT,4.404
2026-11-10 07:01 PT,4.41
2026-11-10 07:02 PT,4.416
2026-11-10 07:03 PT,4.421
2026-11-10 07:04 PT,4.427
2026-11-10 07:05 PT,4.433
2026-11-10 07:06 PT,4.438
2026-11-10 07:07 PT,4.443
2026-11-10 07:08 PT,4.449
2026-11-10 07:09 PT,4.454
2026-11-10 07:10 PT,4.459
2026-11-10 07:11 PT,4.464
2026-11-10 07:12 PT,4.469
2026-11-10 07:13 PT,4.473
2026-11-10 07:14 PT,4.478
2026-11-10 07:15 PT,4.483
2026-11-10 07:16 PT,4.487
2026-11-10 07:17 PT,4.492
2026-11-10 07:18 PT,4.496
2026-11-10 07:19 PT,4.5
2026-11-10 07:20 PT,4.504
2026-11-10 07:21 PT,4.509
2026-11-10 07:22 PT,4.513
2026-11-10 07:23 PT,4.516
2026-11-10 07:24 PT,4.52
2026-11-10 07:25 PT,4.524
2026-11-10 07:26 PT,4.528
2026-11-10 07:27 PT,4.531
2026-11-10 07:28 PT,4.535
2026-11-10 07:29 PT,4.538
2026-11-10 07:30 PT,4.541
2026-11-10 07:31 PT,4.545
2026-11-10 07:32 PT,4.548
2026-11-10 07:33 PT,4.551
2026-11-10 07:34 PT,4.554
2026-11-10 07:35 PT,4.557
2026-11-10 07:36 PT,4.559
2026-11-10 07:37 PT,4.562
2026-11-10 07:38 PT,4.565
2026-11-10 07:39 PT,4.567
2026-11-10 07:40 PT,4.57
2026-11-10 07:41 PT,4.572
2026-11-10 07:42 PT,4.574
2026-11-10 07:43 PT,4.576
2026-11-10 07:44 PT,4.579
2026-11-10 07:45 PT,4.581
2026-11-10 07:46 PT,4.582
2026-11-10 07:47 PT,4.584
2026-11-10 07:48 PT,4.586
2026-11-10 07:49 PT,4.588
2026-11-10 07:50 PT,4.589
2026-11-10 07:51 PT,4.591
2026-11-10 07:52 PT,4.592
2026-11-10 07:53 PT,4.594
2026-11-10 07:54 PT,4.595
2026-11-10 07:55 PT,4.596
2026-11-10 07:56 PT,4.597
2026-11-10 07:57 PT,4.598
2026-11-10 07:58 PT,4.599
2026-11-10 07:59 PT,4.6
2026-11-10 08:00 PT,4.601
2026-11-10 08:01 PT,4.602
2026-11-10 08:02 PT,4.602
2026-11-10 08:03 PT,4.603
2026-11-10 08:04 PT,4.603
2026-11-10 08:05 PT,4.604
2026-11-10 08:06 PT,4.604
2026-11-10 08:07 PT,4.604
2026-11-10 08:08 PT,4.605
2026-11-10 08:09 PT,4.605
2026-11-10 08:10 PT,4.605
2026-11-10 08:11 PT,4.605
2026-11-10 08:12 PT,4.605
2026-11-10 08:13 PT,4.604
2026-11-10 08:14 PT,4.604
2026-11-10 08:15 PT,4.604
2026-11-10 08:16 PT,4.603
2026-11-10 08:17 PT,4.603
2026-11-10 08:18 PT,4.602
2026-11-10 08:19 PT,4.602
2026-11-10 08:20 PT,4.601
2026-11-10 08:21 PT,4.6
2026-11-10 08:22 PT,4.599
2026-11-10 08:23 PT,4.599
2026-11-10 08:24 PT,4.598
2026-11-10 08:25 PT,4.597
2026-11-10 08:26 PT,4.595
2026-11-10 08:27 PT,4.594
2026-11-10 08:28 PT,4.593
2026-11-10 08:29 PT,4.592
2026-11-10 08:30 PT,4.59
2026-11-10 08:31 PT,4.589
2026-11-10 08:32 PT,4.587
2026-11-10 08:33 PT,4.586
2026-11-10 08:34 PT,4.584
2026-11-10 08:35 PT,4.583
2026-11-10 08:36 PT,4.581
2026-11-10 08:37 PT,4.579
2026-11-10 08:38 PT,4.577
2026-11-10 08:39 PT,4.575
2026-11-10 08:40 PT,4.573
2026-11-10 08:41 PT,4.571
2026-11-10 08:42 PT,4.569
2026-11-10 08:43 PT,4.567
2026-11-10 08:44 PT,4.565
2026-11-10 08:45 PT,4.562
2026-11-10 08:46 PT,4.56
2026-11-10 08:47 PT,4.558
2026-11-10 08:48 PT,4.555
2026-11-10 08:49 PT,4.553
2026-11-10 08:50 PT,4.55
2026-11-10 08:51 PT,4.547
2026-11-10 08:52 PT,4.545
2026-11-10 08:53 PT,4.542
2026-11-10 08:54 PT,4.539
2026-11-10 08:55 PT,4.536
2026-11-10 08:56 PT,4.533
2026-11-10 08:57 PT,4.53
2026-11-10 08:58 PT,4.527
2026-11-10 08:59 PT,4.524
2026-11-10 09:00 PT,4.521
2026-11-10 09:01 PT,4.518
2026-11-10 09:02 PT,4.515
2026-11-10 09:03 PT,4.511
2026-11-10 09:04 PT,4.508
2026-11-10 09:05 PT,4.505
2026-11-10 09:06 PT,4.501
2026-11-10 09:07 PT,4.498
2026-11-10 09:08 PT,4.494
2026-11-10 09:09 PT,4.491
2026-11-10 09:10 PT,4.487
2026-11-10 09:11 PT,4.484
2026-11-10 09:12 PT,4.48
2026-11-10 09:13 PT,4.476
2026-11-10 09:14 PT,4.472
2026-11-10 09:15 PT,4.469
2026-11-10 09:16 PT,4.465
2026-11-10 09:17 PT,4.461
2026-11-10 09:18 PT,4.457
2026-11-10 09:19 PT,4.453
2026-11-10 09:20 PT,4.449
2026-11-10 09:21 PT,4.445
2026-11-10 09:22 PT,4.441
2026-11-10 09:23 PT,4.436
2026-11-10 09:24 PT,4.432
2026-11-10 09:25 PT,4.428
2026-11-10 09:26 PT,4.424
2026-11-10 09:27 PT,4.419
2026-11-10 09:28 PT,4.415
2026-11-10 09:29 PT,4.411
2026-11-10 09:30 PT,4.406
2026-11-10 09:31 PT,4.402
2026-11-10 09:32 PT,4.397
2026-11-10 09:33 PT,4.393
2026-11-10 09:34 PT,4.388
2026-11-10 09:35 PT,4.384
2026-11-10 09:36 PT,4.379
2026-11-10 09:37 PT,4.374
2026-11-10 09:38 PT,4.37
2026-11-10 09:39 PT,4.365
2026-11-10 09:40 PT,4.36
2026-11-10 09:41 PT,4.355
2026-11-10 09:42 PT,4.35
2026-11-10 09:43 PT,4.346
2026-11-10 09:44 PT,4.341
2026-11-10 09:45 PT,4.336
2026-11-10 09:46 PT,4.331
2026-11-10 09:47 PT,4.326
2026-11-10 09:48 PT,4.321
2026-11-10 09:49 PT,4.316
2026-11-10 09:50 PT,4.311
2026-11-10 09:51 PT,4.306
2026-11-10 09:52 PT,4.3
2026-11-10 09:53 PT,4.295
2026-11-10 09:54 PT,4.29
2026-11-10 09:55 PT,4.285
2026-11-10 09:56 PT,4.28
2026-11-10 09:57 PT,4.274
2026-11-10 09:58 PT,4.269
2026-11-10 09:59 PT,4.264
2026-11-10 10:00 PT,4.259
2026-11-10 10:01 PT,4.253
2026-11-10 10:02 PT,4.248
2026-11-10 10:03 PT,4.242
2026-11-10 10:04 PT,4.237
2026-11-10 10:05 PT,4.232
2026-11-10 10:06 PT,4.226
2026-11-10 10:07 PT,4.221
2026-11-10 10:08 PT,4.215
2026-11-10 10:09 PT,4.21
2026-11-10 10:10 PT,4.204
2026-11-10 10:11 PT,4.199
2026-11-10 10:12 PT,4.193
2026-11-10 10:13 PT,4.187
2026-11-10 10:14 PT,4.182
2026-11-10 10:15 PT,4.176
2026-11-10 10:16 PT,4.171
2026-11-10 10:17 PT,4.165
2026-11-10 10:18 PT,4.159
2026-11-10 10:19 PT,4.154
2026-11-10 10:20 PT,4.148
2026-11-10 10:21 PT,4.142
2026-11-10 10:22 PT,4.136
2026-11-10 10:23 PT,4.131
2026-11-10 10:24 PT,4.125
2026-11-10 10:25 PT,4.119
2026-11-10 10:26 PT,4.113
2026-11-10 10:27 PT,4.108
2026-11-10 10:28 PT,4.102
2026-11-10 10:29 PT,4.096
2026-11-10 10:30 PT,4.09
2026-11-10 10:31 PT,4.084
2026-11-10 10:32 PT,4.078
2026-11-10 10:33 PT,4.073
2026-11-10 10:34 PT,4.067
2026-11-10 10:35 PT,4.061
2026-11-10 10:36 PT,4.055
2026-11-10 10:37 PT,4.049
2026-11-10 10:38 PT,4.043
2026-11-10 10:39 PT,4.037
2026-11-10 10:40 PT,4.031
2026-11-10 10:41 PT,4.025
2026-11-10 10:42 PT,4.02
2026-11-10 10:43 PT,4.014
2026-11-10 10:44 PT,4.008
2026-11-10 10:45 PT,4.002
2026-11-10 10:46 PT,3.996
2026-11-10 10:47 PT,3.99
2026-11-10 10:48 PT,3.984
2026-11-10 10:49 PT,3.978
2026-11-10 10:50 PT,3.972
2026-11-10 10:51 PT,3.966
2026-11-10 10:52 PT,3.96
2026-11-10 10:53 PT,3.954
2026-11-10 10:54 PT,3.948
2026-11-10 10:55 PT,3.942
2026-11-10 10:56 PT,3.936
2026-11-10 10:57 PT,3.931
2026-11-10 10:58 PT,3.925
2026-11-10 10:59 PT,3.919
2026-11-10 11:00 PT,3.913
2026-11-10 11:01 PT,3.907
2026-11-10 11:02 PT,3.901
2026-11-10 11:03 PT,3.895
2026-11-10 11:04 PT,3.889
2026-11-10 11:05 PT,3.883
2026-11-10 11:06 PT,3.877
2026-11-10 11:07 PT,3.871
2026-11-10 11:08 PT,3.866
2026-11-10 11:09 PT,3.86
2026-11-10 11:10 PT,3.854
2026-11-10 11:11 PT,3.848
2026-11-10 11:12 PT,3.842
2026-11-10 11:13 PT,3.836
2026-11-10 11:14 PT,3.831
2026-11-10 11:15 PT,3.825
2026-11-10 11:16 PT,3.819
2026-11-10 11:17 PT,3.813
2026-11-10 11:18 PT,3.807
2026-11-10 11:19 PT,3.802
2026-11-10 11:20 PT,3.796
2026-11-10 11:21 PT,3.79
2026-11-10 11:22 PT,3.784
2026-11-10 11:23 PT,3.779
2026-11-10 11:24 PT,3.773
2026-11-10 11:25 PT,3.767
2026-11-10 11:26 PT,3.762
2026-11-10 11:27 PT,3.756
2026-11-10 11:28 PT,3.751
2026-11-10 11:29 PT,3.745
2026-11-10 11:30 PT,3.739
2026-11-10 11:31 PT,3.734
2026-11-10 11:32 PT,3.728
2026-11-10 11:33 PT,3.723
2026-11-10 11:34 PT,3.717
2026-11-10 11:35 PT,3.712
2026-11-10 11:36 PT,3.707
2026-11-10 11:37 PT,3.701
2026-11-10 11:38 PT,3.696
2026-11-10 11:39 PT,3.69
2026-11-10 11:40 PT,3.685
2026-11-10 11:41 PT,3.68
2026-11-10 11:42 PT,3.675
2026-11-10 11:43 PT,3.669
2026-11-10 11:44 PT,3.664
2026-11-10 11:45 PT,3.659
2026-11-10 11:46 PT,3.654
2026-11-10 11:47 PT,3.649
2026-11-10 11:48 PT,3.644
2026-11-10 11:49 PT,3.639
2026-11-10 11:50 PT,3.634
2026-11-10 11:51 PT,3.629
2026-11-10 11:52 PT,3.624
2026-11-10 11:53 PT,3.619
2026-11-10 11:54 PT,3.614
2026-11-10 11:55 PT,3.609
2026-11-10 11:56 PT,3.604
2026-11-10 11:57 PT,3.599
2026-11-10 11:58 PT,3.595
2026-11-10 11:59 PT,3.59
2026-11-10 12:00 PT,3.585
2026-11-10 12:01 PT,3.581
2026-11-10 12:02 PT,3.576
2026-11-10 12:03 PT,3.572
2026-11-10 12:04 PT,3.567
2026-11-10 12:05 PT,3.563
2026-11-10 12:06 PT,3.558
2026-11-10 12:07 PT,3.554
2026-11-10 12:08 PT,3.55
2026-11-10 12:09 PT,3.545
2026-11-10 12:10 PT,3.541
2026-11-10 12:11 PT,3.537
2026-11-10 12:12 PT,3.533
2026-11-10 12:13 PT,3.529
2026-11-10 12:14 PT,3.524
2026-11-10 12:15 PT,3.52
2026-11-10 12:16 PT,3.517
2026-11-10 12:17 PT,3.513
2026-11-10 12:18 PT,3.509
2026-11-10 12:19 PT,3.505
2026-11-10 12:20 PT,3.501
2026-11-10 12:21 PT,3.497
2026-11-10 12:22 PT,3.494
2026-11-10 12:23 PT,3.49
2026-11-10 12:24 PT,3.487
2026-11-10 12:25 PT,3.483
2026-11-10 12:26 PT,3.48
2026-11-10 12:27 PT,3.476
2026-11-10 12:28 PT,3.473
2026-11-10 12:29 PT,3.47
2026-11-10 12:30 PT,3.466
2026-11-10 12:31 PT,3.463
2026-11-10 12:32 PT,3.46
2026-11-10 12:33 PT,3.457
2026-11-10 12:34 PT,3.454
2026-11-10 12:35 PT,3.451
2026-11-10 12:36 PT,3.448
2026-11-10 12:37 PT,3.445
2026-11-10 12:38 PT,3.442
2026-11-10 12:39 PT,3.44
2026-11-10 12:40 PT,3.437
2026-11-10 12:41 PT,3.434
2026-11-10 12:42 PT,3.432
2026-11-10 12:43 PT,3.429
2026-11-10 12:44 PT,3.427
2026-11-10 12:45 PT,3.425
2026-11-10 12:46 PT,3.422
2026-11-10 12:47 PT,3.42
2026-11-10 12:48 PT,3.418
2026-11-10 12:49 PT,3.416
2026-11-10 12:50 PT,3.414
2026-11-10 12:51 PT,3.412
2026-11-10 12:52 PT,3.41
2026-11-10 12:53 PT,3.408
2026-11-10 12:54 PT,3.406
2026-11-10 12:55 PT,3.404
2026-11-10 12:56 PT,3.402
2026-11-10 12:57 PT,3.401
2026-11-10 12:58 PT,3.399
2026-11-10 12:59 PT,3.398
2026-11-10 13:00 PT,3.396
2026-11-10 13:01 PT,3.395
2026-11-10 13:02 PT,3.394
2026-11-10 13:03 PT,3.392
2026-11-10 13:04 PT,3.391
2026-11-10 13:05 PT,3.39
2026-11-10 13:06 PT,3.389
2026-11-10 13:07 PT,3.388
2026-11-10 13:08 PT,3.387
2026-11-10 13:09 PT,3.386
2026-11-10 13:10 PT,3.385
2026-11-10 13:11 PT,3.384
2026-11-10 13:12 PT,3.384
2026-11-10 13:13 PT,3.383
2026-11-10 13:14 PT,3.383
2026-11-10 13:15 PT,3.382
2026-11-10 13:16 PT,3.382
2026-11-10 13:17 PT,3.381
2026-11-10 13:18 PT,3.381
2026-11-10 13:19 PT,3.381
2026-11-10 13:20 PT,3.38
2026-11-10 13:21 PT,3.38
2026-11-10 13:22 PT,3.38
2026-11-10 13:23 PT,3.38
2026-11-10 13:24 PT,3.38
2026-11-10 13:25 PT,3.38
2026-11-10 13:26 PT,3.381
2026-11-10 13:27 PT,3.381
2026-11-10 13:28 PT,3.381
2026-11-10 13:29 PT,3.381
2026-11-10 13:30 PT,3.382
2026-11-10 13:31 PT,3.382
2026-11-10 13:32 PT,3.383
2026-11-10 13:33 PT,3.383
2026-11-10 13:34 PT,3.384
2026-11-10 13:35 PT,3.385
2026-11-10 13:36 PT,3.385
2026-11-10 13:37 PT,3.386
2026-11-10 13:38 PT,3.387
2026-11-10 13:39 PT,3.388
2026-11-10 13:40 PT,3.389
2026-11-10 13:41 PT,3.39
2026-11-10 13:42 PT,3.391
2026-11-10 13:43 PT,3.392
2026-11-10 13:44 PT,3.394
2026-11-10 13:45 PT,3.395
2026-11-10 13:46 PT,3.396
2026-11-10 13:47 PT,3.397
2026-11-10 13:48 PT,3.399
2026-11-10 13:49 PT,3.4
2026-11-10 13:50 PT,3.402
2026-11-10 13:51 PT,3.403
2026-11-10 13:52 PT,3.405
2026-11-10 13:53 PT,3.407
2026-11-10 13:54 PT,3.408
2026-11-10 13:55 PT,3.41
2026-11-10 13:56 PT,3.412
2026-11-10 13:57 PT,3.414
2026-11-10 13:58 PT,3.416
2026-11-10 13:59 PT,3.418
2026-11-10 14:00 PT,3.42
2026-11-10 14:01 PT,3.422
2026-11-10 14:02 PT,3.424
2026-11-10 14:03 PT,3.426
2026-11-10 14:04 PT,3.428
2026-11-10 14:05 PT,3.43
2026-11-10 14:06 PT,3.433
2026-11-10 14:07 PT,3.435
2026-11-10 14:08 PT,3.437
2026-11-10 14:09 PT,3.44
2026-11-10 14:10 PT,3.442
2026-11-10 14:11 PT,3.445
2026-11-10 14:12 PT,3.447
2026-11-10 14:13 PT,3.45
2026-11-10 14:14 PT,3.452
2026-11-10 14:15 PT,3.455
2026-11-10 14:16 PT,3.458
2026-11-10 14:17 PT,3.46
2026-11-10 14:18 PT,3.463
2026-11-10 14:19 PT,3.466
2026-11-10 14:20 PT,3.469
2026-11-10 14:21 PT,3.472
2026-11-10 14:22 PT,3.474
2026-11-10 14:23 PT,3.477
2026-11-10 14:24 PT,3.48
2026-11-10 14:25 PT,3.483
2026-11-10 14:26 PT,3.486
2026-11-10 14:27 PT,3.489
2026-11-10 14:28 PT,3.492
2026-11-10 14:29 PT,3.495
2026-11-10 14:30 PT,3.498
2026-11-10 14:31 PT,3.502
2026-11-10 14:32 PT,3.505
2026-11-10 14:33 PT,3.508
2026-11-10 14:34 PT,3.511
2026-11-10 14:35 PT,3.514
2026-11-10 14:36 PT,3.518
2026-11-10 14:37 PT,3.521
2026-11-10 14:38 PT,3.524
2026-11-10 14:39 PT,3.528
2026-11-10 14:40 PT,3.531
2026-11-10 14:41 PT,3.534
2026-11-10 14:42 PT,3.538
2026-11-10 14:43 PT,3.541
2026-11-10 14:44 PT,3.545
2026-11-10 14:45 PT,3.548
2026-11-10 14:46 PT,3.552
2026-11-10 14:47 PT,3.555
2026-11-10 14:48 PT,3.559
2026-11-10 14:49 PT,3.562
2026-11-10 14:50 PT,3.566
2026-11-10 14:51 PT,3.569
2026-11-10 14:52 PT,3.573
2026-11-10 14:53 PT,3.576
2026-11-10 14:54 PT,3.58
2026-11-10 14:55 PT,3.584
2026-11-10 14:56 PT,3.587
2026-11-10 14:57 PT,3.591
2026-11-10 14:58 PT,3.595
2026-11-10 14:59 PT,3.598
2026-11-10 15:00 PT,3.602
2026-11-10 15:01 PT,3.606
2026-11-10 15:02 PT,3.609
2026-11-10 15:03 PT,3.613
2026-11-10 15:04 PT,3.617
2026-11-10 15:05 PT,3.62
2026-11-10 15:06 PT,3.624
2026-11-10 15:07 PT,3.628
2026-11-10 15:08 PT,3.632
2026-11-10 15:09 PT,3.635
2026-11-10 15:10 PT,3.639
2026-11-10 15:11 PT,3.643
2026-11-10 15:12 PT,3.647
2026-11-10 15:13 PT,3.65
2026-11-10 15:14 PT,3.654
2026-11-10 15:15 PT,3.658
2026-11-10 15:16 PT,3.662
2026-11-10 15:17 PT,3.666
2026-11-10 15:18 PT,3.669
2026-11-10 15:19 PT,3.673
2026-11-10 15:20 PT,3.677
2026-11-10 15:21 PT,3.681
2026-11-10 15:22 PT,3.685
2026-11-10 15:23 PT,3.688
2026-11-10 15:24 PT,3.692
2026-11-10 15:25 PT,3.696
2026-11-10 15:26 PT,3.7
2026-11-10 15:27 PT,3.704
2026-11-10 15:28 PT,3.707
2026-11-10 15:29 PT,3.711
2026-11-10 15:30 PT,3.715
2026-11-10 15:31 PT,3.719
2026-11-10 15:32 PT,3.723
2026-11-10 15:33 PT,3.727
2026-11-10 15:34 PT,3.73
2026-11-10 15:35 PT,3.734
2026-11-10 15:36 PT,3.738
2026-11-10 15:37 PT,3.742
2026-11-10 15:38 PT,3.745
2026-11-10 15:39 PT,3.749
2026-11-10 15:40 PT,3.753
2026-11-10 15:41 PT,3.757
2026-11-10 15:42 PT,3.761
2026-11-10 15:43 PT,3.764
2026-11-10 15:44 PT,3.768
2026-11-10 15:45 PT,3.772
2026-11-10 15:46 PT,3.776
2026-11-10 15:47 PT,3.779
2026-11-10 15:48 PT,3.783
2026-11-10 15:49 PT,3.787
2026-11-10 15:50 PT,3.791
2026-11-10 15:51 PT,3.794
2026-11-10 15:52 PT,3.798
2026-11-10 15:53 PT,3.802
2026-11-10 15:54 PT,3.805
2026-11-10 15:55 PT,3.809
2026-11-10 15:56 PT,3.813
2026-11-10 15:57 PT,3.816
2026-11-10 15:58 PT,3.82
2026-11-10 15:59 PT,3.824
2026-11-10 16:00 PT,3.827
2026-11-10 16:01 PT,3.831
2026-11-10 16:02 PT,3.835
2026-11-10 16:03 PT,3.838
2026-11-10 16:04 PT,3.842
2026-11-10 16:05 PT,3.845
2026-11-10 16:06 PT,3.849
2026-11-10 16:07 PT,3.852
2026-11-10 16:08 PT,3.856
2026-11-10 16:09 PT,3.859
2026-11-10 16:10 PT,3.863
2026-11-10 16:11 PT,3.867
2026-11-10 16:12 PT,3.87
2026-11-10 16:13 PT,3.873
2026-11-10 16:14 PT,3.877
2026-11-10 16:15 PT,3.88
2026-11-10 16:16 PT,3.884
2026-11-10 16:17 PT,3.887
2026-11-10 16:18 PT,3.891
2026-11-10 16:19 PT,3.894
2026-11-10 16:20 PT,3.897
2026-11-10 16:21 PT,3.901
2026-11-10 16:22 PT,3.904
2026-11-10 16:23 PT,3.907
2026-11-10 16:24 PT,3.911
2026-11-10 16:25 PT,3.914
2026-11-10 16:26 PT,3.917
2026-11-10 16:27 PT,3.921
2026-11-10 16:28 PT,3.924
2026-11-10 16:29 PT,3.927
2026-11-10 16:30 PT,3.93
2026-11-10 16:31 PT,3.933
2026-11-10 16:32 PT,3.937
2026-11-10 16:33 PT,3.94
2026-11-10 16:34 PT,3.943
2026-11-10 16:35 PT,3.946
2026-11-10 16:36 PT,3.949
2026-11-10 16:37 PT,3.952
2026-11-10 16:38 PT,3.955
2026-11-10 16:39 PT,3.958
2026-11-10 16:40 PT,3.961
2026-11-10 16:41 PT,3.964
2026-11-10 16:42 PT,3.967
2026-11-10 16:43 PT,3.97
2026-11-10 16:44 PT,3.973
2026-11-10 16:45 PT,3.976
2026-11-10 16:46 PT,3.978
2026-11-10 16:47 PT,3.981
2026-11-10 16:48 PT,3.984
2026-11-10 16:49 PT,3.987
2026-11-10 16:50 PT,3.99
2026-11-10 16:51 PT,3.992
2026-11-10 16:52 PT,3.995
2026-11-10 16:53 PT,3.998
2026-11-10 16:54 PT,4
2026-11-10 16:55 PT,4.003
2026-11-10 16:56 PT,4.005
2026-11-10 16:57 PT,4.008
2026-11-10 16:58 PT,4.01
2026-11-10 16:59 PT,4.013
2026-11-10 17:00 PT,4.015
2026-11-10 17:01 PT,4.018
2026-11-10 17:02 PT,4.02
2026-11-10 17:03 PT,4.022
2026-11-10 17:04 PT,4.025
2026-11-10 17:05 PT,4.027
2026-11-10 17:06 PT,4.029
2026-11-10 17:07 PT,4.031
2026-11-10 17:08 PT,4.033
2026-11-10 17:09 PT,4.035
2026-11-10 17:10 PT,4.037
2026-11-10 17:11 PT,4.039
2026-11-10 17:12 PT,4.041
2026-11-10 17:13 PT,4.043
2026-11-10 17:14 PT,4.045
2026-11-10 17:15 PT,4.047
2026-11-10 17:16 PT,4.049
2026-11-10 17:17 PT,4.051
2026-11-10 17:18 PT,4.052
2026-11-10 17:19 PT,4.054
2026-11-10 17:20 PT,4.056
2026-11-10 17:21 PT,4.057
2026-11-10 17:22 PT,4.059
2026-11-10 17:23 PT,4.06
2026-11-10 17:24 PT,4.062
2026-11-10 17:25 PT,4.063
2026-11-10 17:26 PT,4.065
2026-11-10 17:27 PT,4.066
2026-11-10 17:28 PT,4.067
2026-11-10 17:29 PT,4.069
2026-11-10 17:30 PT,4.07
2026-11-10 17:31 PT,4.071
2026-11-10 17:32 PT,4.072
2026-11-10 17:33 PT,4.073
2026-11-10 17:34 PT,4.074
2026-11-10 17:35 PT,4.075
2026-11-10 17:36 PT,4.076
2026-11-10 17:37 PT,4.076
2026-11-10 17:38 PT,4.077
2026-11-10 17:39 PT,4.078
2026-11-10 17:40 PT,4.078
2026-11-10 17:41 PT,4.079
2026-11-10 17:42 PT,4.08
2026-11-10 17:43 PT,4.08
2026-11-10 17:44 PT,4.08
2026-11-10 17:45 PT,4.081
2026-11-10 17:46 PT,4.081
2026-11-10 17:47 PT,4.081
2026-11-10 17:48 PT,4.082
2026-11-10 17:49 PT,4.082
2026-11-10 17:50 PT,4.082
2026-11-10 17:51 PT,4.082
2026-11-10 17:52 PT,4.082
2026-11-10 17:53 PT,4.081
2026-11-10 17:54 PT,4.081
2026-11-10 17:55 PT,4.081
2026-11-10 17:56 PT,4.081
2026-11-10 17:57 PT,4.08
2026-11-10 17:58 PT,4.08
2026-11-10 17:59 PT,4.079
2026-11-10 18:00 PT,4.079
2026-11-10 18:01 PT,4.078
2026-11-10 18:02 PT,4.077
2026-11-10 18:03 PT,4.077
2026-11-10 18:04 PT,4.076
2026-11-10 18:05 PT,4.075
2026-11-10 18:06 PT,4.074
2026-11-10 18:07 PT,4.073
2026-11-10 18:08 PT,4.072
2026-11-10 18:09 PT,4.07
2026-11-10 18:10 PT,4.069
2026-11-10 18:11 PT,4.068
2026-11-10 18:12 PT,4.066
2026-11-10 18:13 PT,4.065
2026-11-10 18:14 PT,4.063
2026-11-10 18:15 PT,4.062
2026-11-10 18:16 PT,4.06
2026-11-10 18:17 PT,4.058
2026-11-10 18:18 PT,4.057
2026-11-10 18:19 PT,4.055
2026-11-10 18:20 PT,4.053
2026-11-10 18:21 PT,4.051
2026-11-10 18:22 PT,4.048
2026-11-10 18:23 PT,4.046
2026-11-10 18:24 PT,4.044
2026-11-10 18:25 PT,4.042
2026-11-10 18:26 PT,4.039
2026-11-10 18:27 PT,4.037
2026-11-10 18:28 PT,4.034
2026-11-10 18:29 PT,4.032
2026-11-10 18:30 PT,4.029
2026-11-10 18:31 PT,4.026
2026-11-10 18:32 PT,4.023
2026-11-10 18:33 PT,4.02
2026-11-10 18:34 PT,4.017
2026-11-10 18:35 PT,4.014
2026-11-10 18:36 PT,4.011
2026-11-10 18:37 PT,4.008
2026-11-10 18:38 PT,4.004
2026-11-10 18:39 PT,4.001
2026-11-10 18:40 PT,3.998
2026-11-10 18:41 PT,3.994
2026-11-10 18:42 PT,3.99
2026-11-10 18:43 PT,3.987
2026-11-10 18:44 PT,3.983
2026-11-10 18:45 PT,3.979
2026-11-10 18:46 PT,3.975
2026-11-10 18:47 PT,3.971
2026-11-10 18:48 PT,3.967
2026-11-10 18:49 PT,3.963
2026-11-10 18:50 PT,3.959
2026-11-10 18:51 PT,3.955
2026-11-10 18:52 PT,3.95
2026-11-10 18:53 PT,3.946
2026-11-10 18:54 PT,3.941
2026-11-10 18:55 PT,3.937
2026-11-10 18:56 PT,3.932
2026-11-10 18:57 PT,3.927
2026-11-10 18:58 PT,3.923
2026-11-10 18:59 PT,3.918
2026-11-10 19:00 PT,3.913
2026-11-10 19:01 PT,3.908
2026-11-10 19:02 PT,3.903
2026-11-10 19:03 PT,3.898
2026-11-10 19:04 PT,3.892
2026-11-10 19:05 PT,3.887
2026-11-10 19:06 PT,3.882
2026-11-10 19:07 PT,3.876
2026-11-10 19:08 PT,3.871
2026-11-10 19:09 PT,3.865
2026-11-10 19:10 PT,3.86
2026-11-10 19:11 PT,3.854
2026-11-10 19:12 PT,3.848
2026-11-10 19:13 PT,3.842
2026-11-10 19:14 PT,3.836
2026-11-10 19:15 PT,3.83
2026-11-10 19:16 PT,3.824
2026-11-10 19:17 PT,3.818
2026-11-10 19:18 PT,3.812
2026-11-10 19:19 PT,3.806
2026-11-10 19:20 PT,3.799
2026-11-10 19:21 PT,3.793
2026-11-10 19:22 PT,3.786
2026-11-10 19:23 PT,3.78
2026-11-10 19:24 PT,3.773
2026-11-10 19:25 PT,3.767
2026-11-10 19:26 PT,3.76
2026-11-10 19:27 PT,3.753
2026-11-10 19:28 PT,3.746
2026-11-10 19:29 PT,3.74
2026-11-10 19:30 PT,3.733
2026-11-10 19:31 PT,3.726
2026-11-10 19:32 PT,3.719
2026-11-10 19:33 PT,3.711
2026-11-10 19:34 PT,3.704
2026-11-10 19:35 PT,3.697
2026-11-10 19:36 PT,3.69
2026-11-10 19:37 PT,3.682
2026-11-10 19:38 PT,3.675
2026-11-10 19:39 PT,3.667
2026-11-10 19:40 PT,3.66
2026-11-10 19:41 PT,3.652
2026-11-10 19:42 PT,3.645
2026-11-10 19:43 PT,3.637
2026-11-10 19:44 PT,3.629
2026-11-10 19:45 PT,3.621
2026-11-10 19:46 PT,3.613
2026-11-10 19:47 PT,3.605
2026-11-10 19:48 PT,3.598
2026-11-10 19:49 PT,3.589
2026-11-10 19:50 PT,3.581
2026-11-10 19:51 PT,3.573
2026-11-10 19:52 PT,3.565
2026-11-10 19:53 PT,3.557
2026-11-10 19:54 PT,3.549
2026-11-10 19:55 PT,3.54
2026-11-10 19:56 PT,3.532
2026-11-10 19:57 PT,3.524
2026-11-10 19:58 PT,3.515
2026-11-10 19:59 PT,3.507
2026-11-10 20:00 PT,3.498
2026-11-10 20:01 PT,3.489
2026-11-10 20:02 PT,3.481
2026-11-10 20:03 PT,3.472
2026-11-10 20:04 PT,3.463
2026-11-10 20:05 PT,3.455
2026-11-10 20:06 PT,3.446
2026-11-10 20:07 PT,3.437
2026-11-10 20:08 PT,3.428
2026-11-10 20:09 PT,3.419
2026-11-10 20:10 PT,3.41
2026-11-10 20:11 PT,3.401
2026-11-10 20:12 PT,3.392
2026-11-10 20:13 PT,3.383
2026-11-10 20:14 PT,3.374
2026-11-10 20:15 PT,3.365
2026-11-10 20:16 PT,3.356
2026-11-10 20:17 PT,3.346
2026-11-10 20:18 PT,3.337
2026-11-10 20:19 PT,3.328
2026-11-10 20:20 PT,3.318
2026-11-10 20:21 PT,3.309
2026-11-10 20:22 PT,3.3
2026-11-10 20:23 PT,3.29
2026-11-10 20:24 PT,3.281
2026-11-10 20:25 PT,3.271
2026-11-10 20:26 PT,3.262
2026-11-10 20:27 PT,3.252
2026-11-10 20:28 PT,3.242
2026-11-10 20:29 PT,3.233
2026-11-10 20:30 PT,3.223
2026-11-10 20:31 PT,3.214
2026-11-10 20:32 PT,3.204
2026-11-10 20:33 PT,3.194
2026-11-10 20:34 PT,3.184
2026-11-10 20:35 PT,3.174
2026-11-10 20:36 PT,3.165
2026-11-10 20:37 PT,3.155
2026-11-10 20:38 PT,3.145
2026-11-10 20:39 PT,3.135
2026-11-10 20:40 PT,3.125
2026-11-10 20:41 PT,3.115
2026-11-10 20:42 PT,3.105
2026-11-10 20:43 PT,3.095
2026-11-10 20:44 PT,3.085
2026-11-10 20:45 PT,3.075
2026-11-10 20:46 PT,3.065
2026-11-10 20:47 PT,3.055
2026-11-10 20:48 PT,3.045
2026-11-10 20:49 PT,3.035
2026-11-10 20:50 PT,3.025
2026-11-10 20:51 PT,3.014
2026-11-10 20:52 PT,3.004
2026-11-10 20:53 PT,2.994
2026-11-10 20:54 PT,2.984
2026-11-10 20:55 PT,2.974
2026-11-10 20:56 PT,2.963
2026-11-10 20:57 PT,2.953
2026-11-10 20:58 PT,2.943
2026-11-10 20:59 PT,2.932
2026-11-10 21:00 PT,2.922
2026-11-10 21:01 PT,2.912
2026-11-10 21:02 PT,2.901
2026-11-10 21:03 PT,2.891
2026-11-10 21:04 PT,2.881
2026-11-10 21:05 PT,2.87
2026-11-10 21:06 PT,2.86
2026-11-10 21:07 PT,2.849
2026-11-10 21:08 PT,2.839
2026-11-10 21:09 PT,2.828
2026-11-10 21:10 PT,2.818
2026-11-10 21:11 PT,2.807
2026-11-10 21:12 PT,2.797
2026-11-10 21:13 PT,2.786
2026-11-10 21:14 PT,2.776
2026-11-10 21:15 PT,2.765
2026-11-10 21:16 PT,2.755
2026-11-10 21:17 PT,2.744
2026-11-10 21:18 PT,2.733
2026-11-10 21:19 PT,2.723
2026-11-10 21:20 PT,2.712
2026-11-10 21:21 PT,2.702
2026-11-10 21:22 PT,2.691
2026-11-10 21:23 PT,2.68
2026-11-10 21:24 PT,2.67
2026-11-10 21:25 PT,2.659
2026-11-10 21:26 PT,2.648
2026-11-10 21:27 PT,2.638
2026-11-10 21:28 PT,2.627
2026-11-10 21:29 PT,2.616
2026-11-10 21:30 PT,2.606
2026-11-10 21:31 PT,2.595
2026-11-10 21:32 PT,2.584
2026-11-10 21:33 PT,2.573
2026-11-10 21:34 PT,2.563
2026-11-10 21:35 PT,2.552
2026-11-10 21:36 PT,2.541
2026-11-10 21:37 PT,2.53
2026-11-10 21:38 PT,2.52
2026-11-10 21:39 PT,2.509
2026-11-10 21:40 PT,2.498
2026-11-10 21:41 PT,2.487
2026-11-10 21:42 PT,2.477
2026-11-10 21:43 PT,2.466
2026-11-10 21:44 PT,2.455
2026-11-10 21:45 PT,2.444
2026-11-10 21:46 PT,2.433
2026-11-10 21:47 PT,2.423
2026-11-10 21:48 PT,2.412
2026-11-10 21:49 PT,2.401
2026-11-10 21:50 PT,2.39
2026-11-10 21:51 PT,2.379
2026-11-10 21:52 PT,2.368
2026-11-10 21:53 PT,2.358
2026-11-10 21:54 PT,2.347
2026-11-10 21:55 PT,2.336
2026-11-10 21:56 PT,2.325
2026-11-10 21:57 PT,2.314
2026-11-10 21:58 PT,2.303
2026-11-10 21:59 PT,2.293
2026-11-10 22:00 PT,2.282
2026-11-10 22:01 PT,2.271
2026-11-10 22:02 PT,2.26
2026-11-10 22:03 PT,2.249
2026-11-10 22:04 PT,2.238
2026-11-10 22:05 PT,2.227
2026-11-10 22:06 PT,2.217
2026-11-10 22:07 PT,2.206
2026-11-10 22:08 PT,2.195
2026-11-10 22:09 PT,2.184
2026-11-10 22:10 PT,2.173
2026-11-10 22:11 PT,2.162
2026-11-10 22:12 PT,2.151
2026-11-10 22:13 PT,2.141
2026-11-10 22:14 PT,2.13
2026-11-10 22:15 PT,2.119
2026-11-10 22:16 PT,2.108
2026-11-10 22:17 PT,2.097
2026-11-10 22:18 PT,2.086
2026-11-10 22:19 PT,2.075
2026-11-10 22:20 PT,2.065
2026-11-10 22:21 PT,2.054
2026-11-10 22:22 PT,2.043
2026-11-10 22:23 PT,2.032
2026-11-10 22:24 PT,2.021
2026-11-10 22:25 PT,2.01
2026-11-10 22:26 PT,2
2026-11-10 22:27 PT,1.989
2026-11-10 22:28 PT,1.978
2026-11-10 22:29 PT,1.967
2026-11-10 22:30 PT,1.956
2026-11-10 22:31 PT,1.946
2026-11-10 22:32 PT,1.935
2026-11-10 22:33 PT,1.924
2026-11-10 22:34 PT,1.913
2026-11-10 22:35 PT,1.903
2026-11-10 22:36 PT,1.892
2026-11-10 22:37 PT,1.881
2026-11-10 22:38 PT,1.87
2026-11-10 22:39 PT,1.86
2026-11-10 22:40 PT,1.849
2026-11-10 22:41 PT,1.838
2026-11-10 22:42 PT,1.827
2026-11-10 22:43 PT,1.817
2026-11-10 22:44 PT,1.806
2026-11-10 22:45 PT,1.795
2026-11-10 22:46 PT,1.785
2026-11-10 22:47 PT,1.774
2026-11-10 22:48 PT,1.764
2026-11-10 22:49 PT,1.753
2026-11-10 22:50 PT,1.742
2026-11-10 22:51 PT,1.732
2026-11-10 22:52 PT,1.721
2026-11-10 22:53 PT,1.711
2026-11-10 22:54 PT,1.7
2026-11-10 22:55 PT,1.689
2026-11-10 22:56 PT,1.679
2026-11-10 22:57 PT,1.668
2026-11-10 22:58 PT,1.658
2026-11-10 22:59 PT,1.648
2026-11-10 23:00 PT,1.637
2026-11-10 23:01 PT,1.627
2026-11-10 23:02 PT,1.616
2026-11-10 23:03 PT,1.606
2026-11-10 23:04 PT,1.596
2026-11-10 23:05 PT,1.585
2026-11-10 23:06 PT,1.575
2026-11-10 23:07 PT,1.565
2026-11-10 23:08 PT,1.554
2026-11-10 23:09 PT,1.544
2026-11-10 23:10 PT,1.534
2026-11-10 23:11 PT,1.524
2026-11-10 23:12 PT,1.513
2026-11-10 23:13 PT,1.503
2026-11-10 23:14 PT,1.493
2026-11-10 23:15 PT,1.483
2026-11-10 23:16 PT,1.473
2026-11-10 23:17 PT,1.463
2026-11-10 23:18 PT,1.453
2026-11-10 23:19 PT,1.443
2026-11-10 23:20 PT,1.433
2026-11-10 23:21 PT,1.423
2026-11-10 23:22 PT,1.413
2026-11-10 23:23 PT,1.403
2026-11-10 23:24 PT,1.393
2026-11-10 23:25 PT,1.383
2026-11-10 23:26 PT,1.374
2026-11-10 23:27 PT,1.364
2026-11-10 23:28 PT,1.354
2026-11-10 23:29 PT,1.345
2026-11-10 23:30 PT,1.335
2026-11-10 23:31 PT,1.325
2026-11-10 23:32 PT,1.316
2026-11-10 23:33 PT,1.306
2026-11-10 23:34 PT,1.297
2026-11-10 23:35 PT,1.287
2026-11-10 23:36 PT,1.278
2026-11-10 23:37 PT,1.269
2026-11-10 23:38 PT,1.259
2026-11-10 23:39 PT,1.25
2026-11-10 23:40 PT,1.241
2026-11-10 23:41 PT,1.232
2026-11-10 23:42 PT,1.222
2026-11-10 23:43 PT,1.213
2026-11-10 23:44 PT,1.204
2026-11-10 23:45 PT,1.195
2026-11-10 23:46 PT,1.186
2026-11-10 23:47 PT,1.178
2026-11-10 23:48 PT,1.169
2026-11-10 23:49 PT,1.16
2026-11-10 23:50 PT,1.151
2026-11-10 23:51 PT,1.143
2026-11-10 23:52 PT,1.134
2026-11-10 23:53 PT,1.125
2026-11-10 23:54 PT,1.117
2026-11-10 23:55 PT,1.108
2026-11-10 23:56 PT,1.1
2026-11-10 23:57 PT,1.092
2026-11-10 23:58 PT,1.083
2026-11-10 23:59 PT,1.075
2026-11-11 00:00 PT,1.067
2026-11-11 00:01 PT,1.059
2026-11-11 00:02 PT,1.051
2026-11-11 00:03 PT,1.043
2026-11-11 00:04 PT,1.035
2026-11-11 00:05 PT,1.027
2026-11-11 00:06 PT,1.019
2026-11-11 00:07 PT,1.012
2026-11-11 00:08 PT,1.004
2026-11-11 00:09 PT,0.997
2026-11-11 00:10 PT,0.989
2026-11-11 00:11 PT,0.982
2026-11-11 00:12 PT,0.974
2026-11-11 00:13 PT,0.967
2026-11-11 00:14 PT,0.96
2026-11-11 00:15 PT,0.953
2026-11-11 00:16 PT,0.946
2026-11-11 00:17 PT,0.939
2026-11-11 00:18 PT,0.932
2026-11-11 00:19 PT,0.925
2026-11-11 00:20 PT,0.918
2026-11-11 00:21 PT,0.912
2026-11-11 00:22 PT,0.905
2026-11-11 00:23 PT,0.899
2026-11-11 00:24 PT,0.892
2026-11-11 00:25 PT,0.886
2026-11-11 00:26 PT,0.88
2026-11-11 00:27 PT,0.874
2026-11-11 00:28 PT,0.868
2026-11-11 00:29 PT,0.862
2026-11-11 00:30 PT,0.856
2026-11-11 00:31 PT,0.85
2026-11-11 00:32 PT,0.844
2026-11-11 00:33 PT,0.839
2026-11-11 00:34 PT,0.833
2026-11-11 00:35 PT,0.828
2026-11-11 00:36 PT,0.823
2026-11-11 00:37 PT,0.817
2026-11-11 00:38 PT,0.812
2026-11-11 00:39 PT,0.807
2026-11-11 00:40 PT,0.802
2026-11-11 00:41 PT,0.797
2026-11-11 00:42 PT,0.793
2026-11-11 00:43 PT,0.788
2026-11-11 00:44 PT,0.784
2026-11-11 00:45 PT,0.779
2026-11-11 00:46 PT,0.775
2026-11-11 00:47 PT,0.771
2026-11-11 00:48 PT,0.766
2026-11-11 00:49 PT,0.762
2026-11-11 00:50 PT,0.759
2026-11-11 00:51 PT,0.755
2026-11-11 00:52 PT,0.751
2026-11-11 00:53 PT,0.747
2026-11-11 00:54 PT,0.744
2026-11-11 00:55 PT,0.741
2026-11-11 00:56 PT,0.737
2026-11-11 00:57 PT,0.734
2026-11-11 00:58 PT,0.731
2026-11-11 00:59 PT,0.728
2026-11-11 01:00 PT,0.725
2026-11-11 01:01 PT,0.723
2026-11-11 01:02 PT,0.72
2026-11-11 01:03 PT,0.718
2026-11-11 01:04 PT,0.715
2026-11-11 01:05 PT,0.713
2026-11-11 01:06 PT,0.711
2026-11-11 01:07 PT,0.709
2026-11-11 01:08 PT,0.707
2026-11-11 01:09 PT,0.705
2026-11-11 01:10 PT,0.703
2026-11-11 01:11 PT,0.702
2026-11-11 01:12 PT,0.7
2026-11-11 01:13 PT,0.699
2026-11-11 01:14 PT,0.698
2026-11-11 01:15 PT,0.697
2026-11-11 01:16 PT,0.696
2026-11-11 01:17 PT,0.695
2026-11-11 01:18 PT,0.694
2026-11-11 01:19 PT,0.694
2026-11-11 01:20 PT,0.693
2026-11-11 01:21 PT,0.693
2026-11-11 01:22 PT,0.692
2026-11-11 01:23 PT,0.692
2026-11-11 01:24 PT,0.692
2026-11-11 01:25 PT,0.692
2026-11-11 01:26 PT,0.693
2026-11-11 01:27 PT,0.693
2026-11-11 01:28 PT,0.693
2026-11-11 01:29 PT,0.694
2026-11-11 01:30 PT,0.695
2026-11-11 01:31 PT,0.696
2026-11-11 01:32 PT,0.697
2026-11-11 01:33 PT,0.698
2026-11-11 01:34 PT,0.699
2026-11-11 01:35 PT,0.7
2026-11-11 01:36 PT,0.702
2026-11-11 01:37 PT,0.703
2026-11-11 01:38 PT,0.705
2026-11-11 01:39 PT,0.707
2026-11-11 01:40 PT,0.708
2026-11-11 01:41 PT,0.711
2026-11-11 01:42 PT,0.713
2026-11-11 01:43 PT,0.715
2026-11-11 01:44 PT,0.717
2026-11-11 01:45 PT,0.72
2026-11-11 01:46 PT,0.723
2026-11-11 01:47 PT,0.725
2026-11-11 01:48 PT,0.728
2026-11-11 01:49 PT,0.731
2026-11-11 01:50 PT,0.734
2026-11-11 01:51 PT,0.738
2026-11-11 01:52 PT,0.741
2026-11-11 01:53 PT,0.744
2026-11-11 01:54 PT,0.748
2026-11-11 01:55 PT,0.752
2026-11-11 01:56 PT,0.755
2026-11-11 01:57 PT,0.759
2026-11-11 01:58 PT,0.763
2026-11-11 01:59 PT,0.768
2026-11-11 02:00 PT,0.772
2026-11-11 02:01 PT,0.776
2026-11-11 02:02 PT,0.781
2026-11-11 02:03 PT,0.785
2026-11-11 02:04 PT,0.79
2026-11-11 02:05 PT,0.795
2026-11-11 02:06 PT,0.8
2026-11-11 02:07 PT,0.805
2026-11-11 02:08 PT,0.81
2026-11-11 02:09 PT,0.816
2026-11-11 02:10 PT,0.821
2026-11-11 02:11 PT,0.826
2026-11-11 02:12 PT,0.832
2026-11-11 02:13 PT,0.838
2026-11-11 02:14 PT,0.844
2026-11-11 02:15 PT,0.85
2026-11-11 02:16 PT,0.856
2026-11-11 02:17 PT,0.862
2026-11-11 02:18 PT,0.868
2026-11-11 02:19 PT,0.874
2026-11-11 02:20 PT,0.881
2026-11-11 02:21 PT,0.887
2026-11-11 02:22 PT,0.894
2026-11-11 02:23 PT,0.901
2026-11-11 02:24 PT,0.908
2026-11-11 02:25 PT,0.915
2026-11-11 02:26 PT,0.922
2026-11-11 02:27 PT,0.929
2026-11-11 02:28 PT,0.936
2026-11-11 02:29 PT,0.943
2026-11-11 02:30 PT,0.951
2026-11-11 02:31 PT,0.958
2026-11-11 02:32 PT,0.966
2026-11-11 02:33 PT,0.974
2026-11-11 02:34 PT,0.982
2026-11-11 02:35 PT,0.99
2026-11-11 02:36 PT,0.998
2026-11-11 02:37 PT,1.006
2026-11-11 02:38 PT,1.014
2026-11-11 02:39 PT,1.022
2026-11-11 02:40 PT,1.03
2026-11-11 02:41 PT,1.039
2026-11-11 02:42 PT,1.047
2026-11-11 02:43 PT,1.056
2026-11-11 02:44 PT,1.065
2026-11-11 02:45 PT,1.073
2026-11-11 02:46 PT,1.082
2026-11-11 02:47 PT,1.091
2026-11-11 02:48 PT,1.1
2026-11-11 02:49 PT,1.109
2026-11-11 02:50 PT,1.118
2026-11-11 02:51 PT,1.128
2026-11-11 02:52 PT,1.137
2026-11-11 02:53 PT,1.146
2026-11-11 02:54 PT,1.156
2026-11-11 02:55 PT,1.165
2026-11-11 02:56 PT,1.175
2026-11-11 02:57 PT,1.185
2026-11-11 02:58 PT,1.194
2026-11-11 02:59 PT,1.204
2026-11-11 03:00 PT,1.214
2026-11-11 03:01 PT,1.224
2026-11-11 03:02 PT,1.234
2026-11-11 03:03 PT,1.244
2026-11-11 03:04 PT,1.254
2026-11-11 03:05 PT,1.265
2026-11-11 03:06 PT,1.275
2026-11-11 03:07 PT,1.285
2026-11-11 03:08 PT,1.296
2026-11-11 03:09 PT,1.306
2026-11-11 03:10 PT,1.317
2026-11-11 03:11 PT,1.327
2026-11-11 03:12 PT,1.338
2026-11-11 03:13 PT,1.349
2026-11-11 03:14 PT,1.359
2026-11-11 03:15 PT,1.37
2026-11-11 03:16 PT,1.381
2026-11-11 03:17 PT,1.392
2026-11-11 03:18 PT,1.403
2026-11-11 03:19 PT,1.414
2026-11-11 03:20 PT,1.425
2026-11-11 03:21 PT,1.436
2026-11-11 03:22 PT,1.447
2026-11-11 03:23 PT,1.459
2026-11-11 03:24 PT,1.47
2026-11-11 03:25 PT,1.481
2026-11-11 03:26 PT,1.493
2026-11-11 03:27 PT,1.504
2026-11-11 03:28 PT,1.516
2026-11-11 03:29 PT,1.527
2026-11-11 03:30 PT,1.539
2026-11-11 03:31 PT,1.55
2026-11-11 03:32 PT,1.562
2026-11-11 03:33 PT,1.574
2026-11-11 03:34 PT,1.585
2026-11-11 03:35 PT,1.597
2026-11-11 03:36 PT,1.609
2026-11-11 03:37 PT,1.621
2026-11-11 03:38 PT,1.633
2026-11-11 03:39 PT,1.645
2026-11-11 03:40 PT,1.657
2026-11-11 03:41 PT,1.669
2026-11-11 03:42 PT,1.681
2026-11-11 03:43 PT,1.693
2026-11-11 03:44 PT,1.705
2026-11-11 03:45 PT,1.717
2026-11-11 03:46 PT,1.729
2026-11-11 03:47 PT,1.741
2026-11-11 03:48 PT,1.754
2026-11-11 03:49 PT,1.766
2026-11-11 03:50 PT,1.778
2026-11-11 03:51 PT,1.791
2026-11-11 03:52 PT,1.803
2026-11-11 03:53 PT,1.815
2026-11-11 03:54 PT,1.828
2026-11-11 03:55 PT,1.84
2026-11-11 03:56 PT,1.853
2026-11-11 03:57 PT,1.865
2026-11-11 03:58 PT,1.878
2026-11-11 03:59 PT,1.891
2026-11-11 04:00 PT,1.903
2026-11-11 04:01 PT,1.916
2026-11-11 04:02 PT,1.928
2026-11-11 04:03 PT,1.941
2026-11-11 04:04 PT,1.954
2026-11-11 04:05 PT,1.967
2026-11-11 04:06 PT,1.979
2026-11-11 04:07 PT,1.992
2026-11-11 04:08 PT,2.005
2026-11-11 04:09 PT,2.018
2026-11-11 04:10 PT,2.031
2026-11-11 04:11 PT,2.043
2026-11-11 04:12 PT,2.056
2026-11-11 04:13 PT,2.069
2026-11-11 04:14 PT,2.082
2026-11-11 04:15 PT,2.095
2026-11-11 04:16 PT,2.108
2026-11-11 04:17 PT,2.121
2026-11-11 04:18 PT,2.134
2026-11-11 04:19 PT,2.147
2026-11-11 04:20 PT,2.16
2026-11-11 04:21 PT,2.173
2026-11-11 04:22 PT,2.186
2026-11-11 04:23 PT,2.199
2026-11-11 04:24 PT,2.212
2026-11-11 04:25 PT,2.226
2026-11-11 04:26 PT,2.239
2026-11-11 04:27 PT,2.252
2026-11-11 04:28 PT,2.265
2026-11-11 04:29 PT,2.278
2026-11-11 04:30 PT,2.291
2026-11-11 04:31 PT,2.305
2026-11-11 04:32 PT,2.318
2026-11-11 04:33 PT,2.331
2026-11-11 04:34 PT,2.344
2026-11-11 04:35 PT,2.358
2026-11-11 04:36 PT,2.371
2026-11-11 04:37 PT,2.384
2026-11-11 04:38 PT,2.398
2026-11-11 04:39 PT,2.411
2026-11-11 04:40 PT,2.424
2026-11-11 04:41 PT,2.437
2026-11-11 04:42 PT,2.451
2026-11-11 04:43 PT,2.464
2026-11-11 04:44 PT,2.478
2026-11-11 04:45 PT,2.491
2026-11-11 04:46 PT,2.504
2026-11-11 04:47 PT,2.518
2026-11-11 04:48 PT,2.531
2026-11-11 04:49 PT,2.544
2026-11-11 04:50 PT,2.558
2026-11-11 04:51 PT,2.571
2026-11-11 04:52 PT,2.585
2026-11-11 04:53 PT,2.598
2026-11-11 04:54 PT,2.611
2026-11-11 04:55 PT,2.625
2026-11-11 04:56 PT,2.638
2026-11-11 04:57 PT,2.652
2026-11-11 04:58 PT,2.665
2026-11-11 04:59 PT,2.679
2026-11-11 05:00 PT,2.692
2026-11-11 05:01 PT,2.705
2026-11-11 05:02 PT,2.719
2026-11-11 05:03 PT,2.732
2026-11-11 05:04 PT,2.746
2026-11-11 05:05 PT,2.759
2026-11-11 05:06 PT,2.773
2026-11-11 05:07 PT,2.786
2026-11-11 05:08 PT,2.799
2026-11-11 05:09 PT,2.813
2026-11-11 05:10 PT,2.826
2026-11-11 05:11 PT,2.84
2026-11-11 05:12 PT,2.853
2026-11-11 05:13 PT,2.866
2026-11-11 05:14 PT,2.88
2026-11-11 05:15 PT,2.893
2026-11-11 05:16 PT,2.907
2026-11-11 05:17 PT,2.92
2026-11-11 05:18 PT,2.933
2026-11-11 05:19 PT,2.947
2026-11-11 05:20 PT,2.96
2026-11-11 05:21 PT,2.973
2026-11-11 05:22 PT,2.987
2026-11-11 05:23 PT,3
2026-11-11 05:24 PT,3.013
2026-11-11 05:25 PT,3.027
2026-11-11 05:26 PT,3.04
2026-11-11 05:27 PT,3.053
2026-11-11 05:28 PT,3.067
2026-11-11 05:29 PT,3.08
2026-11-11 05:30 PT,3.093
2026-11-11 05:31 PT,3.106
2026-11-11 05:32 PT,3.12
2026-11-11 05:33 PT,3.133
2026-11-11 05:34 PT,3.146
2026-11-11 05:35 PT,3.159
2026-11-11 05:36 PT,3.172
2026-11-11 05:37 PT,3.185
2026-11-11 05:38 PT,3.198
2026-11-11 05:39 PT,3.211
2026-11-11 05:40 PT,3.225
2026-11-11 05:41 PT,3.238
2026-11-11 05:42 PT,3.251
2026-11-11 05:43 PT,3.264
2026-11-11 05:44 PT,3.277
2026-11-11 05:45 PT,3.289
2026-11-11 05:46 PT,3.302
2026-11-11 05:47 PT,3.315
2026-11-11 05:48 PT,3.328
2026-11-11 05:49 PT,3.341
2026-11-11 05:50 PT,3.354
2026-11-11 05:51 PT,3.367
2026-11-11 05:52 PT,3.379
2026-11-11 05:53 PT,3.392
2026-11-11 05:54 PT,3.405
2026-11-11 05:55 PT,3.417
2026-11-11 05:56 PT,3.43
2026-11-11 05:57 PT,3.443
2026-11-11 05:58 PT,3.455
2026-11-11 05:59 PT,3.468
2026-11-11 06:00 PT,3.48
2026-11-11 06:01 PT,3.493
2026-11-11 06:02 PT,3.505
2026-11-11 06:03 PT,3.517
2026-11-11 06:04 PT,3.53
2026-11-11 06:05 PT,3.542
2026-11-11 06:06 PT,3.554
2026-11-11 06:07 PT,3.566
2026-11-11 06:08 PT,3.579
2026-11-11 06:09 PT,3.591
2026-11-11 06:10 PT,3.603
2026-11-11 06:11 PT,3.615
2026-11-11 06:12 PT,3.627
2026-11-11 06:13 PT,3.639
2026-11-11 06:14 PT,3.651
2026-11-11 06:15 PT,3.663
2026-11-11 06:16 PT,3.674
2026-11-11 06:17 PT,3.686
2026-11-11 06:18 PT,3.698
2026-11-11 06:19 PT,3.71
2026-11-11 06:20 PT,3.721
2026-11-11 06:21 PT,3.733
2026-11-11 06:22 PT,3.744
2026-11-11 06:23 PT,3.756
2026-11-11 06:24 PT,3.767
2026-11-11 06:25 PT,3.779
2026-11-11 06:26 PT,3.79
2026-11-11 06:27 PT,3.801
2026-11-11 06:28 PT,3.812
2026-11-11 06:29 PT,3.824
2026-11-11 06:30 PT,3.835
2026-11-11 06:31 PT,3.846
2026-11-11 06:32 PT,3.857
2026-11-11 06:33 PT,3.868
2026-11-11 06:34 PT,3.878
2026-11-11 06:35 PT,3.889
2026-11-11 06:36 PT,3.9
2026-11-11 06:37 PT,3.911
2026-11-11 06:38 PT,3.921
2026-11-11 06:39 PT,3.932
2026-11-11 06:40 PT,3.942
2026-11-11 06:41 PT,3.953
2026-11-11 06:42 PT,3.963
2026-11-11 06:43 PT,3.973
2026-11-11 06:44 PT,3.984
2026-11-11 06:45 PT,3.994
2026-11-11 06:46 PT,4.004
2026-11-11 06:47 PT,4.014
2026-11-11 06:48 PT,4.024
2026-11-11 06:49 PT,4.034
2026-11-11 06:50 PT,4.044
2026-11-11 06:51 PT,4.053
2026-11-11 06:52 PT,4.063
2026-11-11 06:53 PT,4.073
2026-11-11 06:54 PT,4.082
2026-11-11 06:55 PT,4.092
2026-11-11 06:56 PT,4.101
2026-11-11 06:57 PT,4.11
2026-11-11 06:58 PT,4.12
2026-11-11 06:59 PT,4.129
2026-11-11 07:00 PT,4.138
2026-11-11 07:01 PT,4.147
2026-11-11 07:02 PT,4.156
2026-11-11 07:03 PT,4.165
2026-11-11 07:04 PT,4.174
2026-11-11 07:05 PT,4.182
2026-11-11 07:06 PT,4.191
2026-11-11 07:07 PT,4.2
2026-11-11 07:08 PT,4.208
2026-11-11 07:09 PT,4.217
2026-11-11 07:10 PT,4.225
2026-11-11 07:11 PT,4.233
2026-11-11 07:12 PT,4.241
2026-11-11 07:13 PT,4.249
2026-11-11 07:14 PT,4.257
2026-11-11 07:15 PT,4.265
2026-11-11 07:16 PT,4.273
2026-11-11 07:17 PT,4.281
2026-11-11 07:18 PT,4.289
2026-11-11 07:19 PT,4.296
2026-11-11 07:20 PT,4.304
2026-11-11 07:21 PT,4.311
2026-11-11 07:22 PT,4.319
2026-11-11 07:23 PT,4.326
2026-11-11 07:24 PT,4.333
2026-11-11 07:25 PT,4.34
2026-11-11 07:26 PT,4.347
2026-11-11 07:27 PT,4.354
2026-11-11 07:28 PT,4.361
2026-11-11 07:29 PT,4.368
2026-11-11 07:30 PT,4.375
2026-11-11 07:31 PT,4.382
2026-11-11 07:32 PT,4.388
2026-11-11 07:33 PT,4.395
2026-11-11 07:34 PT,4.401
2026-11-11 07:35 PT,4.407
2026-11-11 07:36 PT,4.413
2026-11-11 07:37 PT,4.42
2026-11-11 07:38 PT,4.426
2026-11-11 07:39 PT,4.432
2026-11-11 07:40 PT,4.437
2026-11-11 07:41 PT,4.443
2026-11-11 07:42 PT,4.449
2026-11-11 07:43 PT,4.455
2026-11-11 07:44 PT,4.46
2026-11-11 07:45 PT,4.466
2026-11-11 07:46 PT,4.471
2026-11-11 07:47 PT,4.476
2026-11-11 07:48 PT,4.481
2026-11-11 07:49 PT,4.487
2026-11-11 07:50 PT,4.492
2026-11-11 07:51 PT,4.496
2026-11-11 07:52 PT,4.501
2026-11-11 07:53 PT,4.506
2026-11-11 07:54 PT,4.511
2026-11-11 07:55 PT,4.515
2026-11-11 07:56 PT,4.52
2026-11-11 07:57 PT,4.524
2026-11-11 07:58 PT,4.529
2026-11-11 07:59 PT,4.533
2026-11-11 08:00 PT,4.537
2026-11-11 08:01 PT,4.541
2026-11-11 08:02 PT,4.545
2026-11-11 08:03 PT,4.549
2026-11-11 08:04 PT,4.553
2026-11-11 08:05 PT,4.557
2026-11-11 08:06 PT,4.56
2026-11-11 08:07 PT,4.564
2026-11-11 08:08 PT,4.567
2026-11-11 08:09 PT,4.571
2026-11-11 08:10 PT,4.574
2026-11-11 08:11 PT,4.577
2026-11-11 08:12 PT,4.581
2026-11-11 08:13 PT,4.584
2026-11-11 08:14 PT,4.587
2026-11-11 08:15 PT,4.59
2026-11-11 08:16 PT,4.592
2026-11-11 08:17 PT,4.595
2026-11-11 08:18 PT,4.598
2026-11-11 08:19 PT,4.6
2026-11-11 08:20 PT,4.603
2026-11-11 08:21 PT,4.605
2026-11-11 08:22 PT,4.608
2026-11-11 08:23 PT,4.61
2026-11-11 08:24 PT,4.612
2026-11-11 08:25 PT,4.614
2026-11-11 08:26 PT,4.616
2026-11-11 08:27 PT,4.618
2026-11-11 08:28 PT,4.62
2026-11-11 08:29 PT,4.622
2026-11-11 08:30 PT,4.623
2026-11-11 08:31 PT,4.625
2026-11-11 08:32 PT,4.627
2026-11-11 08:33 PT,4.628
2026-11-11 08:34 PT,4.629
2026-11-11 08:35 PT,4.631
2026-11-11 08:36 PT,4.632
2026-11-11 08:37 PT,4.633
2026-11-11 08:38 PT,4.634
2026-11-11 08:39 PT,4.635
2026-11-11 08:40 PT,4.636
2026-11-11 08:41 PT,4.637
2026-11-11 08:42 PT,4.638
2026-11-11 08:43 PT,4.638
2026-11-11 08:44 PT,4.639
2026-11-11 08:45 PT,4.639
2026-11-11 08:46 PT,4.64
2026-11-11 08:47 PT,4.64
2026-11-11 08:48 PT,4.641
2026-11-11 08:49 PT,4.641
2026-11-11 08:50 PT,4.641
2026-11-11 08:51 PT,4.641
2026-11-11 08:52 PT,4.641
2026-11-11 08:53 PT,4.641
2026-11-11 08:54 PT,4.641
2026-11-11 08:55 PT,4.641
2026-11-11 08:56 PT,4.64
2026-11-11 08:57 PT,4.64
2026-11-11 08:58 PT,4.64
2026-11-11 08:59 PT,4.639
2026-11-11 09:00 PT,4.639
2026-11-11 09:01 PT,4.638
2026-11-11 09:02 PT,4.637
2026-11-11 09:03 PT,4.636
2026-11-11 09:04 PT,4.636
2026-11-11 09:05 PT,4.635
2026-11-11 09:06 PT,4.634
2026-11-11 09:07 PT,4.633
2026-11-11 09:08 PT,4.632
2026-11-11 09:09 PT,4.63
2026-11-11 09:10 PT,4.629
2026-11-11 09:11 PT,4.628
2026-11-11 09:12 PT,4.626
2026-11-11 09:13 PT,4.625
2026-11-11 09:14 PT,4.623
2026-11-11 09:15 PT,4.622
2026-11-11 09:16 PT,4.62
2026-11-11 09:17 PT,4.619
2026-11-11 09:18 PT,4.617
2026-11-11 09:19 PT,4.615
2026-11-11 09:20 PT,4.613
2026-11-11 09:21 PT,4.611
2026-11-11 09:22 PT,4.609
2026-11-11 09:23 PT,4.607
2026-11-11 09:24 PT,4.605
2026-11-11 09:25 PT,4.603
2026-11-11 09:26 PT,4.601
2026-11-11 09:27 PT,4.598
2026-11-11 09:28 PT,4.596
2026-11-11 09:29 PT,4.594
2026-11-11 09:30 PT,4.591
2026-11-11 09:31 PT,4.589
2026-11-11 09:32 PT,4.586
2026-11-11 09:33 PT,4.583
2026-11-11 09:34 PT,4.581
2026-11-11 09:35 PT,4.578
2026-11-11 09:36 PT,4.575
2026-11-11 09:37 PT,4.572
2026-11-11 09:38 PT,4.569
2026-11-11 09:39 PT,4.566
2026-11-11 09:40 PT,4.563
2026-11-11 09:41 PT,4.56
2026-11-11 09:42 PT,4.557
2026-11-11 09:43 PT,4.554
2026-11-11 09:44 PT,4.551
2026-11-11 09:45 PT,4.547
2026-11-11 09:46 PT,4.544
2026-11-11 09:47 PT,4.541
2026-11-11 09:48 PT,4.537
2026-11-11 09:49 PT,4.534
2026-11-11 09:50 PT,4.53
2026-11-11 09:51 PT,4.527
2026-11-11 09:52 PT,4.523
2026-11-11 09:53 PT,4.519
2026-11-11 09:54 PT,4.516
2026-11-11 09:55 PT,4.512
2026-11-11 09:56 PT,4.508
2026-11-11 09:57 PT,4.504
2026-11-11 09:58 PT,4.5
2026-11-11 09:59 PT,4.496
2026-11-11 10:00 PT,4.493
2026-11-11 10:01 PT,4.488
2026-11-11 10:02 PT,4.484
2026-11-11 10:03 PT,4.48
2026-11-11 10:04 PT,4.476
2026-11-11 10:05 PT,4.472
2026-11-11 10:06 PT,4.468
2026-11-11 10:07 PT,4.464
2026-11-11 10:08 PT,4.459
2026-11-11 10:09 PT,4.455
2026-11-11 10:10 PT,4.451
2026-11-11 10:11 PT,4.446
2026-11-11 10:12 PT,4.442
2026-11-11 10:13 PT,4.437
2026-11-11 10:14 PT,4.433
2026-11-11 10:15 PT,4.428
2026-11-11 10:16 PT,4.424
2026-11-11 10:17 PT,4.419
2026-11-11 10:18 PT,4.414
2026-11-11 10:19 PT,4.41
2026-11-11 10:20 PT,4.405
2026-11-11 10:21 PT,4.4
2026-11-11 10:22 PT,4.395
2026-11-11 10:23 PT,4.391
2026-11-11 10:24 PT,4.386
2026-11-11 10:25 PT,4.381
2026-11-11 10:26 PT,4.376
2026-11-11 10:27 PT,4.371
2026-11-11 10:28 PT,4.366
2026-11-11 10:29 PT,4.361
2026-11-11 10:30 PT,4.356
2026-11-11 10:31 PT,4.351
2026-11-11 10:32 PT,4.346
2026-11-11 10:33 PT,4.341
2026-11-11 10:34 PT,4.336
2026-11-11 10:35 PT,4.331
2026-11-11 10:36 PT,4.325
2026-11-11 10:37 PT,4.32
2026-11-11 10:38 PT,4.315
2026-11-11 10:39 PT,4.31
2026-11-11 10:40 PT,4.305
2026-11-11 10:41 PT,4.299
2026-11-11 10:42 PT,4.294
2026-11-11 10:43 PT,4.289
2026-11-11 10:44 PT,4.283
2026-11-11 10:45 PT,4.278
2026-11-11 10:46 PT,4.273
2026-11-11 10:47 PT,4.267
2026-11-11 10:48 PT,4.262
2026-11-11 10:49 PT,4.256
2026-11-11 10:50 PT,4.251
2026-11-11 10:51 PT,4.245
2026-11-11 10:52 PT,4.24
2026-11-11 10:53 PT,4.234
2026-11-11 10:54 PT,4.229
2026-11-11 10:55 PT,4.223
2026-11-11 10:56 PT,4.218
2026-11-11 10:57 PT,4.212
2026-11-11 10:58 PT,4.207
2026-11-11 10:59 PT,4.201
2026-11-11 11:00 PT,4.196
2026-11-11 11:01 PT,4.19
2026-11-11 11:02 PT,4.184
2026-11-11 11:03 PT,4.179
2026-11-11 11:04 PT,4.173
2026-11-11 11:05 PT,4.168
2026-11-11 11:06 PT,4.162
2026-11-11 11:07 PT,4.156
2026-11-11 11:08 PT,4.151
2026-11-11 11:09 PT,4.145
2026-11-11 11:10 PT,4.139
2026-11-11 11:11 PT,4.134
2026-11-11 11:12 PT,4.128
2026-11-11 11:13 PT,4.122
2026-11-11 11:14 PT,4.117
2026-11-11 11:15 PT,4.111
2026-11-11 11:16 PT,4.105
2026-11-11 11:17 PT,4.099
2026-11-11 11:18 PT,4.094
2026-11-11 11:19 PT,4.088
2026-11-11 11:20 PT,4.082
2026-11-11 11:21 PT,4.077
2026-11-11 11:22 PT,4.071
2026-11-11 11:23 PT,4.065
2026-11-11 11:24 PT,4.059
2026-11-11 11:25 PT,4.054
2026-11-11 11:26 PT,4.048
2026-11-11 11:27 PT,4.042
2026-11-11 11:28 PT,4.037
2026-11-11 11:29 PT,4.031
2026-11-11 11:30 PT,4.025
2026-11-11 11:31 PT,4.02
2026-11-11 11:32 PT,4.014
2026-11-11 11:33 PT,4.008
2026-11-11 11:34 PT,4.003
2026-11-11 11:35 PT,3.997
2026-11-11 11:36 PT,3.991
2026-11-11 11:37 PT,3.986
2026-11-11 11:38 PT,3.98
2026-11-11 11:39 PT,3.974
2026-11-11 11:40 PT,3.969
2026-11-11 11:41 PT,3.963
2026-11-11 11:42 PT,3.957
2026-11-11 11:43 PT,3.952
2026-11-11 11:44 PT,3.946
2026-11-11 11:45 PT,3.941
2026-11-11 11:46 PT,3.935
2026-11-11 11:47 PT,3.93
2026-11-11 11:48 PT,3.924
2026-11-11 11:49 PT,3.918
2026-11-11 11:50 PT,3.913
2026-11-11 11:51 PT,3.907
2026-11-11 11:52 PT,3.902
2026-11-11 11:53 PT,3.896
2026-11-11 11:54 PT,3.891
2026-11-11 11:55 PT,3.886
2026-11-11 11:56 PT,3.88
2026-11-11 11:57 PT,3.875
2026-11-11 11:58 PT,3.869
2026-11-11 11:59 PT,3.864
2026-11-11 12:00 PT,3.859
2026-11-11 12:01 PT,3.853
2026-11-11 12:02 PT,3.848
2026-11-11 12:03 PT,3.843
2026-11-11 12:04 PT,3.837
2026-11-11 12:05 PT,3.832
2026-11-11 12:06 PT,3.827
2026-11-11 12:07 PT,3.822
2026-11-11 12:08 PT,3.816
2026-11-11 12:09 PT,3.811
2026-11-11 12:10 PT,3.806
2026-11-11 12:11 PT,3.801
2026-11-11 12:12 PT,3.796
2026-11-11 12:13 PT,3.791
2026-11-11 12:14 PT,3.786
2026-11-11 12:15 PT,3.781
2026-11-11 12:16 PT,3.776
2026-11-11 12:17 PT,3.771
2026-11-11 12:18 PT,3.766
2026-11-11 12:19 PT,3.761
2026-11-11 12:20 PT,3.756
2026-11-11 12:21 PT,3.751
2026-11-11 12:22 PT,3.746
2026-11-11 12:23 PT,3.741
2026-11-11 12:24 PT,3.737
2026-11-11 12:25 PT,3.732
2026-11-11 12:26 PT,3.727
2026-11-11 12:27 PT,3.723
2026-11-11 12:28 PT,3.718
2026-11-11 12:29 PT,3.713
2026-11-11 12:30 PT,3.709
2026-11-11 12:31 PT,3.704
2026-11-11 12:32 PT,3.7
2026-11-11 12:33 PT,3.695
2026-11-11 12:34 PT,3.691
2026-11-11 12:35 PT,3.686
2026-11-11 12:36 PT,3.682
2026-11-11 12:37 PT,3.678
2026-11-11 12:38 PT,3.673
2026-11-11 12:39 PT,3.669
2026-11-11 12:40 PT,3.665
2026-11-11 12:41 PT,3.66
2026-11-11 12:42 PT,3.656
2026-11-11 12:43 PT,3.652
2026-11-11 12:44 PT,3.648
2026-11-11 12:45 PT,3.644
2026-11-11 12:46 PT,3.64
2026-11-11 12:47 PT,3.636
2026-11-11 12:48 PT,3.632
2026-11-11 12:49 PT,3.628
2026-11-11 12:50 PT,3.624
2026-11-11 12:51 PT,3.621
2026-11-11 12:52 PT,3.617
2026-11-11 12:53 PT,3.613
2026-11-11 12:54 PT,3.609
2026-11-11 12:55 PT,3.606
2026-11-11 12:56 PT,3.602
2026-11-11 12:57 PT,3.599
2026-11-11 12:58 PT,3.595
2026-11-11 12:59 PT,3.592
2026-11-11 13:00 PT,3.588
2026-11-11 13:01 PT,3.585
2026-11-11 13:02 PT,3.582
2026-11-11 13:03 PT,3.578
2026-11-11 13:04 PT,3.575
2026-11-11 13:05 PT,3.572
2026-11-11 13:06 PT,3.569
2026-11-11 13:07 PT,3.566
2026-11-11 13:08 PT,3.563
2026-11-11 13:09 PT,3.56
2026-11-11 13:10 PT,3.557
2026-11-11 13:11 PT,3.554
2026-11-11 13:12 PT,3.551
2026-11-11 13:13 PT,3.548
2026-11-11 13:14 PT,3.546
2026-11-11 13:15 PT,3.543
2026-11-11 13:16 PT,3.54
2026-11-11 13:17 PT,3.538
2026-11-11 13:18 PT,3.535
2026-11-11 13:19 PT,3.533
2026-11-11 13:20 PT,3.53
2026-11-11 13:21 PT,3.528
2026-11-11 13:22 PT,3.525
2026-11-11 13:23 PT,3.523
2026-11-11 13:24 PT,3.521
2026-11-11 13:25 PT,3.519
2026-11-11 13:26 PT,3.516
2026-11-11 13:27 PT,3.514
2026-11-11 13:28 PT,3.512
2026-11-11 13:29 PT,3.51
2026-11-11 13:30 PT,3.508
2026-11-11 13:31 PT,3.507
2026-11-11 13:32 PT,3.505
2026-11-11 13:33 PT,3.503
2026-11-11 13:34 PT,3.501
2026-11-11 13:35 PT,3.5
2026-11-11 13:36 PT,3.498
2026-11-11 13:37 PT,3.497
2026-11-11 13:38 PT,3.495
2026-11-11 13:39 PT,3.494
2026-11-11 13:40 PT,3.492
2026-11-11 13:41 PT,3.491
2026-11-11 13:42 PT,3.49
2026-11-11 13:43 PT,3.488
2026-11-11 13:44 PT,3.487
2026-11-11 13:45 PT,3.486
2026-11-11 13:46 PT,3.485
2026-11-11 13:47 PT,3.484
2026-11-11 13:48 PT,3.483
2026-11-11 13:49 PT,3.482
2026-11-11 13:50 PT,3.481
2026-11-11 13:51 PT,3.48
2026-11-11 13:52 PT,3.48
2026-11-11 13:53 PT,3.479
2026-11-11 13:54 PT,3.478
2026-11-11 13:55 PT,3.478
2026-11-11 13:56 PT,3.477
2026-11-11 13:57 PT,3.477
2026-11-11 13:58 PT,3.476
2026-11-11 13:59 PT,3.476
2026-11-11 14:00 PT,3.476
2026-11-11 14:01 PT,3.475
2026-11-11 14:02 PT,3.475
2026-11-11 14:03 PT,3.475
2026-11-11 14:04 PT,3.475
2026-11-11 14:05 PT,3.475
2026-11-11 14:06 PT,3.475
2026-11-11 14:07 PT,3.475
2026-11-11 14:08 PT,3.475
2026-11-11 14:09 PT,3.475
2026-11-11 14:10 PT,3.475
2026-11-11 14:11 PT,3.476
2026-11-11 14:12 PT,3.476
2026-11-11 14:13 PT,3.476
2026-11-11 14:14 PT,3.477
2026-11-11 14:15 PT,3.477
2026-11-11 14:16 PT,3.478
2026-11-11 14:17 PT,3.478
2026-11-11 14:18 PT,3.479
2026-11-11 14:19 PT,3.48
2026-11-11 14:20 PT,3.48
2026-11-11 14:21 PT,3.481
2026-11-11 14:22 PT,3.482
2026-11-11 14:23 PT,3.483
2026-11-11 14:24 PT,3.483
2026-11-11 14:25 PT,3.484
2026-11-11 14:26 PT,3.485
2026-11-11 14:27 PT,3.486
2026-11-11 14:28 PT,3.487
2026-11-11 14:29 PT,3.489
2026-11-11 14:30 PT,3.49
2026-11-11 14:31 PT,3.491
2026-11-11 14:32 PT,3.492
2026-11-11 14:33 PT,3.494
2026-11-11 14:34 PT,3.495
2026-11-11 14:35 PT,3.496
2026-11-11 14:36 PT,3.498
2026-11-11 14:37 PT,3.499
2026-11-11 14:38 PT,3.501
2026-11-11 14:39 PT,3.502
2026-11-11 14:40 PT,3.504
2026-11-11 14:41 PT,3.505
2026-11-11 14:42 PT,3.507
2026-11-11 14:43 PT,3.509
2026-11-11 14:44 PT,3.51
2026-11-11 14:45 PT,3.512
2026-11-11 14:46 PT,3.514
2026-11-11 14:47 PT,3.516
2026-11-11 14:48 PT,3.518
2026-11-11 14:49 PT,3.52
2026-11-11 14:50 PT,3.522
2026-11-11 14:51 PT,3.524
2026-11-11 14:52 PT,3.526
2026-11-11 14:53 PT,3.528
2026-11-11 14:54 PT,3.53
2026-11-11 14:55 PT,3.532
2026-11-11 14:56 PT,3.534
2026-11-11 14:57 PT,3.536
2026-11-11 14:58 PT,3.538
2026-11-11 14:59 PT,3.541
2026-11-11 15:00 PT,3.543
2026-11-11 15:01 PT,3.545
2026-11-11 15:02 PT,3.548
2026-11-11 15:03 PT,3.55
2026-11-11 15:04 PT,3.552
2026-11-11 15:05 PT,3.555
2026-11-11 15:06 PT,3.557
2026-11-11 15:07 PT,3.56
2026-11-11 15:08 PT,3.562
2026-11-11 15:09 PT,3.565
2026-11-11 15:10 PT,3.567
2026-11-11 15:11 PT,3.57
2026-11-11 15:12 PT,3.572
2026-11-11 15:13 PT,3.575
2026-11-11 15:14 PT,3.578
2026-11-11 15:15 PT,3.58
2026-11-11 15:16 PT,3.583
2026-11-11 15:17 PT,3.586
2026-11-11 15:18 PT,3.589
2026-11-11 15:19 PT,3.591
2026-11-11 15:20 PT,3.594
2026-11-11 15:21 PT,3.597
2026-11-11 15:22 PT,3.6
2026-11-11 15:23 PT,3.602
2026-11-11 15:24 PT,3.605
2026-11-11 15:25 PT,3.608
2026-11-11 15:26 PT,3.611
2026-11-11 15:27 PT,3.614
2026-11-11 15:28 PT,3.617
2026-11-11 15:29 PT,3.62
2026-11-11 15:30 PT,3.623
2026-11-11 15:31 PT,3.625
2026-11-11 15:32 PT,3.628
2026-11-11 15:33 PT,3.631
2026-11-11 15:34 PT,3.634
2026-11-11 15:35 PT,3.637
2026-11-11 15:36 PT,3.64
2026-11-11 15:37 PT,3.643
2026-11-11 15:38 PT,3.646
2026-11-11 15:39 PT,3.649
2026-11-11 15:40 PT,3.652
2026-11-11 15:41 PT,3.655
2026-11-11 15:42 PT,3.659
2026-11-11 15:43 PT,3.662
2026-11-11 15:44 PT,3.665
2026-11-11 15:45 PT,3.668
2026-11-11 15:46 PT,3.671
2026-11-11 15:47 PT,3.674
2026-11-11 15:48 PT,3.677
2026-11-11 15:49 PT,3.68
2026-11-11 15:50 PT,3.683
2026-11-11 15:51 PT,3.686
2026-11-11 15:52 PT,3.689
2026-11-11 15:53 PT,3.693
2026-11-11 15:54 PT,3.696
2026-11-11 15:55 PT,3.699
2026-11-11 15:56 PT,3.702
2026-11-11 15:57 PT,3.705
2026-11-11 15:58 PT,3.708
2026-11-11 15:59 PT,3.711
2026-11-11 16:00 PT,3.714
2026-11-11 16:01 PT,3.718
2026-11-11 16:02 PT,3.721
2026-11-11 16:03 PT,3.724
2026-11-11 16:04 PT,3.727
2026-11-11 16:05 PT,3.73
2026-11-11 16:06 PT,3.733
2026-11-11 16:07 PT,3.736
2026-11-11 16:08 PT,3.739
2026-11-11 16:09 PT,3.742
2026-11-11 16:10 PT,3.746
2026-11-11 16:11 PT,3.749
2026-11-11 16:12 PT,3.752
2026-11-11 16:13 PT,3.755
2026-11-11 16:14 PT,3.758
2026-11-11 16:15 PT,3.761
2026-11-11 16:16 PT,3.764
2026-11-11 16:17 PT,3.767
2026-11-11 16:18 PT,3.77
2026-11-11 16:19 PT,3.773
2026-11-11 16:20 PT,3.776
2026-11-11 16:21 PT,3.78
2026-11-11 16:22 PT,3.783
2026-11-11 16:23 PT,3.786
2026-11-11 16:24 PT,3.789
2026-11-11 16:25 PT,3.792
2026-11-11 16:26 PT,3.795
2026-11-11 16:27 PT,3.798
2026-11-11 16:28 PT,3.801
2026-11-11 16:29 PT,3.804
2026-11-11 16:30 PT,3.807
2026-11-11 16:31 PT,3.81
2026-11-11 16:32 PT,3.813
2026-11-11 16:33 PT,3.816
2026-11-11 16:34 PT,3.819
2026-11-11 16:35 PT,3.821
2026-11-11 16:36 PT,3.824
2026-11-11 16:37 PT,3.827
2026-11-11 16:38 PT,3.83
2026-11-11 16:39 PT,3.833
2026-11-11 16:40 PT,3.836
2026-11-11 16:41 PT,3.839
2026-11-11 16:42 PT,3.842
2026-11-11 16:43 PT,3.845
2026-11-11 16:44 PT,3.847
2026-11-11 16:45 PT,3.85
2026-11-11 16:46 PT,3.853
2026-11-11 16:47 PT,3.856
2026-11-11 16:48 PT,3.859
2026-11-11 16:49 PT,3.861
2026-11-11 16:50 PT,3.864
2026-11-11 16:51 PT,3.867
2026-11-11 16:52 PT,3.869
2026-11-11 16:53 PT,3.872
2026-11-11 16:54 PT,3.875
2026-11-11 16:55 PT,3.877
2026-11-11 16:56 PT,3.88
2026-11-11 16:57 PT,3.883
2026-11-11 16:58 PT,3.885
2026-11-11 16:59 PT,3.888
2026-11-11 17:00 PT,3.891
2026-11-11 17:01 PT,3.893
2026-11-11 17:02 PT,3.896
2026-11-11 17:03 PT,3.898
2026-11-11 17:04 PT,3.901
2026-11-11 17:05 PT,3.903
2026-11-11 17:06 PT,3.906
2026-11-11 17:07 PT,3.908
2026-11-11 17:08 PT,3.91
2026-11-11 17:09 PT,3.913
2026-11-11 17:10 PT,3.915
2026-11-11 17:11 PT,3.918
2026-11-11 17:12 PT,3.92
2026-11-11 17:13 PT,3.922
2026-11-11 17:14 PT,3.924
2026-11-11 17:15 PT,3.927
2026-11-11 17:16 PT,3.929
2026-11-11 17:17 PT,3.931
2026-11-11 17:18 PT,3.933
2026-11-11 17:19 PT,3.935
2026-11-11 17:20 PT,3.938
2026-11-11 17:21 PT,3.94
2026-11-11 17:22 PT,3.942
2026-11-11 17:23 PT,3.944
2026-11-11 17:24 PT,3.946
2026-11-11 17:25 PT,3.948
2026-11-11 17:26 PT,3.95
2026-11-11 17:27 PT,3.952
2026-11-11 17:28 PT,3.954
2026-11-11 17:29 PT,3.956
2026-11-11 17:30 PT,3.957
2026-11-11 17:31 PT,3.959
2026-11-11 17:32 PT,3.961
2026-11-11 17:33 PT,3.963
2026-11-11 17:34 PT,3.965
2026-11-11 17:35 PT,3.966
2026-11-11 17:36 PT,3.968
2026-11-11 17:37 PT,3.97
2026-11-11 17:38 PT,3.971
2026-11-11 17:39 PT,3.973
2026-11-11 17:40 PT,3.974
2026-11-11 17:41 PT,3.976
2026-11-11 17:42 PT,3.977
2026-11-11 17:43 PT,3.979
2026-11-11 17:44 PT,3.98
2026-11-11 17:45 PT,3.982
2026-11-11 17:46 PT,3.983
2026-11-11 17:47 PT,3.984
2026-11-11 17:48 PT,3.985
2026-11-11 17:49 PT,3.987
2026-11-11 17:50 PT,3.988
2026-11-11 17:51 PT,3.989
2026-11-11 17:52 PT,3.99
2026-11-11 17:53 PT,3.991
2026-11-11 17:54 PT,3.992
2026-11-11 17:55 PT,3.993
2026-11-11 17:56 PT,3.994
2026-11-11 17:57 PT,3.995
2026-11-11 17:58 PT,3.996
2026-11-11 17:59 PT,3.997
2026-11-11 18:00 PT,3.997
2026-11-11 18:01 PT,3.998
2026-11-11 18:02 PT,3.999
2026-11-11 18:03 PT,3.999
2026-11-11 18:04 PT,4
2026-11-11 18:05 PT,4
2026-11-11 18:06 PT,4.001
2026-11-11 18:07 PT,4.001
2026-11-11 18:08 PT,4.002
2026-11-11 18:09 PT,4.002
2026-11-11 18:10 PT,4.002
2026-11-11 18:11 PT,4.003
2026-11-11 18:12 PT,4.003
2026-11-11 18:13 PT,4.003
2026-11-11 18:14 PT,4.003
2026-11-11 18:15 PT,4.003
2026-11-11 18:16 PT,4.003
2026-11-11 18:17 PT,4.003
2026-11-11 18:18 PT,4.003
2026-11-11 18:19 PT,4.003
2026-11-11 18:20 PT,4.002
2026-11-11 18:21 PT,4.002
2026-11-11 18:22 PT,4.002
2026-11-11 18:23 PT,4.001
2026-11-11 18:24 PT,4.001
2026-11-11 18:25 PT,4
2026-11-11 18:26 PT,4
2026-11-11 18:27 PT,3.999
2026-11-11 18:28 PT,3.999
2026-11-11 18:29 PT,3.998
2026-11-11 18:30 PT,3.997
2026-11-11 18:31 PT,3.996
2026-11-11 18:32 PT,3.995
2026-11-11 18:33 PT,3.994
2026-11-11 18:34 PT,3.993
2026-11-11 18:35 PT,3.992
2026-11-11 18:36 PT,3.991
2026-11-11 18:37 PT,3.99
2026-11-11 18:38 PT,3.989
2026-11-11 18:39 PT,3.987
2026-11-11 18:40 PT,3.986
2026-11-11 18:41 PT,3.984
2026-11-11 18:42 PT,3.983
2026-11-11 18:43 PT,3.981
2026-11-11 18:44 PT,3.98
2026-11-11 18:45 PT,3.978
2026-11-11 18:46 PT,3.976
2026-11-11 18:47 PT,3.974
2026-11-11 18:48 PT,3.973
2026-11-11 18:49 PT,3.971
2026-11-11 18:50 PT,3.969
2026-11-11 18:51 PT,3.966
2026-11-11 18:52 PT,3.964
2026-11-11 18:53 PT,3.962
2026-11-11 18:54 PT,3.96
2026-11-11 18:55 PT,3.957
2026-11-11 18:56 PT,3.955
2026-11-11 18:57 PT,3.953
2026-11-11 18:58 PT,3.95
2026-11-11 18:59 PT,3.947
2026-11-11 19:00 PT,3.945
2026-11-11 19:01 PT,3.942
2026-11-11 19:02 PT,3.939
2026-11-11 19:03 PT,3.936
2026-11-11 19:04 PT,3.933
2026-11-11 19:05 PT,3.93
2026-11-11 19:06 PT,3.927
2026-11-11 19:07 PT,3.924
2026-11-11 19:08 PT,3.921
2026-11-11 19:09 PT,3.917
2026-11-11 19:10 PT,3.914
2026-11-11 19:11 PT,3.911
2026-11-11 19:12 PT,3.907
2026-11-11 19:13 PT,3.904
2026-11-11 19:14 PT,3.9
2026-11-11 19:15 PT,3.896
2026-11-11 19:16 PT,3.892
2026-11-11 19:17 PT,3.889
2026-11-11 19:18 PT,3.885
2026-11-11 19:19 PT,3.881
2026-11-11 19:20 PT,3.877
2026-11-11 19:21 PT,3.872
2026-11-11 19:22 PT,3.868
2026-11-11 19:23 PT,3.864
2026-11-11 19:24 PT,3.86
2026-11-11 19:25 PT,3.855
2026-11-11 19:26 PT,3.851
2026-11-11 19:27 PT,3.846
2026-11-11 19:28 PT,3.842
2026-11-11 19:29 PT,3.837
2026-11-11 19:30 PT,3.832
2026-11-11 19:31 PT,3.828
2026-11-11 19:32 PT,3.823
2026-11-11 19:33 PT,3.818
2026-11-11 19:34 PT,3.813
2026-11-11 19:35 PT,3.808
2026-11-11 19:36 PT,3.803
2026-11-11 19:37 PT,3.797
2026-11-11 19:38 PT,3.792
2026-11-11 19:39 PT,3.787
2026-11-11 19:40 PT,3.781
2026-11-11 19:41 PT,3.776
2026-11-11 19:42 PT,3.771
2026-11-11 19:43 PT,3.765
2026-11-11 19:44 PT,3.759
2026-11-11 19:45 PT,3.754
2026-11-11 19:46 PT,3.748
2026-11-11 19:47 PT,3.742
2026-11-11 19:48 PT,3.736
2026-11-11 19:49 PT,3.73
2026-11-11 19:50 PT,3.724
2026-11-11 19:51 PT,3.718
2026-11-11 19:52 PT,3.712
2026-11-11 19:53 PT,3.706
2026-11-11 19:54 PT,3.699
2026-11-11 19:55 PT,3.693
2026-11-11 19:56 PT,3.687
2026-11-11 19:57 PT,3.68
2026-11-11 19:58 PT,3.674
2026-11-11 19:59 PT,3.667
2026-11-11 20:00 PT,3.661
2026-11-11 20:01 PT,3.654
2026-11-11 20:02 PT,3.647
2026-11-11 20:03 PT,3.641
2026-11-11 20:04 PT,3.634
2026-11-11 20:05 PT,3.627
2026-11-11 20:06 PT,3.62
2026-11-11 20:07 PT,3.613
2026-11-11 20:08 PT,3.606
2026-11-11 20:09 PT,3.599
2026-11-11 20:10 PT,3.592
2026-11-11 20:11 PT,3.584
2026-11-11 20:12 PT,3.577
2026-11-11 20:13 PT,3.57
2026-11-11 20:14 PT,3.562
2026-11-11 20:15 PT,3.555
2026-11-11 20:16 PT,3.547
2026-11-11 20:17 PT,3.54
2026-11-11 20:18 PT,3.532
2026-11-11 20:19 PT,3.525
2026-11-11 20:20 PT,3.517
2026-11-11 20:21 PT,3.509
2026-11-11 20:22 PT,3.502
2026-11-11 20:23 PT,3.494
2026-11-11 20:24 PT,3.486
2026-11-11 20:25 PT,3.478
2026-11-11 20:26 PT,3.47
2026-11-11 20:27 PT,3.462
2026-11-11 20:28 PT,3.454
2026-11-11 20:29 PT,3.446
2026-11-11 20:30 PT,3.438
2026-11-11 20:31 PT,3.43
2026-11-11 20:32 PT,3.421
2026-11-11 20:33 PT,3.413
2026-11-11 20:34 PT,3.405
2026-11-11 20:35 PT,3.397
2026-11-11 20:36 PT,3.388
2026-11-11 20:37 PT,3.38
2026-11-11 20:38 PT,3.371
2026-11-11 20:39 PT,3.363
2026-11-11 20:40 PT,3.354
2026-11-11 20:41 PT,3.346
2026-11-11 20:42 PT,3.337
2026-11-11 20:43 PT,3.328
2026-11-11 20:44 PT,3.32
2026-11-11 20:45 PT,3.311
2026-11-11 20:46 PT,3.302
2026-11-11 20:47 PT,3.293
2026-11-11 20:48 PT,3.285
2026-11-11 20:49 PT,3.276
2026-11-11 20:50 PT,3.267
2026-11-11 20:51 PT,3.258
2026-11-11 20:52 PT,3.249
2026-11-11 20:53 PT,3.24
2026-11-11 20:54 PT,3.231
2026-11-11 20:55 PT,3.222
2026-11-11 20:56 PT,3.213
2026-11-11 20:57 PT,3.204
2026-11-11 20:58 PT,3.195
2026-11-11 20:59 PT,3.185
2026-11-11 21:00 PT,3.176
2026-11-11 21:01 PT,3.167
2026-11-11 21:02 PT,3.158
2026-11-11 21:03 PT,3.148
2026-11-11 21:04 PT,3.139
2026-11-11 21:05 PT,3.13
2026-11-11 21:06 PT,3.12
2026-11-11 21:07 PT,3.111
2026-11-11 21:08 PT,3.102
2026-11-11 21:09 PT,3.092
2026-11-11 21:10 PT,3.083
2026-11-11 21:11 PT,3.073
2026-11-11 21:12 PT,3.064
2026-11-11 21:13 PT,3.054
2026-11-11 21:14 PT,3.045
2026-11-11 21:15 PT,3.035
2026-11-11 21:16 PT,3.025
2026-11-11 21:17 PT,3.016
2026-11-11 21:18 PT,3.006
2026-11-11 21:19 PT,2.996
2026-11-11 21:20 PT,2.987
2026-11-11 21:21 PT,2.977
2026-11-11 21:22 PT,2.967
2026-11-11 21:23 PT,2.958
2026-11-11 21:24 PT,2.948
2026-11-11 21:25 PT,2.938
2026-11-11 21:26 PT,2.928
2026-11-11 21:27 PT,2.918
2026-11-11 21:28 PT,2.908
2026-11-11 21:29 PT,2.899
2026-11-11 21:30 PT,2.889
2026-11-11 21:31 PT,2.879
2026-11-11 21:32 PT,2.869
2026-11-11 21:33 PT,2.859
2026-11-11 21:34 PT,2.849
2026-11-11 21:35 PT,2.839
2026-11-11 21:36 PT,2.829
2026-11-11 21:37 PT,2.819
2026-11-11 21:38 PT,2.809
2026-11-11 21:39 PT,2.799
2026-11-11 21:40 PT,2.789
2026-11-11 21:41 PT,2.779
2026-11-11 21:42 PT,2.769
2026-11-11 21:43 PT,2.759
2026-11-11 21:44 PT,2.749
2026-11-11 21:45 PT,2.739
2026-11-11 21:46 PT,2.728
2026-11-11 21:47 PT,2.718
2026-11-11 21:48 PT,2.708
2026-11-11 21:49 PT,2.698
2026-11-11 21:50 PT,2.688
2026-11-11 21:51 PT,2.678
2026-11-11 21:52 PT,2.667
2026-11-11 21:53 PT,2.657
2026-11-11 21:54 PT,2.647
2026-11-11 21:55 PT,2.637
2026-11-11 21:56 PT,2.627
2026-11-11 21:57 PT,2.616
2026-11-11 21:58 PT,2.606
2026-11-11 21:59 PT,2.596
2026-11-11 22:00 PT,2.586
2026-11-11 22:01 PT,2.575
2026-11-11 22:02 PT,2.565
2026-11-11 22:03 PT,2.555
2026-11-11 22:04 PT,2.544
2026-11-11 22:05 PT,2.534
2026-11-11 22:06 PT,2.524
2026-11-11 22:07 PT,2.513
2026-11-11 22:08 PT,2.503
2026-11-11 22:09 PT,2.493
2026-11-11 22:10 PT,2.482
2026-11-11 22:11 PT,2.472
2026-11-11 22:12 PT,2.462
2026-11-11 22:13 PT,2.451
2026-11-11 22:14 PT,2.441
2026-11-11 22:15 PT,2.431
2026-11-11 22:16 PT,2.42
2026-11-11 22:17 PT,2.41
2026-11-11 22:18 PT,2.399
2026-11-11 22:19 PT,2.389
2026-11-11 22:20 PT,2.379
2026-11-11 22:21 PT,2.368
2026-11-11 22:22 PT,2.358
2026-11-11 22:23 PT,2.347
2026-11-11 22:24 PT,2.337
2026-11-11 22:25 PT,2.327
2026-11-11 22:26 PT,2.316
2026-11-11 22:27 PT,2.306
2026-11-11 22:28 PT,2.295
2026-11-11 22:29 PT,2.285
2026-11-11 22:30 PT,2.274
2026-11-11 22:31 PT,2.264
2026-11-11 22:32 PT,2.254
2026-11-11 22:33 PT,2.243
2026-11-11 22:34 PT,2.233
2026-11-11 22:35 PT,2.222
2026-11-11 22:36 PT,2.212
2026-11-11 22:37 PT,2.201
2026-11-11 22:38 PT,2.191
2026-11-11 22:39 PT,2.181
2026-11-11 22:40 PT,2.17
2026-11-11 22:41 PT,2.16
2026-11-11 22:42 PT,2.149
2026-11-11 22:43 PT,2.139
2026-11-11 22:44 PT,2.128
2026-11-11 22:45 PT,2.118
2026-11-11 22:46 PT,2.108
2026-11-11 22:47 PT,2.097
2026-11-11 22:48 PT,2.087
2026-11-11 22:49 PT,2.076
2026-11-11 22:50 PT,2.066
2026-11-11 22:51 PT,2.056
2026-11-11 22:52 PT,2.045
2026-11-11 22:53 PT,2.035
2026-11-11 22:54 PT,2.024
2026-11-11 22:55 PT,2.014
2026-11-11 22:56 PT,2.004
2026-11-11 22:57 PT,1.993
2026-11-11 22:58 PT,1.983
2026-11-11 22:59 PT,1.972
2026-11-11 23:00 PT,1.962
2026-11-11 23:01 PT,1.952
2026-11-11 23:02 PT,1.941
2026-11-11 23:03 PT,1.931
2026-11-11 23:04 PT,1.921
2026-11-11 23:05 PT,1.91
2026-11-11 23:06 PT,1.9
2026-11-11 23:07 PT,1.89
2026-11-11 23:08 PT,1.88
2026-11-11 23:09 PT,1.869
2026-11-11 23:10 PT,1.859
2026-11-11 23:11 PT,1.849
2026-11-11 23:12 PT,1.839
2026-11-11 23:13 PT,1.828
2026-11-11 23:14 PT,1.818
2026-11-11 23:15 PT,1.808
2026-11-11 23:16 PT,1.798
2026-11-11 23:17 PT,1.788
2026-11-11 23:18 PT,1.777
2026-11-11 23:19 PT,1.767
2026-11-11 23:20 PT,1.757
2026-11-11 23:21 PT,1.747
2026-11-11 23:22 PT,1.737
2026-11-11 23:23 PT,1.727
2026-11-11 23:24 PT,1.717
2026-11-11 23:25 PT,1.707
2026-11-11 23:26 PT,1.697
2026-11-11 23:27 PT,1.687
2026-11-11 23:28 PT,1.677
2026-11-11 23:29 PT,1.667
2026-11-11 23:30 PT,1.657
2026-11-11 23:31 PT,1.647
2026-11-11 23:32 PT,1.637
2026-11-11 23:33 PT,1.627
2026-11-11 23:34 PT,1.617
2026-11-11 23:35 PT,1.607
2026-11-11 23:36 PT,1.597
2026-11-11 23:37 PT,1.587
2026-11-11 23:38 PT,1.578
2026-11-11 23:39 PT,1.568
2026-11-11 23:40 PT,1.558
2026-11-11 23:41 PT,1.548
2026-11-11 23:42 PT,1.539
2026-11-11 23:43 PT,1.529
2026-11-11 23:44 PT,1.519
2026-11-11 23:45 PT,1.51
2026-11-11 23:46 PT,1.5
2026-11-11 23:47 PT,1.491
2026-11-11 23:48 PT,1.481
2026-11-11 23:49 PT,1.472
2026-11-11 23:50 PT,1.462
2026-11-11 23:51 PT,1.453
2026-11-11 23:52 PT,1.443
2026-11-11 23:53 PT,1.434
2026-11-11 23:54 PT,1.425
2026-11-11 23:55 PT,1.415
2026-11-11 23:56 PT,1.406
2026-11-11 23:57 PT,1.397
2026-11-11 23:58 PT,1.388
2026-11-11 23:59 PT,1.379
2026-11-12 00:00 PT,1.369
2026-11-12 00:01 PT,1.36
2026-11-12 00:02 PT,1.351
2026-11-12 00:03 PT,1.342
2026-11-12 00:04 PT,1.333
2026-11-12 00:05 PT,1.324
2026-11-12 00:06 PT,1.315
2026-11-12 00:07 PT,1.307
2026-11-12 00:08 PT,1.298
2026-11-12 00:09 PT,1.289
2026-11-12 00:10 PT,1.28
2026-11-12 00:11 PT,1.272
2026-11-12 00:12 PT,1.263
2026-11-12 00:13 PT,1.254
2026-11-12 00:14 PT,1.246
2026-11-12 00:15 PT,1.237
2026-11-12 00:16 PT,1.229
2026-11-12 00:17 PT,1.22
2026-11-12 00:18 PT,1.212
2026-11-12 00:19 PT,1.204
2026-11-12 00:20 PT,1.195
2026-11-12 00:21 PT,1.187
2026-11-12 00:22 PT,1.179
2026-11-12 00:23 PT,1.171
2026-11-12 00:24 PT,1.163
2026-11-12 00:25 PT,1.155
2026-11-12 00:26 PT,1.147
2026-11-12 00:27 PT,1.139
2026-11-12 00:28 PT,1.131
2026-11-12 00:29 PT,1.123
2026-11-12 00:30 PT,1.116
2026-11-12 00:31 PT,1.108
2026-11-12 00:32 PT,1.1
2026-11-12 00:33 PT,1.093
2026-11-12 00:34 PT,1.085
2026-11-12 00:35 PT,1.078
2026-11-12 00:36 PT,1.071
2026-11-12 00:37 PT,1.063
2026-11-12 00:38 PT,1.056
2026-11-12 00:39 PT,1.049
2026-11-12 00:40 PT,1.042
2026-11-12 00:41 PT,1.035
2026-11-12 00:42 PT,1.028
2026-11-12 00:43 PT,1.021
2026-11-12 00:44 PT,1.014
2026-11-12 00:45 PT,1.007
2026-11-12 00:46 PT,1.001
2026-11-12 00:47 PT,0.994
2026-11-12 00:48 PT,0.987
2026-11-12 00:49 PT,0.981
2026-11-12 00:50 PT,0.974
2026-11-12 00:51 PT,0.968
2026-11-12 00:52 PT,0.962
2026-11-12 00:53 PT,0.956
2026-11-12 00:54 PT,0.95
2026-11-12 00:55 PT,0.944
2026-11-12 00:56 PT,0.938
2026-11-12 00:57 PT,0.932
2026-11-12 00:58 PT,0.926
2026-11-12 00:59 PT,0.92
2026-11-12 01:00 PT,0.914
2026-11-12 01:01 PT,0.909
2026-11-12 01:02 PT,0.903
2026-11-12 01:03 PT,0.898
2026-11-12 01:04 PT,0.893
2026-11-12 01:05 PT,0.887
2026-11-12 01:06 PT,0.882
2026-11-12 01:07 PT,0.877
2026-11-12 01:08 PT,0.872
2026-11-12 01:09 PT,0.867
2026-11-12 01:10 PT,0.862
2026-11-12 01:11 PT,0.858
2026-11-12 01:12 PT,0.853
2026-11-12 01:13 PT,0.849
2026-11-12 01:14 PT,0.844
2026-11-12 01:15 PT,0.84
2026-11-12 01:16 PT,0.835
2026-11-12 01:17 PT,0.831
2026-11-12 01:18 PT,0.827
2026-11-12 01:19 PT,0.823
2026-11-12 01:20 PT,0.819
2026-11-12 01:21 PT,0.815
2026-11-12 01:22 PT,0.812
2026-11-12 01:23 PT,0.808
2026-11-12 01:24 PT,0.805
2026-11-12 01:25 PT,0.801
2026-11-12 01:26 PT,0.798
2026-11-12 01:27 PT,0.795
2026-11-12 01:28 PT,0.791
2026-11-12 01:29 PT,0.788
2026-11-12 01:30 PT,0.785
2026-11-12 01:31 PT,0.783
2026-11-12 01:32 PT,0.78
2026-11-12 01:33 PT,0.777
2026-11-12 01:34 PT,0.775
2026-11-12 01:35 PT,0.772
2026-11-12 01:36 PT,0.77
2026-11-12 01:37 PT,0.768
2026-11-12 01:38 PT,0.766
2026-11-12 01:39 PT,0.764
2026-11-12 01:40 PT,0.762
2026-11-12 01:41 PT,0.76
2026-11-12 01:42 PT,0.758
2026-11-12 01:43 PT,0.757
2026-11-12 01:44 PT,0.755
2026-11-12 01:45 PT,0.754
2026-11-12 01:46 PT,0.752
2026-11-12 01:47 PT,0.751
2026-11-12 01:48 PT,0.75
2026-11-12 01:49 PT,0.749
2026-11-12 01:50 PT,0.748
2026-11-12 01:51 PT,0.748
2026-11-12 01:52 PT,0.747
2026-11-12 01:53 PT,0.747
2026-11-12 01:54 PT,0.746
2026-11-12 01:55 PT,0.746
2026-11-12 01:56 PT,0.746
2026-11-12 01:57 PT,0.746
2026-11-12 01:58 PT,0.746
2026-11-12 01:59 PT,0.746
2026-11-12 02:00 PT,0.746
2026-11-12 02:01 PT,0.746
2026-11-12 02:02 PT,0.747
2026-11-12 02:03 PT,0.747
2026-11-12 02:04 PT,0.748
2026-11-12 02:05 PT,0.749
2026-11-12 02:06 PT,0.75
2026-11-12 02:07 PT,0.751
2026-11-12 02:08 PT,0.752
2026-11-12 02:09 PT,0.753
2026-11-12 02:10 PT,0.755
2026-11-12 02:11 PT,0.756
2026-11-12 02:12 PT,0.758
2026-11-12 02:13 PT,0.76
2026-11-12 02:14 PT,0.761
2026-11-12 02:15 PT,0.763
2026-11-12 02:16 PT,0.765
2026-11-12 02:17 PT,0.767
2026-11-12 02:18 PT,0.77
2026-11-12 02:19 PT,0.772
2026-11-12 02:20 PT,0.775
2026-11-12 02:21 PT,0.777
2026-11-12 02:22 PT,0.78
2026-11-12 02:23 PT,0.783
2026-11-12 02:24 PT,0.786
2026-11-12 02:25 PT,0.789
2026-11-12 02:26 PT,0.792
2026-11-12 02:27 PT,0.795
2026-11-12 02:28 PT,0.799
2026-11-12 02:29 PT,0.802
2026-11-12 02:30 PT,0.806
2026-11-12 02:31 PT,0.809
2026-11-12 02:32 PT,0.813
2026-11-12 02:33 PT,0.817
2026-11-12 02:34 PT,0.821
2026-11-12 02:35 PT,0.825
2026-11-12 02:36 PT,0.83
2026-11-12 02:37 PT,0.834
2026-11-12 02:38 PT,0.838
2026-11-12 02:39 PT,0.843
2026-11-12 02:40 PT,0.848
2026-11-12 02:41 PT,0.852
2026-11-12 02:42 PT,0.857
2026-11-12 02:43 PT,0.862
2026-11-12 02:44 PT,0.867
2026-11-12 02:45 PT,0.873
2026-11-12 02:46 PT,0.878
2026-11-12 02:47 PT,0.883
2026-11-12 02:48 PT,0.889
2026-11-12 02:49 PT,0.894
2026-11-12 02:50 PT,0.9
2026-11-12 02:51 PT,0.906
2026-11-12 02:52 PT,0.912
2026-11-12 02:53 PT,0.918
2026-11-12 02:54 PT,0.924
2026-11-12 02:55 PT,0.93
2026-11-12 02:56 PT,0.937
2026-11-12 02:57 PT,0.943
2026-11-12 02:58 PT,0.949
2026-11-12 02:59 PT,0.956
2026-11-12 03:00 PT,0.963
2026-11-12 03:01 PT,0.97
2026-11-12 03:02 PT,0.976
2026-11-12 03:03 PT,0.983
2026-11-12 03:04 PT,0.991
2026-11-12 03:05 PT,0.998
2026-11-12 03:06 PT,1.005
2026-11-12 03:07 PT,1.012
2026-11-12 03:08 PT,1.02
2026-11-12 03:09 PT,1.027
2026-11-12 03:10 PT,1.035
2026-11-12 03:11 PT,1.043
2026-11-12 03:12 PT,1.05
2026-11-12 03:13 PT,1.058
2026-11-12 03:14 PT,1.066
2026-11-12 03:15 PT,1.074
2026-11-12 03:16 PT,1.082
2026-11-12 03:17 PT,1.091
2026-11-12 03:18 PT,1.099
2026-11-12 03:19 PT,1.107
2026-11-12 03:20 PT,1.116
2026-11-12 03:21 PT,1.124
2026-11-12 03:22 PT,1.133
2026-11-12 03:23 PT,1.142
2026-11-12 03:24 PT,1.15
2026-11-12 03:25 PT,1.159
2026-11-12 03:26 PT,1.168
2026-11-12 03:27 PT,1.177
2026-11-12 03:28 PT,1.186
2026-11-12 03:29 PT,1.195
2026-11-12 03:30 PT,1.205
2026-11-12 03:31 PT,1.214
2026-11-12 03:32 PT,1.223
2026-11-12 03:33 PT,1.233
2026-11-12 03:34 PT,1.242
2026-11-12 03:35 PT,1.252
2026-11-12 03:36 PT,1.262
2026-11-12 03:37 PT,1.271
2026-11-12 03:38 PT,1.281
2026-11-12 03:39 PT,1.291
2026-11-12 03:40 PT,1.301
2026-11-12 03:41 PT,1.311
2026-11-12 03:42 PT,1.321
2026-11-12 03:43 PT,1.331
2026-11-12 03:44 PT,1.341
2026-11-12 03:45 PT,1.351
2026-11-12 03:46 PT,1.362
2026-11-12 03:47 PT,1.372
2026-11-12 03:48 PT,1.382
2026-11-12 03:49 PT,1.393
2026-11-12 03:50 PT,1.403
2026-11-12 03:51 PT,1.414
2026-11-12 03:52 PT,1.424
2026-11-12 03:53 PT,1.435
2026-11-12 03:54 PT,1.446
2026-11-12 03:55 PT,1.457
2026-11-12 03:56 PT,1.467
2026-11-12 03:57 PT,1.478
2026-11-12 03:58 PT,1.489
2026-11-12 03:59 PT,1.5
2026-11-12 04:00 PT,1.511
2026-11-12 04:01 PT,1.522
2026-11-12 04:02 PT,1.534
2026-11-12 04:03 PT,1.545
2026-11-12 04:04 PT,1.556
2026-11-12 04:05 PT,1.567
2026-11-12 04:06 PT,1.578
2026-11-12 04:07 PT,1.59
2026-11-12 04:08 PT,1.601
2026-11-12 04:09 PT,1.613
2026-11-12 04:10 PT,1.624
2026-11-12 04:11 PT,1.636
2026-11-12 04:12 PT,1.647
2026-11-12 04:13 PT,1.659
2026-11-12 04:14 PT,1.67
2026-11-12 04:15 PT,1.682
2026-11-12 04:16 PT,1.694
2026-11-12 04:17 PT,1.706
2026-11-12 04:18 PT,1.717
2026-11-12 04:19 PT,1.729
2026-11-12 04:20 PT,1.741
2026-11-12 04:21 PT,1.753
2026-11-12 04:22 PT,1.765
2026-11-12 04:23 PT,1.777
2026-11-12 04:24 PT,1.789
2026-11-12 04:25 PT,1.801
2026-11-12 04:26 PT,1.813
2026-11-12 04:27 PT,1.825
2026-11-12 04:28 PT,1.837
2026-11-12 04:29 PT,1.849
2026-11-12 04:30 PT,1.861
2026-11-12 04:31 PT,1.874
2026-11-12 04:32 PT,1.886
2026-11-12 04:33 PT,1.898
2026-11-12 04:34 PT,1.91
2026-11-12 04:35 PT,1.923
2026-11-12 04:36 PT,1.935
2026-11-12 04:37 PT,1.947
2026-11-12 04:38 PT,1.96
2026-11-12 04:39 PT,1.972
2026-11-12 04:40 PT,1.985
2026-11-12 04:41 PT,1.997
2026-11-12 04:42 PT,2.009
2026-11-12 04:43 PT,2.022
2026-11-12 04:44 PT,2.034
2026-11-12 04:45 PT,2.047
2026-11-12 04:46 PT,2.06
2026-11-12 04:47 PT,2.072
2026-11-12 04:48 PT,2.085
2026-11-12 04:49 PT,2.097
2026-11-12 04:50 PT,2.11
2026-11-12 04:51 PT,2.123
2026-11-12 04:52 PT,2.135
2026-11-12 04:53 PT,2.148
2026-11-12 04:54 PT,2.161
2026-11-12 04:55 PT,2.173
2026-11-12 04:56 PT,2.186
2026-11-12 04:57 PT,2.199
2026-11-12 04:58 PT,2.212
2026-11-12 04:59 PT,2.224
2026-11-12 05:00 PT,2.237
2026-11-12 05:01 PT,2.25
2026-11-12 05:02 PT,2.263
2026-11-12 05:03 PT,2.276
2026-11-12 05:04 PT,2.288
2026-11-12 05:05 PT,2.301
2026-11-12 05:06 PT,2.314
2026-11-12 05:07 PT,2.327
2026-11-12 05:08 PT,2.34
2026-11-12 05:09 PT,2.353
2026-11-12 05:10 PT,2.366
2026-11-12 05:11 PT,2.379
2026-11-12 05:12 PT,2.392
2026-11-12 05:13 PT,2.405
2026-11-12 05:14 PT,2.417
2026-11-12 05:15 PT,2.43
2026-11-12 05:16 PT,2.443
2026-11-12 05:17 PT,2.456
2026-11-12 05:18 PT,2.469
2026-11-12 05:19 PT,2.482
2026-11-12 05:20 PT,2.495
2026-11-12 05:21 PT,2.508
2026-11-12 05:22 PT,2.521
2026-11-12 05:23 PT,2.534
2026-11-12 05:24 PT,2.547
2026-11-12 05:25 PT,2.56
2026-11-12 05:26 PT,2.573
2026-11-12 05:27 PT,2.586
2026-11-12 05:28 PT,2.599
2026-11-12 05:29 PT,2.612
2026-11-12 05:30 PT,2.625
2026-11-12 05:31 PT,2.638
2026-11-12 05:32 PT,2.651
2026-11-12 05:33 PT,2.664
2026-11-12 05:34 PT,2.677
2026-11-12 05:35 PT,2.69
2026-11-12 05:36 PT,2.703
2026-11-12 05:37 PT,2.717
2026-11-12 05:38 PT,2.73
2026-11-12 05:39 PT,2.743
2026-11-12 05:40 PT,2.756
2026-11-12 05:41 PT,2.769
2026-11-12 05:42 PT,2.782
2026-11-12 05:43 PT,2.795
2026-11-12 05:44 PT,2.808
2026-11-12 05:45 PT,2.821
2026-11-12 05:46 PT,2.834
2026-11-12 05:47 PT,2.847
2026-11-12 05:48 PT,2.86
2026-11-12 05:49 PT,2.873
2026-11-12 05:50 PT,2.886
2026-11-12 05:51 PT,2.899
2026-11-12 05:52 PT,2.912
2026-11-12 05:53 PT,2.924
2026-11-12 05:54 PT,2.937
2026-11-12 05:55 PT,2.95
2026-11-12 05:56 PT,2.963
2026-11-12 05:57 PT,2.976
2026-11-12 05:58 PT,2.989
2026-11-12 05:59 PT,3.002
2026-11-12 06:00 PT,3.015
2026-11-12 06:01 PT,3.028
2026-11-12 06:02 PT,3.041
2026-11-12 06:03 PT,3.053
2026-11-12 06:04 PT,3.066
2026-11-12 06:05 PT,3.079
2026-11-12 06:06 PT,3.092
2026-11-12 06:07 PT,3.105
2026-11-12 06:08 PT,3.117
2026-11-12 06:09 PT,3.13
2026-11-12 06:10 PT,3.143
2026-11-12 06:11 PT,3.156
2026-11-12 06:12 PT,3.168
2026-11-12 06:13 PT,3.181
2026-11-12 06:14 PT,3.194
2026-11-12 06:15 PT,3.206
2026-11-12 06:16 PT,3.219
2026-11-12 06:17 PT,3.232
2026-11-12 06:18 PT,3.244
2026-11-12 06:19 PT,3.257
2026-11-12 06:20 PT,3.269
2026-11-12 06:21 PT,3.282
2026-11-12 06:22 PT,3.294
2026-11-12 06:23 PT,3.307
2026-11-12 06:24 PT,3.319
2026-11-12 06:25 PT,3.332
2026-11-12 06:26 PT,3.344
2026-11-12 06:27 PT,3.356
2026-11-12 06:28 PT,3.369
2026-11-12 06:29 PT,3.381
2026-11-12 06:30 PT,3.393
2026-11-12 06:31 PT,3.406
2026-11-12 06:32 PT,3.418
2026-11-12 06:33 PT,3.43
2026-11-12 06:34 PT,3.442
2026-11-12 06:35 PT,3.454
2026-11-12 06:36 PT,3.466
2026-11-12 06:37 PT,3.478
2026-11-12 06:38 PT,3.491
2026-11-12 06:39 PT,3.503
2026-11-12 06:40 PT,3.514
2026-11-12 06:41 PT,3.526
2026-11-12 06:42 PT,3.538
2026-11-12 06:43 PT,3.55
2026-11-12 06:44 PT,3.562
2026-11-12 06:45 PT,3.574
2026-11-12 06:46 PT,3.585
2026-11-12 06:47 PT,3.597
2026-11-12 06:48 PT,3.609
2026-11-12 06:49 PT,3.62
2026-11-12 06:50 PT,3.632
2026-11-12 06:51 PT,3.644
2026-11-12 06:52 PT,3.655
2026-11-12 06:53 PT,3.667
2026-11-12 06:54 PT,3.678
2026-11-12 06:55 PT,3.689
2026-11-12 06:56 PT,3.701
2026-11-12 06:57 PT,3.712
2026-11-12 06:58 PT,3.723
2026-11-12 06:59 PT,3.734
2026-11-12 07:00 PT,3.745
2026-11-12 07:01 PT,3.756
2026-11-12 07:02 PT,3.767
2026-11-12 07:03 PT,3.778
2026-11-12 07:04 PT,3.789
2026-11-12 07:05 PT,3.8
2026-11-12 07:06 PT,3.811
2026-11-12 07:07 PT,3.822
2026-11-12 07:08 PT,3.833
2026-11-12 07:09 PT,3.843
2026-11-12 07:10 PT,3.854
2026-11-12 07:11 PT,3.864
2026-11-12 07:12 PT,3.875
2026-11-12 07:13 PT,3.885
2026-11-12 07:14 PT,3.896
2026-11-12 07:15 PT,3.906
2026-11-12 07:16 PT,3.916
2026-11-12 07:17 PT,3.927
2026-11-12 07:18 PT,3.937
2026-11-12 07:19 PT,3.947
2026-11-12 07:20 PT,3.957
2026-11-12 07:21 PT,3.967
2026-11-12 07:22 PT,3.977
2026-11-12 07:23 PT,3.987
2026-11-12 07:24 PT,3.997
2026-11-12 07:25 PT,4.006
2026-11-12 07:26 PT,4.016
2026-11-12 07:27 PT,4.026
2026-11-12 07:28 PT,4.035
2026-11-12 07:29 PT,4.045
2026-11-12 07:30 PT,4.054
2026-11-12 07:31 PT,4.063
2026-11-12 07:32 PT,4.073
2026-11-12 07:33 PT,4.082
2026-11-12 07:34 PT,4.091
2026-11-12 07:35 PT,4.1
2026-11-12 07:36 PT,4.109
2026-11-12 07:37 PT,4.118
2026-11-12 07:38 PT,4.127
2026-11-12 07:39 PT,4.136
2026-11-12 07:40 PT,4.144
2026-11-12 07:41 PT,4.153
2026-11-12 07:42 PT,4.162
2026-11-12 07:43 PT,4.17
2026-11-12 07:44 PT,4.179
2026-11-12 07:45 PT,4.187
2026-11-12 07:46 PT,4.195
2026-11-12 07:47 PT,4.204
2026-11-12 07:48 PT,4.212
2026-11-12 07:49 PT,4.22
2026-11-12 07:50 PT,4.228
2026-11-12 07:51 PT,4.236
2026-11-12 07:52 PT,4.244
2026-11-12 07:53 PT,4.252
2026-11-12 07:54 PT,4.259
2026-11-12 07:55 PT,4.267
2026-11-12 07:56 PT,4.275
2026-11-12 07:57 PT,4.282
2026-11-12 07:58 PT,4.29
2026-11-12 07:59 PT,4.297
2026-11-12 08:00 PT,4.304
2026-11-12 08:01 PT,4.311
2026-11-12 08:02 PT,4.319
2026-11-12 08:03 PT,4.326
2026-11-12 08:04 PT,4.333
2026-11-12 08:05 PT,4.339
2026-11-12 08:06 PT,4.346
2026-11-12 08:07 PT,4.353
2026-11-12 08:08 PT,4.36
2026-11-12 08:09 PT,4.366
2026-11-12 08:10 PT,4.373
2026-11-12 08:11 PT,4.379
2026-11-12 08:12 PT,4.386
2026-11-12 08:13 PT,4.392
2026-11-12 08:14 PT,4.398
2026-11-12 08:15 PT,4.404
2026-11-12 08:16 PT,4.41
2026-11-12 08:17 PT,4.416
2026-11-12 08:18 PT,4.422
2026-11-12 08:19 PT,4.428
2026-11-12 08:20 PT,4.433
2026-11-12 08:21 PT,4.439
2026-11-12 08:22 PT,4.445
2026-11-12 08:23 PT,4.45
2026-11-12 08:24 PT,4.456
2026-11-12 08:25 PT,4.461
2026-11-12 08:26 PT,4.466
2026-11-12 08:27 PT,4.471
2026-11-12 08:28 PT,4.476
2026-11-12 08:29 PT,4.481
2026-11-12 08:30 PT,4.486
2026-11-12 08:31 PT,4.491
2026-11-12 08:32 PT,4.496
2026-11-12 08:33 PT,4.501
2026-11-12 08:34 PT,4.505
2026-11-12 08:35 PT,4.51
2026-11-12 08:36 PT,4.514
2026-11-12 08:37 PT,4.518
2026-11-12 08:38 PT,4.523
2026-11-12 08:39 PT,4.527
2026-11-12 08:40 PT,4.531
2026-11-12 08:41 PT,4.535
2026-11-12 08:42 PT,4.539
2026-11-12 08:43 PT,4.543
2026-11-12 08:44 PT,4.547
2026-11-12 08:45 PT,4.55
2026-11-12 08:46 PT,4.554
2026-11-12 08:47 PT,4.558
2026-11-12 08:48 PT,4.561
2026-11-12 08:49 PT,4.565
2026-11-12 08:50 PT,4.568
2026-11-12 08:51 PT,4.571
2026-11-12 08:52 PT,4.574
2026-11-12 08:53 PT,4.577
2026-11-12 08:54 PT,4.58
2026-11-12 08:55 PT,4.583
2026-11-12 08:56 PT,4.586
2026-11-12 08:57 PT,4.589
2026-11-12 08:58 PT,4.592
2026-11-12 08:59 PT,4.594
2026-11-12 09:00 PT,4.597
2026-11-12 09:01 PT,4.599
2026-11-12 09:02 PT,4.602
2026-11-12 09:03 PT,4.604
2026-11-12 09:04 PT,4.606
2026-11-12 09:05 PT,4.608
2026-11-12 09:06 PT,4.61
2026-11-12 09:07 PT,4.612
2026-11-12 09:08 PT,4.614
2026-11-12 09:09 PT,4.616
2026-11-12 09:10 PT,4.618
2026-11-12 09:11 PT,4.62
2026-11-12 09:12 PT,4.621
2026-11-12 09:13 PT,4.623
2026-11-12 09:14 PT,4.624
2026-11-12 09:15 PT,4.626
2026-11-12 09:16 PT,4.627
2026-11-12 09:17 PT,4.628
2026-11-12 09:18 PT,4.629
2026-11-12 09:19 PT,4.63
2026-11-12 09:20 PT,4.631
2026-11-12 09:21 PT,4.632
2026-11-12 09:22 PT,4.633
2026-11-12 09:23 PT,4.634
2026-11-12 09:24 PT,4.635
2026-11-12 09:25 PT,4.635
2026-11-12 09:26 PT,4.636
2026-11-12 09:27 PT,4.636
2026-11-12 09:28 PT,4.637
2026-11-12 09:29 PT,4.637
2026-11-12 09:30 PT,4.638
2026-11-12 09:31 PT,4.638
2026-11-12 09:32 PT,4.638
2026-11-12 09:33 PT,4.638
2026-11-12 09:34 PT,4.638
2026-11-12 09:35 PT,4.638
2026-11-12 09:36 PT,4.638
2026-11-12 09:37 PT,4.638
2026-11-12 09:38 PT,4.637
2026-11-12 09:39 PT,4.637
2026-11-12 09:40 PT,4.637
2026-11-12 09:41 PT,4.636
2026-11-12 09:42 PT,4.636
2026-11-12 09:43 PT,4.635
2026-11-12 09:44 PT,4.634
2026-11-12 09:45 PT,4.634
2026-11-12 09:46 PT,4.633
2026-11-12 09:47 PT,4.632
2026-11-12 09:48 PT,4.631
2026-11-12 09:49 PT,4.63
2026-11-12 09:50 PT,4.629
2026-11-12 09:51 PT,4.628
2026-11-12 09:52 PT,4.627
2026-11-12 09:53 PT,4.625
2026-11-12 09:54 PT,4.624
2026-11-12 09:55 PT,4.623
2026-11-12 09:56 PT,4.621
2026-11-12 09:57 PT,4.62
2026-11-12 09:58 PT,4.618
2026-11-12 09:59 PT,4.616
2026-11-12 10:00 PT,4.615
2026-11-12 10:01 PT,4.613
2026-11-12 10:02 PT,4.611
2026-11-12 10:03 PT,4.609
2026-11-12 10:04 PT,4.607
2026-11-12 10:05 PT,4.605
2026-11-12 10:06 PT,4.603
2026-11-12 10:07 PT,4.601
2026-11-12 10:08 PT,4.599
2026-11-12 10:09 PT,4.597
2026-11-12 10:10 PT,4.594
2026-11-12 10:11 PT,4.592
2026-11-12 10:12 PT,4.59
2026-11-12 10:13 PT,4.587
2026-11-12 10:14 PT,4.585
2026-11-12 10:15 PT,4.582
2026-11-12 10:16 PT,4.58
2026-11-12 10:17 PT,4.577
2026-11-12 10:18 PT,4.574
2026-11-12 10:19 PT,4.571
2026-11-12 10:20 PT,4.569
2026-11-12 10:21 PT,4.566
2026-11-12 10:22 PT,4.563
2026-11-12 10:23 PT,4.56
2026-11-12 10:24 PT,4.557
2026-11-12 10:25 PT,4.554
2026-11-12 10:26 PT,4.55
2026-11-12 10:27 PT,4.547
2026-11-12 10:28 PT,4.544
2026-11-12 10:29 PT,4.541
2026-11-12 10:30 PT,4.537
2026-11-12 10:31 PT,4.534
2026-11-12 10:32 PT,4.53
2026-11-12 10:33 PT,4.527
2026-11-12 10:34 PT,4.523
2026-11-12 10:35 PT,4.52
2026-11-12 10:36 PT,4.516
2026-11-12 10:37 PT,4.513
2026-11-12 10:38 PT,4.509
2026-11-12 10:39 PT,4.505
2026-11-12 10:40 PT,4.501
2026-11-12 10:41 PT,4.498
2026-11-12 10:42 PT,4.494
2026-11-12 10:43 PT,4.49
2026-11-12 10:44 PT,4.486
2026-11-12 10:45 PT,4.482
2026-11-12 10:46 PT,4.478
2026-11-12 10:47 PT,4.474
2026-11-12 10:48 PT,4.469
2026-11-12 10:49 PT,4.465
2026-11-12 10:50 PT,4.461
2026-11-12 10:51 PT,4.457
2026-11-12 10:52 PT,4.453
2026-11-12 10:53 PT,4.448
2026-11-12 10:54 PT,4.444
2026-11-12 10:55 PT,4.44
2026-11-12 10:56 PT,4.435
2026-11-12 10:57 PT,4.431
2026-11-12 10:58 PT,4.426
2026-11-12 10:59 PT,4.422
2026-11-12 11:00 PT,4.417
2026-11-12 11:01 PT,4.413
2026-11-12 11:02 PT,4.408
2026-11-12 11:03 PT,4.403
2026-11-12 11:04 PT,4.399
2026-11-12 11:05 PT,4.394
2026-11-12 11:06 PT,4.389
2026-11-12 11:07 PT,4.385
2026-11-12 11:08 PT,4.38
2026-11-12 11:09 PT,4.375
2026-11-12 11:10 PT,4.37
2026-11-12 11:11 PT,4.365
2026-11-12 11:12 PT,4.36
2026-11-12 11:13 PT,4.355
2026-11-12 11:14 PT,4.35
2026-11-12 11:15 PT,4.346
2026-11-12 11:16 PT,4.341
2026-11-12 11:17 PT,4.336
2026-11-12 11:18 PT,4.331
2026-11-12 11:19 PT,4.325
2026-11-12 11:20 PT,4.32
2026-11-12 11:21 PT,4.315
2026-11-12 11:22 PT,4.31
2026-11-12 11:23 PT,4.305
2026-11-12 11:24 PT,4.3
2026-11-12 11:25 PT,4.295
2026-11-12 11:26 PT,4.29
2026-11-12 11:27 PT,4.284
2026-11-12 11:28 PT,4.279
2026-11-12 11:29 PT,4.274
2026-11-12 11:30 PT,4.269
2026-11-12 11:31 PT,4.263
2026-11-12 11:32 PT,4.258
2026-11-12 11:33 PT,4.253
2026-11-12 11:34 PT,4.248
2026-11-12 11:35 PT,4.242
2026-11-12 11:36 PT,4.237
2026-11-12 11:37 PT,4.232
2026-11-12 11:38 PT,4.226
2026-11-12 11:39 PT,4.221
2026-11-12 11:40 PT,4.216
2026-11-12 11:41 PT,4.21
2026-11-12 11:42 PT,4.205
2026-11-12 11:43 PT,4.199
2026-11-12 11:44 PT,4.194
2026-11-12 11:45 PT,4.189
2026-11-12 11:46 PT,4.183
2026-11-12 11:47 PT,4.178
2026-11-12 11:48 PT,4.172
2026-11-12 11:49 PT,4.167
2026-11-12 11:50 PT,4.162
2026-11-12 11:51 PT,4.156
2026-11-12 11:52 PT,4.151
2026-11-12 11:53 PT,4.145
2026-11-12 11:54 PT,4.14
2026-11-12 11:55 PT,4.135
2026-11-12 11:56 PT,4.129
2026-11-12 11:57 PT,4.124
2026-11-12 11:58 PT,4.118
2026-11-12 11:59 PT,4.113
2026-11-12 12:00 PT,4.107
2026-11-12 12:01 PT,4.102
2026-11-12 12:02 PT,4.097
2026-11-12 12:03 PT,4.091
2026-11-12 12:04 PT,4.086
2026-11-12 12:05 PT,4.08
2026-11-12 12:06 PT,4.075
2026-11-12 12:07 PT,4.07
2026-11-12 12:08 PT,4.064
2026-11-12 12:09 PT,4.059
2026-11-12 12:10 PT,4.053
2026-11-12 12:11 PT,4.048
2026-11-12 12:12 PT,4.043
2026-11-12 12:13 PT,4.037
2026-11-12 12:14 PT,4.032
2026-11-12 12:15 PT,4.027
2026-11-12 12:16 PT,4.021
2026-11-12 12:17 PT,4.016
2026-11-12 12:18 PT,4.011
2026-11-12 12:19 PT,4.005
2026-11-12 12:20 PT,4
2026-11-12 12:21 PT,3.995
2026-11-12 12:22 PT,3.99
2026-11-12 12:23 PT,3.984
2026-11-12 12:24 PT,3.979
2026-11-12 12:25 PT,3.974
2026-11-12 12:26 PT,3.969
2026-11-12 12:27 PT,3.963
2026-11-12 12:28 PT,3.958
2026-11-12 12:29 PT,3.953
2026-11-12 12:30 PT,3.948
2026-11-12 12:31 PT,3.943
2026-11-12 12:32 PT,3.938
2026-11-12 12:33 PT,3.933
2026-11-12 12:34 PT,3.928
2026-11-12 12:35 PT,3.923
2026-11-12 12:36 PT,3.918
2026-11-12 12:37 PT,3.913
2026-11-12 12:38 PT,3.908
2026-11-12 12:39 PT,3.903
2026-11-12 12:40 PT,3.898
2026-11-12 12:41 PT,3.893
2026-11-12 12:42 PT,3.888
2026-11-12 12:43 PT,3.883
2026-11-12 12:44 PT,3.878
2026-11-12 12:45 PT,3.873
2026-11-12 12:46 PT,3.868
2026-11-12 12:47 PT,3.864
2026-11-12 12:48 PT,3.859
2026-11-12 12:49 PT,3.854
2026-11-12 12:50 PT,3.849
2026-11-12 12:51 PT,3.845
2026-11-12 12:52 PT,3.84
2026-11-12 12:53 PT,3.835
2026-11-12 12:54 PT,3.831
2026-11-12 12:55 PT,3.826
2026-11-12 12:56 PT,3.821
2026-11-12 12:57 PT,3.817
2026-11-12 12:58 PT,3.812
2026-11-12 12:59 PT,3.808
2026-11-12 13:00 PT,3.803
2026-11-12 13:01 PT,3.799
2026-11-12 13:02 PT,3.795
2026-11-12 13:03 PT,3.79
2026-11-12 13:04 PT,3.786
2026-11-12 13:05 PT,3.781
2026-11-12 13:06 PT,3.777
2026-11-12 13:07 PT,3.773
2026-11-12 13:08 PT,3.769
2026-11-12 13:09 PT,3.764
2026-11-12 13:10 PT,3.76
2026-11-12 13:11 PT,3.756
2026-11-12 13:12 PT,3.752
2026-11-12 13:13 PT,3.748
2026-11-12 13:14 PT,3.744
2026-11-12 13:15 PT,3.74
2026-11-12 13:16 PT,3.736
2026-11-12 13:17 PT,3.732
2026-11-12 13:18 PT,3.728
2026-11-12 13:19 PT,3.724
2026-11-12 13:20 PT,3.72
2026-11-12 13:21 PT,3.717
2026-11-12 13:22 PT,3.713
2026-11-12 13:23 PT,3.709
2026-11-12 13:24 PT,3.705
2026-11-12 13:25 PT,3.702
2026-11-12 13:26 PT,3.698
2026-11-12 13:27 PT,3.694
2026-11-12 13:28 PT,3.691
2026-11-12 13:29 PT,3.687
2026-11-12 13:30 PT,3.684
2026-11-12 13:31 PT,3.68
2026-11-12 13:32 PT,3.677
2026-11-12 13:33 PT,3.674
2026-11-12 13:34 PT,3.67
2026-11-12 13:35 PT,3.667
2026-11-12 13:36 PT,3.664
2026-11-12 13:37 PT,3.66
2026-11-12 13:38 PT,3.657
2026-11-12 13:39 PT,3.654
2026-11-12 13:40 PT,3.651
2026-11-12 13:41 PT,3.648
2026-11-12 13:42 PT,3.645
2026-11-12 13:43 PT,3.642
2026-11-12 13:44 PT,3.639
2026-11-12 13:45 PT,3.636
2026-11-12 13:46 PT,3.633
2026-11-12 13:47 PT,3.63
2026-11-12 13:48 PT,3.628
2026-11-12 13:49 PT,3.625
2026-11-12 13:50 PT,3.622
2026-11-12 13:51 PT,3.619
2026-11-12 13:52 PT,3.617
2026-11-12 13:53 PT,3.614
2026-11-12 13:54 PT,3.612
2026-11-12 13:55 PT,3.609
2026-11-12 13:56 PT,3.607
2026-11-12 13:57 PT,3.604
2026-11-12 13:58 PT,3.602
2026-11-12 13:59 PT,3.6
2026-11-12 14:00 PT,3.597
2026-11-12 14:01 PT,3.595
2026-11-12 14:02 PT,3.593
2026-11-12 14:03 PT,3.591
2026-11-12 14:04 PT,3.589
2026-11-12 14:05 PT,3.587
2026-11-12 14:06 PT,3.585
2026-11-12 14:07 PT,3.583
2026-11-12 14:08 PT,3.581
2026-11-12 14:09 PT,3.579
2026-11-12 14:10 PT,3.577
2026-11-12 14:11 PT,3.575
2026-11-12 14:12 PT,3.573
2026-11-12 14:13 PT,3.572
2026-11-12 14:14 PT,3.57
2026-11-12 14:15 PT,3.568
2026-11-12 14:16 PT,3.567
2026-11-12 14:17 PT,3.565
2026-11-12 14:18 PT,3.564
2026-11-12 14:19 PT,3.562
2026-11-12 14:20 PT,3.561
2026-11-12 14:21 PT,3.559
2026-11-12 14:22 PT,3.558
2026-11-12 14:23 PT,3.557
2026-11-12 14:24 PT,3.556
2026-11-12 14:25 PT,3.554
2026-11-12 14:26 PT,3.553
2026-11-12 14:27 PT,3.552
2026-11-12 14:28 PT,3.551
2026-11-12 14:29 PT,3.55
2026-11-12 14:30 PT,3.549
2026-11-12 14:31 PT,3.548
2026-11-12 14:32 PT,3.547
2026-11-12 14:33 PT,3.546
2026-11-12 14:34 PT,3.546
2026-11-12 14:35 PT,3.545
2026-11-12 14:36 PT,3.544
2026-11-12 14:37 PT,3.544
2026-11-12 14:38 PT,3.543
2026-11-12 14:39 PT,3.542
2026-11-12 14:40 PT,3.542
2026-11-12 14:41 PT,3.541
2026-11-12 14:42 PT,3.541
2026-11-12 14:43 PT,3.54
2026-11-12 14:44 PT,3.54
2026-11-12 14:45 PT,3.54
2026-11-12 14:46 PT,3.539
2026-11-12 14:47 PT,3.539
2026-11-12 14:48 PT,3.539
2026-11-12 14:49 PT,3.539
2026-11-12 14:50 PT,3.539
2026-11-12 14:51 PT,3.539
2026-11-12 14:52 PT,3.539
2026-11-12 14:53 PT,3.539
2026-11-12 14:54 PT,3.539
2026-11-12 14:55 PT,3.539
2026-11-12 14:56 PT,3.539
2026-11-12 14:57 PT,3.539
2026-11-12 14:58 PT,3.539
2026-11-12 14:59 PT,3.54
2026-11-12 15:00 PT,3.54
2026-11-12 15:01 PT,3.54
2026-11-12 15:02 PT,3.541
2026-11-12 15:03 PT,3.541
2026-11-12 15:04 PT,3.542
2026-11-12 15:05 PT,3.542
2026-11-12 15:06 PT,3.543
2026-11-12 15:07 PT,3.543
2026-11-12 15:08 PT,3.544
2026-11-12 15:09 PT,3.544
2026-11-12 15:10 PT,3.545
2026-11-12 15:11 PT,3.546
2026-11-12 15:12 PT,3.547
2026-11-12 15:13 PT,3.547
2026-11-12 15:14 PT,3.548
2026-11-12 15:15 PT,3.549
2026-11-12 15:16 PT,3.55
2026-11-12 15:17 PT,3.551
2026-11-12 15:18 PT,3.552
2026-11-12 15:19 PT,3.553
2026-11-12 15:20 PT,3.554
2026-11-12 15:21 PT,3.555
2026-11-12 15:22 PT,3.556
2026-11-12 15:23 PT,3.557
2026-11-12 15:24 PT,3.558
2026-11-12 15:25 PT,3.56
2026-11-12 15:26 PT,3.561
2026-11-12 15:27 PT,3.562
2026-11-12 15:28 PT,3.563
2026-11-12 15:29 PT,3.565
2026-11-12 15:30 PT,3.566
2026-11-12 15:31 PT,3.567
2026-11-12 15:32 PT,3.569
2026-11-12 15:33 PT,3.57
2026-11-12 15:34 PT,3.572
2026-11-12 15:35 PT,3.573
2026-11-12 15:36 PT,3.575
2026-11-12 15:37 PT,3.576
2026-11-12 15:38 PT,3.578
2026-11-12 15:39 PT,3.58
2026-11-12 15:40 PT,3.581
2026-11-12 15:41 PT,3.583
2026-11-12 15:42 PT,3.585
2026-11-12 15:43 PT,3.586
2026-11-12 15:44 PT,3.588
2026-11-12 15:45 PT,3.59
2026-11-12 15:46 PT,3.592
2026-11-12 15:47 PT,3.593
2026-11-12 15:48 PT,3.595
2026-11-12 15:49 PT,3.597
2026-11-12 15:50 PT,3.599
2026-11-12 15:51 PT,3.601
2026-11-12 15:52 PT,3.603
2026-11-12 15:53 PT,3.605
2026-11-12 15:54 PT,3.607
2026-11-12 15:55 PT,3.609
2026-11-12 15:56 PT,3.611
2026-11-12 15:57 PT,3.613
2026-11-12 15:58 PT,3.615
2026-11-12 15:59 PT,3.617
2026-11-12 16:00 PT,3.619
2026-11-12 16:01 PT,3.621
2026-11-12 16:02 PT,3.623
2026-11-12 16:03 PT,3.625
2026-11-12 16:04 PT,3.627
2026-11-12 16:05 PT,3.629
2026-11-12 16:06 PT,3.631
2026-11-12 16:07 PT,3.633
2026-11-12 16:08 PT,3.636
2026-11-12 16:09 PT,3.638
2026-11-12 16:10 PT,3.64
2026-11-12 16:11 PT,3.642
2026-11-12 16:12 PT,3.644
2026-11-12 16:13 PT,3.647
2026-11-12 16:14 PT,3.649
2026-11-12 16:15 PT,3.651
2026-11-12 16:16 PT,3.654
2026-11-12 16:17 PT,3.656
2026-11-12 16:18 PT,3.658
2026-11-12 16:19 PT,3.66
2026-11-12 16:20 PT,3.663
2026-11-12 16:21 PT,3.665
2026-11-12 16:22 PT,3.667
2026-11-12 16:23 PT,3.67
2026-11-12 16:24 PT,3.672
2026-11-12 16:25 PT,3.674
2026-11-12 16:26 PT,3.677
2026-11-12 16:27 PT,3.679
2026-11-12 16:28 PT,3.681
2026-11-12 16:29 PT,3.684
2026-11-12 16:30 PT,3.686
2026-11-12 16:31 PT,3.688
2026-11-12 16:32 PT,3.691
2026-11-12 16:33 PT,3.693
2026-11-12 16:34 PT,3.696
2026-11-12 16:35 PT,3.698
2026-11-12 16:36 PT,3.7
2026-11-12 16:37 PT,3.703
2026-11-12 16:38 PT,3.705
2026-11-12 16:39 PT,3.708
2026-11-12 16:40 PT,3.71
2026-11-12 16:41 PT,3.712
2026-11-12 16:42 PT,3.715
2026-11-12 16:43 PT,3.717
2026-11-12 16:44 PT,3.719
2026-11-12 16:45 PT,3.722
2026-11-12 16:46 PT,3.724
2026-11-12 16:47 PT,3.727
2026-11-12 16:48 PT,3.729
2026-11-12 16:49 PT,3.731
2026-11-12 16:50 PT,3.734
2026-11-12 16:51 PT,3.736
2026-11-12 16:52 PT,3.738
2026-11-12 16:53 PT,3.741
2026-11-12 16:54 PT,3.743
2026-11-12 16:55 PT,3.745
2026-11-12 16:56 PT,3.748
2026-11-12 16:57 PT,3.75
2026-11-12 16:58 PT,3.753
2026-11-12 16:59 PT,3.755
2026-11-12 17:00 PT,3.757
2026-11-12 17:01 PT,3.759
2026-11-12 17:02 PT,3.762
2026-11-12 17:03 PT,3.764
2026-11-12 17:04 PT,3.766
2026-11-12 17:05 PT,3.769
2026-11-12 17:06 PT,3.771
2026-11-12 17:07 PT,3.773
2026-11-12 17:08 PT,3.775
2026-11-12 17:09 PT,3.778
2026-11-12 17:10 PT,3.78
2026-11-12 17:11 PT,3.782
2026-11-12 17:12 PT,3.784
2026-11-12 17:13 PT,3.787
2026-11-12 17:14 PT,3.789
2026-11-12 17:15 PT,3.791
2026-11-12 17:16 PT,3.793
2026-11-12 17:17 PT,3.795
2026-11-12 17:18 PT,3.798
2026-11-12 17:19 PT,3.8
2026-11-12 17:20 PT,3.802
2026-11-12 17:21 PT,3.804
2026-11-12 17:22 PT,3.806
2026-11-12 17:23 PT,3.808
2026-11-12 17:24 PT,3.81
2026-11-12 17:25 PT,3.812
2026-11-12 17:26 PT,3.814
2026-11-12 17:27 PT,3.816
2026-11-12 17:28 PT,3.818
2026-11-12 17:29 PT,3.82
2026-11-12 17:30 PT,3.822
2026-11-12 17:31 PT,3.824
2026-11-12 17:32 PT,3.826
2026-11-12 17:33 PT,3.828
2026-11-12 17:34 PT,3.83
2026-11-12 17:35 PT,3.832
2026-11-12 17:36 PT,3.834
2026-11-12 17:37 PT,3.836
2026-11-12 17:38 PT,3.838
2026-11-12 17:39 PT,3.84
2026-11-12 17:40 PT,3.841
2026-11-12 17:41 PT,3.843
2026-11-12 17:42 PT,3.845
2026-11-12 17:43 PT,3.847
2026-11-12 17:44 PT,3.848
2026-11-12 17:45 PT,3.85
2026-11-12 17:46 PT,3.852
2026-11-12 17:47 PT,3.854
2026-11-12 17:48 PT,3.855
2026-11-12 17:49 PT,3.857
2026-11-12 17:50 PT,3.858
2026-11-12 17:51 PT,3.86
2026-11-12 17:52 PT,3.862
2026-11-12 17:53 PT,3.863
2026-11-12 17:54 PT,3.865
2026-11-12 17:55 PT,3.866
2026-11-12 17:56 PT,3.868
2026-11-12 17:57 PT,3.869
2026-11-12 17:58 PT,3.871
2026-11-12 17:59 PT,3.872
2026-11-12 18:00 PT,3.873
2026-11-12 18:01 PT,3.875
2026-11-12 18:02 PT,3.876
2026-11-12 18:03 PT,3.877
2026-11-12 18:04 PT,3.879
2026-11-12 18:05 PT,3.88
2026-11-12 18:06 PT,3.881
2026-11-12 18:07 PT,3.882
2026-11-12 18:08 PT,3.883
2026-11-12 18:09 PT,3.885
2026-11-12 18:10 PT,3.886
2026-11-12 18:11 PT,3.887
2026-11-12 18:12 PT,3.888
2026-11-12 18:13 PT,3.889
2026-11-12 18:14 PT,3.89
2026-11-12 18:15 PT,3.891
2026-11-12 18:16 PT,3.892
2026-11-12 18:17 PT,3.893
2026-11-12 18:18 PT,3.894
2026-11-12 18:19 PT,3.894
2026-11-12 18:20 PT,3.895
2026-11-12 18:21 PT,3.896
2026-11-12 18:22 PT,3.897
2026-11-12 18:23 PT,3.897
2026-11-12 18:24 PT,3.898
2026-11-12 18:25 PT,3.899
2026-11-12 18:26 PT,3.899
2026-11-12 18:27 PT,3.9
2026-11-12 18:28 PT,3.9
2026-11-12 18:29 PT,3.901
2026-11-12 18:30 PT,3.901
2026-11-12 18:31 PT,3.902
2026-11-12 18:32 PT,3.902
2026-11-12 18:33 PT,3.902
2026-11-12 18:34 PT,3.903
2026-11-12 18:35 PT,3.903
2026-11-12 18:36 PT,3.903
2026-11-12 18:37 PT,3.903
2026-11-12 18:38 PT,3.903
2026-11-12 18:39 PT,3.904
2026-11-12 18:40 PT,3.904
2026-11-12 18:41 PT,3.904
2026-11-12 18:42 PT,3.904
2026-11-12 18:43 PT,3.904
2026-11-12 18:44 PT,3.903
2026-11-12 18:45 PT,3.903
2026-11-12 18:46 PT,3.903
2026-11-12 18:47 PT,3.903
2026-11-12 18:48 PT,3.903
2026-11-12 18:49 PT,3.902
2026-11-12 18:50 PT,3.902
2026-11-12 18:51 PT,3.901
2026-11-12 18:52 PT,3.901
2026-11-12 18:53 PT,3.9
2026-11-12 18:54 PT,3.9
2026-11-12 18:55 PT,3.899
2026-11-12 18:56 PT,3.899
2026-11-12 18:57 PT,3.898
2026-11-12 18:58 PT,3.897
2026-11-12 18:59 PT,3.896
2026-11-12 19:00 PT,3.895
2026-11-12 19:01 PT,3.895
2026-11-12 19:02 PT,3.894
2026-11-12 19:03 PT,3.893
2026-11-12 19:04 PT,3.891
2026-11-12 19:05 PT,3.89
2026-11-12 19:06 PT,3.889
2026-11-12 19:07 PT,3.888
2026-11-12 19:08 PT,3.887
2026-11-12 19:09 PT,3.885
2026-11-12 19:10 PT,3.884
2026-11-12 19:11 PT,3.883
2026-11-12 19:12 PT,3.881
2026-11-12 19:13 PT,3.88
2026-11-12 19:14 PT,3.878
2026-11-12 19:15 PT,3.876
2026-11-12 19:16 PT,3.875
2026-11-12 19:17 PT,3.873
2026-11-12 19:18 PT,3.871
2026-11-12 19:19 PT,3.869
2026-11-12 19:20 PT,3.867
2026-11-12 19:21 PT,3.865
2026-11-12 19:22 PT,3.863
2026-11-12 19:23 PT,3.861
2026-11-12 19:24 PT,3.859
2026-11-12 19:25 PT,3.857
2026-11-12 19:26 PT,3.855
2026-11-12 19:27 PT,3.852
2026-11-12 19:28 PT,3.85
2026-11-12 19:29 PT,3.847
2026-11-12 19:30 PT,3.845
2026-11-12 19:31 PT,3.842
2026-11-12 19:32 PT,3.84
2026-11-12 19:33 PT,3.837
2026-11-12 19:34 PT,3.834
2026-11-12 19:35 PT,3.831
2026-11-12 19:36 PT,3.829
2026-11-12 19:37 PT,3.826
2026-11-12 19:38 PT,3.823
2026-11-12 19:39 PT,3.82
2026-11-12 19:40 PT,3.817
2026-11-12 19:41 PT,3.813
2026-11-12 19:42 PT,3.81
2026-11-12 19:43 PT,3.807
2026-11-12 19:44 PT,3.804
2026-11-12 19:45 PT,3.8
2026-11-12 19:46 PT,3.797
2026-11-12 19:47 PT,3.793
2026-11-12 19:48 PT,3.79
2026-11-12 19:49 PT,3.786
2026-11-12 19:50 PT,3.782
2026-11-12 19:51 PT,3.778
2026-11-12 19:52 PT,3.775
2026-11-12 19:53 PT,3.771
2026-11-12 19:54 PT,3.767
2026-11-12 19:55 PT,3.763
2026-11-12 19:56 PT,3.759
2026-11-12 19:57 PT,3.755
2026-11-12 19:58 PT,3.75
2026-11-12 19:59 PT,3.746
2026-11-12 20:00 PT,3.742
2026-11-12 20:01 PT,3.737
2026-11-12 20:02 PT,3.733
2026-11-12 20:03 PT,3.728
2026-11-12 20:04 PT,3.724
2026-11-12 20:05 PT,3.719
2026-11-12 20:06 PT,3.715
2026-11-12 20:07 PT,3.71
2026-11-12 20:08 PT,3.705
2026-11-12 20:09 PT,3.7
2026-11-12 20:10 PT,3.695
2026-11-12 20:11 PT,3.69
2026-11-12 20:12 PT,3.685
2026-11-12 20:13 PT,3.68
2026-11-12 20:14 PT,3.675
2026-11-12 20:15 PT,3.67
2026-11-12 20:16 PT,3.665
2026-11-12 20:17 PT,3.659
2026-11-12 20:18 PT,3.654
2026-11-12 20:19 PT,3.648
2026-11-12 20:20 PT,3.643
2026-11-12 20:21 PT,3.637
2026-11-12 20:22 PT,3.632
2026-11-12 20:23 PT,3.626
2026-11-12 20:24 PT,3.62
2026-11-12 20:25 PT,3.615
2026-11-12 20:26 PT,3.609
2026-11-12 20:27 PT,3.603
2026-11-12 20:28 PT,3.597
2026-11-12 20:29 PT,3.591
2026-11-12 20:30 PT,3.585
2026-11-12 20:31 PT,3.579
2026-11-12 20:32 PT,3.573
2026-11-12 20:33 PT,3.566
2026-11-12 20:34 PT,3.56
2026-11-12 20:35 PT,3.554
2026-11-12 20:36 PT,3.547
2026-11-12 20:37 PT,3.541
2026-11-12 20:38 PT,3.534
2026-11-12 20:39 PT,3.528
2026-11-12 20:40 PT,3.521
2026-11-12 20:41 PT,3.515
2026-11-12 20:42 PT,3.508
2026-11-12 20:43 PT,3.501
2026-11-12 20:44 PT,3.495
2026-11-12 20:45 PT,3.488
2026-11-12 20:46 PT,3.481
2026-11-12 20:47 PT,3.474
2026-11-12 20:48 PT,3.467
2026-11-12 20:49 PT,3.46
2026-11-12 20:50 PT,3.453
2026-11-12 20:51 PT,3.446
2026-11-12 20:52 PT,3.439
2026-11-12 20:53 PT,3.432
2026-11-12 20:54 PT,3.424
2026-11-12 20:55 PT,3.417
2026-11-12 20:56 PT,3.41
2026-11-12 20:57 PT,3.402
2026-11-12 20:58 PT,3.395
2026-11-12 20:59 PT,3.387
2026-11-12 21:00 PT,3.38
2026-11-12 21:01 PT,3.372
2026-11-12 21:02 PT,3.365
2026-11-12 21:03 PT,3.357
2026-11-12 21:04 PT,3.35
2026-11-12 21:05 PT,3.342
2026-11-12 21:06 PT,3.334
2026-11-12 21:07 PT,3.326
2026-11-12 21:08 PT,3.319
2026-11-12 21:09 PT,3.311
2026-11-12 21:10 PT,3.303
2026-11-12 21:11 PT,3.295
2026-11-12 21:12 PT,3.287
2026-11-12 21:13 PT,3.279
2026-11-12 21:14 PT,3.271
2026-11-12 21:15 PT,3.263
2026-11-12 21:16 PT,3.255
2026-11-12 21:17 PT,3.247
2026-11-12 21:18 PT,3.239
2026-11-12 21:19 PT,3.23
2026-11-12 21:20 PT,3.222
2026-11-12 21:21 PT,3.214
2026-11-12 21:22 PT,3.206
2026-11-12 21:23 PT,3.197
2026-11-12 21:24 PT,3.189
2026-11-12 21:25 PT,3.181
2026-11-12 21:26 PT,3.172
2026-11-12 21:27 PT,3.164
2026-11-12 21:28 PT,3.155
2026-11-12 21:29 PT,3.147
2026-11-12 21:30 PT,3.138
2026-11-12 21:31 PT,3.13
2026-11-12 21:32 PT,3.121
2026-11-12 21:33 PT,3.112
2026-11-12 21:34 PT,3.104
2026-11-12 21:35 PT,3.095
2026-11-12 21:36 PT,3.087
2026-11-12 21:37 PT,3.078
2026-11-12 21:38 PT,3.069
2026-11-12 21:39 PT,3.06
2026-11-12 21:40 PT,3.052
2026-11-12 21:41 PT,3.043
2026-11-12 21:42 PT,3.034
2026-11-12 21:43 PT,3.025
2026-11-12 21:44 PT,3.016
2026-11-12 21:45 PT,3.007
2026-11-12 21:46 PT,2.998
2026-11-12 21:47 PT,2.989
2026-11-12 21:48 PT,2.98
2026-11-12 21:49 PT,2.971
2026-11-12 21:50 PT,2.962
2026-11-12 21:51 PT,2.953
2026-11-12 21:52 PT,2.944
2026-11-12 21:53 PT,2.935
2026-11-12 21:54 PT,2.926
2026-11-12 21:55 PT,2.917
2026-11-12 21:56 PT,2.908
2026-11-12 21:57 PT,2.899
2026-11-12 21:58 PT,2.89
2026-11-12 21:59 PT,2.88
2026-11-12 22:00 PT,2.871
2026-11-12 22:01 PT,2.862
2026-11-12 22:02 PT,2.853
2026-11-12 22:03 PT,2.844
2026-11-12 22:04 PT,2.834
2026-11-12 22:05 PT,2.825
2026-11-12 22:06 PT,2.816
2026-11-12 22:07 PT,2.806
2026-11-12 22:08 PT,2.797
2026-11-12 22:09 PT,2.788
2026-11-12 22:10 PT,2.778
2026-11-12 22:11 PT,2.769
2026-11-12 22:12 PT,2.76
2026-11-12 22:13 PT,2.75
2026-11-12 22:14 PT,2.741
2026-11-12 22:15 PT,2.732
2026-11-12 22:16 PT,2.722
2026-11-12 22:17 PT,2.713
2026-11-12 22:18 PT,2.703
2026-11-12 22:19 PT,2.694
2026-11-12 22:20 PT,2.684
2026-11-12 22:21 PT,2.675
2026-11-12 22:22 PT,2.665
2026-11-12 22:23 PT,2.656
2026-11-12 22:24 PT,2.646
2026-11-12 22:25 PT,2.637
2026-11-12 22:26 PT,2.627
2026-11-12 22:27 PT,2.618
2026-11-12 22:28 PT,2.608
2026-11-12 22:29 PT,2.598
2026-11-12 22:30 PT,2.589
2026-11-12 22:31 PT,2.579
2026-11-12 22:32 PT,2.57
2026-11-12 22:33 PT,2.56
2026-11-12 22:34 PT,2.55
2026-11-12 22:35 PT,2.541
2026-11-12 22:36 PT,2.531
2026-11-12 22:37 PT,2.521
2026-11-12 22:38 PT,2.512
2026-11-12 22:39 PT,2.502
2026-11-12 22:40 PT,2.492
2026-11-12 22:41 PT,2.483
2026-11-12 22:42 PT,2.473
2026-11-12 22:43 PT,2.463
2026-11-12 22:44 PT,2.454
2026-11-12 22:45 PT,2.444
2026-11-12 22:46 PT,2.434
2026-11-12 22:47 PT,2.425
2026-11-12 22:48 PT,2.415
2026-11-12 22:49 PT,2.405
2026-11-12 22:50 PT,2.395
2026-11-12 22:51 PT,2.386
2026-11-12 22:52 PT,2.376
2026-11-12 22:53 PT,2.366
2026-11-12 22:54 PT,2.356
2026-11-12 22:55 PT,2.347
2026-11-12 22:56 PT,2.337
2026-11-12 22:57 PT,2.327
2026-11-12 22:58 PT,2.317
2026-11-12 22:59 PT,2.308
2026-11-12 23:00 PT,2.298
2026-11-12 23:01 PT,2.288
2026-11-12 23:02 PT,2.278
2026-11-12 23:03 PT,2.269
2026-11-12 23:04 PT,2.259
2026-11-12 23:05 PT,2.249
2026-11-12 23:06 PT,2.239
2026-11-12 23:07 PT,2.229
2026-11-12 23:08 PT,2.22
2026-11-12 23:09 PT,2.21
2026-11-12 23:10 PT,2.2
2026-11-12 23:11 PT,2.19
2026-11-12 23:12 PT,2.18
2026-11-12 23:13 PT,2.171
2026-11-12 23:14 PT,2.161
2026-11-12 23:15 PT,2.151
2026-11-12 23:16 PT,2.141
2026-11-12 23:17 PT,2.132
2026-11-12 23:18 PT,2.122
2026-11-12 23:19 PT,2.112
2026-11-12 23:20 PT,2.102
2026-11-12 23:21 PT,2.092
2026-11-12 23:22 PT,2.083
2026-11-12 23:23 PT,2.073
2026-11-12 23:24 PT,2.063
2026-11-12 23:25 PT,2.053
2026-11-12 23:26 PT,2.044
2026-11-12 23:27 PT,2.034
2026-11-12 23:28 PT,2.024
2026-11-12 23:29 PT,2.014
2026-11-12 23:30 PT,2.005
2026-11-12 23:31 PT,1.995
2026-11-12 23:32 PT,1.985
2026-11-12 23:33 PT,1.976
2026-11-12 23:34 PT,1.966
2026-11-12 23:35 PT,1.956
2026-11-12 23:36 PT,1.947
2026-11-12 23:37 PT,1.937
2026-11-12 23:38 PT,1.927
2026-11-12 23:39 PT,1.918
2026-11-12 23:40 PT,1.908
2026-11-12 23:41 PT,1.898
2026-11-12 23:42 PT,1.889
2026-11-12 23:43 PT,1.879
2026-11-12 23:44 PT,1.869
2026-11-12 23:45 PT,1.86
2026-11-12 23:46 PT,1.85
2026-11-12 23:47 PT,1.841
2026-11-12 23:48 PT,1.831
2026-11-12 23:49 PT,1.822
2026-11-12 23:50 PT,1.812
2026-11-12 23:51 PT,1.803
2026-11-12 23:52 PT,1.793
2026-11-12 23:53 PT,1.784
2026-11-12 23:54 PT,1.774
2026-11-12 23:55 PT,1.765
2026-11-12 23:56 PT,1.755
2026-11-12 23:57 PT,1.746
2026-11-12 23:58 PT,1.736
2026-11-12 23:59 PT,1.727
2026-11-13 00:00 PT,1.718
2026-11-13 00:01 PT,1.708
2026-11-13 00:02 PT,1.699
2026-11-13 00:03 PT,1.69
2026-11-13 00:04 PT,1.68
2026-11-13 00:05 PT,1.671
2026-11-13 00:06 PT,1.662
2026-11-13 00:07 PT,1.653
2026-11-13 00:08 PT,1.643
2026-11-13 00:09 PT,1.634
2026-11-13 00:10 PT,1.625
2026-11-13 00:11 PT,1.616
2026-11-13 00:12 PT,1.607
2026-11-13 00:13 PT,1.598
2026-11-13 00:14 PT,1.589
2026-11-13 00:15 PT,1.58
2026-11-13 00:16 PT,1.571
2026-11-13 00:17 PT,1.562
2026-11-13 00:18 PT,1.553
2026-11-13 00:19 PT,1.544
2026-11-13 00:20 PT,1.535
2026-11-13 00:21 PT,1.526
2026-11-13 00:22 PT,1.517
2026-11-13 00:23 PT,1.508
2026-11-13 00:24 PT,1.5
2026-11-13 00:25 PT,1.491
2026-11-13 00:26 PT,1.482
2026-11-13 00:27 PT,1.473
2026-11-13 00:28 PT,1.465
2026-11-13 00:29 PT,1.456
2026-11-13 00:30 PT,1.448
2026-11-13 00:31 PT,1.439
2026-11-13 00:32 PT,1.43
2026-11-13 00:33 PT,1.422
2026-11-13 00:34 PT,1.414
2026-11-13 00:35 PT,1.405
2026-11-13 00:36 PT,1.397
2026-11-13 00:37 PT,1.388
2026-11-13 00:38 PT,1.38
2026-11-13 00:39 PT,1.372
2026-11-13 00:40 PT,1.364
2026-11-13 00:41 PT,1.356
2026-11-13 00:42 PT,1.347
2026-11-13 00:43 PT,1.339
2026-11-13 00:44 PT,1.331
2026-11-13 00:45 PT,1.323
2026-11-13 00:46 PT,1.315
2026-11-13 00:47 PT,1.307
2026-11-13 00:48 PT,1.3
2026-11-13 00:49 PT,1.292
2026-11-13 00:50 PT,1.284
2026-11-13 00:51 PT,1.276
2026-11-13 00:52 PT,1.269
2026-11-13 00:53 PT,1.261
2026-11-13 00:54 PT,1.253
2026-11-13 00:55 PT,1.246
2026-11-13 00:56 PT,1.238
2026-11-13 00:57 PT,1.231
2026-11-13 00:58 PT,1.224
2026-11-13 00:59 PT,1.216
2026-11-13 01:00 PT,1.209
2026-11-13 01:01 PT,1.202
2026-11-13 01:02 PT,1.195
2026-11-13 01:03 PT,1.188
2026-11-13 01:04 PT,1.181
2026-11-13 01:05 PT,1.174
2026-11-13 01:06 PT,1.167
2026-11-13 01:07 PT,1.16
2026-11-13 01:08 PT,1.153
2026-11-13 01:09 PT,1.146
2026-11-13 01:10 PT,1.139
2026-11-13 01:11 PT,1.133
2026-11-13 01:12 PT,1.126
2026-11-13 01:13 PT,1.12
2026-11-13 01:14 PT,1.113
2026-11-13 01:15 PT,1.107
2026-11-13 01:16 PT,1.1
2026-11-13 01:17 PT,1.094
2026-11-13 01:18 PT,1.088
2026-11-13 01:19 PT,1.082
2026-11-13 01:20 PT,1.076
2026-11-13 01:21 PT,1.07
2026-11-13 01:22 PT,1.064
2026-11-13 01:23 PT,1.058
2026-11-13 01:24 PT,1.052
2026-11-13 01:25 PT,1.046
2026-11-13 01:26 PT,1.041
2026-11-13 01:27 PT,1.035
2026-11-13 01:28 PT,1.029
2026-11-13 01:29 PT,1.024
2026-11-13 01:30 PT,1.019
2026-11-13 01:31 PT,1.013
2026-11-13 01:32 PT,1.008
2026-11-13 01:33 PT,1.003
2026-11-13 01:34 PT,0.998
2026-11-13 01:35 PT,0.993
2026-11-13 01:36 PT,0.988
2026-11-13 01:37 PT,0.983
2026-11-13 01:38 PT,0.978
2026-11-13 01:39 PT,0.973
2026-11-13 01:40 PT,0.969
2026-11-13 01:41 PT,0.964
2026-11-13 01:42 PT,0.96
2026-11-13 01:43 PT,0.955
2026-11-13 01:44 PT,0.951
2026-11-13 01:45 PT,0.947
2026-11-13 01:46 PT,0.942
2026-11-13 01:47 PT,0.938
2026-11-13 01:48 PT,0.934
2026-11-13 01:49 PT,0.93
2026-11-13 01:50 PT,0.927
2026-11-13 01:51 PT,0.923
2026-11-13 01:52 PT,0.919
2026-11-13 01:53 PT,0.916
2026-11-13 01:54 PT,0.912
2026-11-13 01:55 PT,0.909
2026-11-13 01:56 PT,0.905
2026-11-13 01:57 PT,0.902
2026-11-13 01:58 PT,0.899
2026-11-13 01:59 PT,0.896
2026-11-13 02:00 PT,0.893
2026-11-13 02:01 PT,0.89
2026-11-13 02:02 PT,0.887
2026-11-13 02:03 PT,0.884
2026-11-13 02:04 PT,0.882
2026-11-13 02:05 PT,0.879
2026-11-13 02:06 PT,0.877
2026-11-13 02:07 PT,0.875
2026-11-13 02:08 PT,0.872
2026-11-13 02:09 PT,0.87
2026-11-13 02:10 PT,0.868
2026-11-13 02:11 PT,0.866
2026-11-13 02:12 PT,0.864
2026-11-13 02:13 PT,0.862
2026-11-13 02:14 PT,0.861
2026-11-13 02:15 PT,0.859
2026-11-13 02:16 PT,0.858
2026-11-13 02:17 PT,0.856
2026-11-13 02:18 PT,0.855
2026-11-13 02:19 PT,0.854
2026-11-13 02:20 PT,0.852
2026-11-13 02:21 PT,0.851
2026-11-13 02:22 PT,0.851
2026-11-13 02:23 PT,0.85
2026-11-13 02:24 PT,0.849
2026-11-13 02:25 PT,0.848
2026-11-13 02:26 PT,0.848
2026-11-13 02:27 PT,0.847
2026-11-13 02:28 PT,0.847
2026-11-13 02:29 PT,0.847
2026-11-13 02:30 PT,0.847
2026-11-13 02:31 PT,0.847
2026-11-13 02:32 PT,0.847
2026-11-13 02:33 PT,0.847
2026-11-13 02:34 PT,0.847
2026-11-13 02:35 PT,0.847
2026-11-13 02:36 PT,0.848
2026-11-13 02:37 PT,0.848
2026-11-13 02:38 PT,0.849
2026-11-13 02:39 PT,0.85
2026-11-13 02:40 PT,0.851
2026-11-13 02:41 PT,0.852
2026-11-13 02:42 PT,0.853
2026-11-13 02:43 PT,0.854
2026-11-13 02:44 PT,0.855
2026-11-13 02:45 PT,0.856
2026-11-13 02:46 PT,0.858
2026-11-13 02:47 PT,0.859
2026-11-13 02:48 PT,0.861
2026-11-13 02:49 PT,0.863
2026-11-13 02:50 PT,0.865
2026-11-13 02:51 PT,0.867
2026-11-13 02:52 PT,0.869
2026-11-13 02:53 PT,0.871
2026-11-13 02:54 PT,0.873
2026-11-13 02:55 PT,0.876
2026-11-13 02:56 PT,0.878
2026-11-13 02:57 PT,0.881
2026-11-13 02:58 PT,0.883
2026-11-13 02:59 PT,0.886
2026-11-13 03:00 PT,0.889
2026-11-13 03:01 PT,0.892
2026-11-13 03:02 PT,0.895
2026-11-13 03:03 PT,0.898
2026-11-13 03:04 PT,0.902
2026-11-13 03:05 PT,0.905
2026-11-13 03:06 PT,0.908
2026-11-13 03:07 PT,0.912
2026-11-13 03:08 PT,0.916
2026-11-13 03:09 PT,0.92
2026-11-13 03:10 PT,0.923
2026-11-13 03:11 PT,0.927
2026-11-13 03:12 PT,0.932
2026-11-13 03:13 PT,0.936
2026-11-13 03:14 PT,0.94
2026-11-13 03:15 PT,0.944
2026-11-13 03:16 PT,0.949
2026-11-13 03:17 PT,0.953
2026-11-13 03:18 PT,0.958
2026-11-13 03:19 PT,0.963
2026-11-13 03:20 PT,0.968
2026-11-13 03:21 PT,0.973
2026-11-13 03:22 PT,0.978
2026-11-13 03:23 PT,0.983
2026-11-13 03:24 PT,0.988
2026-11-13 03:25 PT,0.993
2026-11-13 03:26 PT,0.999
2026-11-13 03:27 PT,1.004
2026-11-13 03:28 PT,1.01
2026-11-13 03:29 PT,1.016
2026-11-13 03:30 PT,1.022
2026-11-13 03:31 PT,1.027
2026-11-13 03:32 PT,1.033
2026-11-13 03:33 PT,1.04
2026-11-13 03:34 PT,1.046
2026-11-13 03:35 PT,1.052
2026-11-13 03:36 PT,1.058
2026-11-13 03:37 PT,1.065
2026-11-13 03:38 PT,1.071
2026-11-13 03:39 PT,1.078
2026-11-13 03:40 PT,1.085
2026-11-13 03:41 PT,1.091
2026-11-13 03:42 PT,1.098
2026-11-13 03:43 PT,1.105
2026-11-13 03:44 PT,1.112
2026-11-13 03:45 PT,1.119
2026-11-13 03:46 PT,1.127
2026-11-13 03:47 PT,1.134
2026-11-13 03:48 PT,1.141
2026-11-13 03:49 PT,1.149
2026-11-13 03:50 PT,1.156
2026-11-13 03:51 PT,1.164
2026-11-13 03:52 PT,1.172
2026-11-13 03:53 PT,1.179
2026-11-13 03:54 PT,1.187
2026-11-13 03:55 PT,1.195
2026-11-13 03:56 PT,1.203
2026-11-13 03:57 PT,1.211
2026-11-13 03:58 PT,1.22
2026-11-13 03:59 PT,1.228
2026-11-13 04:00 PT,1.236
2026-11-13 04:01 PT,1.244
2026-11-13 04:02 PT,1.253
2026-11-13 04:03 PT,1.261
2026-11-13 04:04 PT,1.27
2026-11-13 04:05 PT,1.279
2026-11-13 04:06 PT,1.287
2026-11-13 04:07 PT,1.296
2026-11-13 04:08 PT,1.305
2026-11-13 04:09 PT,1.314
2026-11-13 04:10 PT,1.323
2026-11-13 04:11 PT,1.332
2026-11-13 04:12 PT,1.341
2026-11-13 04:13 PT,1.351
2026-11-13 04:14 PT,1.36
2026-11-13 04:15 PT,1.369
2026-11-13 04:16 PT,1.379
2026-11-13 04:17 PT,1.388
2026-11-13 04:18 PT,1.398
2026-11-13 04:19 PT,1.407
2026-11-13 04:20 PT,1.417
2026-11-13 04:21 PT,1.427
2026-11-13 04:22 PT,1.436
2026-11-13 04:23 PT,1.446
2026-11-13 04:24 PT,1.456
2026-11-13 04:25 PT,1.466
2026-11-13 04:26 PT,1.476
2026-11-13 04:27 PT,1.486
2026-11-13 04:28 PT,1.496
2026-11-13 04:29 PT,1.506
2026-11-13 04:30 PT,1.516
2026-11-13 04:31 PT,1.527
2026-11-13 04:32 PT,1.537
2026-11-13 04:33 PT,1.547
2026-11-13 04:34 PT,1.558
2026-11-13 04:35 PT,1.568
2026-11-13 04:36 PT,1.579
2026-11-13 04:37 PT,1.589
2026-11-13 04:38 PT,1.6
2026-11-13 04:39 PT,1.61
2026-11-13 04:40 PT,1.621
2026-11-13 04:41 PT,1.632
2026-11-13 04:42 PT,1.643
2026-11-13 04:43 PT,1.653
2026-11-13 04:44 PT,1.664
2026-11-13 04:45 PT,1.675
2026-11-13 04:46 PT,1.686
2026-11-13 04:47 PT,1.697
2026-11-13 04:48 PT,1.708
2026-11-13 04:49 PT,1.719
2026-11-13 04:50 PT,1.73
2026-11-13 04:51 PT,1.741
2026-11-13 04:52 PT,1.753
2026-11-13 04:53 PT,1.764
2026-11-13 04:54 PT,1.775
2026-11-13 04:55 PT,1.786
2026-11-13 04:56 PT,1.798
2026-11-13 04:57 PT,1.809
2026-11-13 04:58 PT,1.82
2026-11-13 04:59 PT,1.832
2026-11-13 05:00 PT,1.843
2026-11-13 05:01 PT,1.855
2026-11-13 05:02 PT,1.866
2026-11-13 05:03 PT,1.878
2026-11-13 05:04 PT,1.889
2026-11-13 05:05 PT,1.901
2026-11-13 05:06 PT,1.912
2026-11-13 05:07 PT,1.924
2026-11-13 05:08 PT,1.936
2026-11-13 05:09 PT,1.947
2026-11-13 05:10 PT,1.959
2026-11-13 05:11 PT,1.971
2026-11-13 05:12 PT,1.982
2026-11-13 05:13 PT,1.994
2026-11-13 05:14 PT,2.006
2026-11-13 05:15 PT,2.018
2026-11-13 05:16 PT,2.03
2026-11-13 05:17 PT,2.042
2026-11-13 05:18 PT,2.053
2026-11-13 05:19 PT,2.065
2026-11-13 05:20 PT,2.077
2026-11-13 05:21 PT,2.089
2026-11-13 05:22 PT,2.101
2026-11-13 05:23 PT,2.113
2026-11-13 05:24 PT,2.125
2026-11-13 05:25 PT,2.137
2026-11-13 05:26 PT,2.149
2026-11-13 05:27 PT,2.161
2026-11-13 05:28 PT,2.173
2026-11-13 05:29 PT,2.185
2026-11-13 05:30 PT,2.198
2026-11-13 05:31 PT,2.21
2026-11-13 05:32 PT,2.222
2026-11-13 05:33 PT,2.234
2026-11-13 05:34 PT,2.246
2026-11-13 05:35 PT,2.258
2026-11-13 05:36 PT,2.27
2026-11-13 05:37 PT,2.283
2026-11-13 05:38 PT,2.295
2026-11-13 05:39 PT,2.307
2026-11-13 05:40 PT,2.319
2026-11-13 05:41 PT,2.331
2026-11-13 05:42 PT,2.344
2026-11-13 05:43 PT,2.356
2026-11-13 05:44 PT,2.368
2026-11-13 05:45 PT,2.381
2026-11-13 05:46 PT,2.393
2026-11-13 05:47 PT,2.405
2026-11-13 05:48 PT,2.417
2026-11-13 05:49 PT,2.43
2026-11-13 05:50 PT,2.442
2026-11-13 05:51 PT,2.454
2026-11-13 05:52 PT,2.467
2026-11-13 05:53 PT,2.479
2026-11-13 05:54 PT,2.491
2026-11-13 05:55 PT,2.504
2026-11-13 05:56 PT,2.516
2026-11-13 05:57 PT,2.528
2026-11-13 05:58 PT,2.541
2026-11-13 05:59 PT,2.553
2026-11-13 06:00 PT,2.565
2026-11-13 06:01 PT,2.578
2026-11-13 06:02 PT,2.59
2026-11-13 06:03 PT,2.602
2026-11-13 06:04 PT,2.615
2026-11-13 06:05 PT,2.627
2026-11-13 06:06 PT,2.64
2026-11-13 06:07 PT,2.652
2026-11-13 06:08 PT,2.664
2026-11-13 06:09 PT,2.677
2026-11-13 06:10 PT,2.689
2026-11-13 06:11 PT,2.701
2026-11-13 06:12 PT,2.714
2026-11-13 06:13 PT,2.726
2026-11-13 06:14 PT,2.739
2026-11-13 06:15 PT,2.751
2026-11-13 06:16 PT,2.763
2026-11-13 06:17 PT,2.776
2026-11-13 06:18 PT,2.788
2026-11-13 06:19 PT,2.8
2026-11-13 06:20 PT,2.813
2026-11-13 06:21 PT,2.825
2026-11-13 06:22 PT,2.837
2026-11-13 06:23 PT,2.85
2026-11-13 06:24 PT,2.862
2026-11-13 06:25 PT,2.874
2026-11-13 06:26 PT,2.887
2026-11-13 06:27 PT,2.899
2026-11-13 06:28 PT,2.911
2026-11-13 06:29 PT,2.923
2026-11-13 06:30 PT,2.936
2026-11-13 06:31 PT,2.948
2026-11-13 06:32 PT,2.96
2026-11-13 06:33 PT,2.973
2026-11-13 06:34 PT,2.985
2026-11-13 06:35 PT,2.997
2026-11-13 06:36 PT,3.009
2026-11-13 06:37 PT,3.021
2026-11-13 06:38 PT,3.034
2026-11-13 06:39 PT,3.046
2026-11-13 06:40 PT,3.058
2026-11-13 06:41 PT,3.07
2026-11-13 06:42 PT,3.082
2026-11-13 06:43 PT,3.094
2026-11-13 06:44 PT,3.107
2026-11-13 06:45 PT,3.119
2026-11-13 06:46 PT,3.131
2026-11-13 06:47 PT,3.143
2026-11-13 06:48 PT,3.155
2026-11-13 06:49 PT,3.167
2026-11-13 06:50 PT,3.179
2026-11-13 06:51 PT,3.191
2026-11-13 06:52 PT,3.203
2026-11-13 06:53 PT,3.215
2026-11-13 06:54 PT,3.227
2026-11-13 06:55 PT,3.239
2026-11-13 06:56 PT,3.251
2026-11-13 06:57 PT,3.263
2026-11-13 06:58 PT,3.274
2026-11-13 06:59 PT,3.286
2026-11-13 07:00 PT,3.298
2026-11-13 07:01 PT,3.31
2026-11-13 07:02 PT,3.322
2026-11-13 07:03 PT,3.334
2026-11-13 07:04 PT,3.345
2026-11-13 07:05 PT,3.357
2026-11-13 07:06 PT,3.369
2026-11-13 07:07 PT,3.38
2026-11-13 07:08 PT,3.392
2026-11-13 07:09 PT,3.404
2026-11-13 07:10 PT,3.415
2026-11-13 07:11 PT,3.427
2026-11-13 07:12 PT,3.438
2026-11-13 07:13 PT,3.45
2026-11-13 07:14 PT,3.461
2026-11-13 07:15 PT,3.473
2026-11-13 07:16 PT,3.484
2026-11-13 07:17 PT,3.495
2026-11-13 07:18 PT,3.507
2026-11-13 07:19 PT,3.518
2026-11-13 07:20 PT,3.529
2026-11-13 07:21 PT,3.541
2026-11-13 07:22 PT,3.552
2026-11-13 07:23 PT,3.563
2026-11-13 07:24 PT,3.574
2026-11-13 07:25 PT,3.585
2026-11-13 07:26 PT,3.596
2026-11-13 07:27 PT,3.607
2026-11-13 07:28 PT,3.618
2026-11-13 07:29 PT,3.629
2026-11-13 07:30 PT,3.64
2026-11-13 07:31 PT,3.651
2026-11-13 07:32 PT,3.662
2026-11-13 07:33 PT,3.673
2026-11-13 07:34 PT,3.684
2026-11-13 07:35 PT,3.694
2026-11-13 07:36 PT,3.705
2026-11-13 07:37 PT,3.716
2026-11-13 07:38 PT,3.726
2026-11-13 07:39 PT,3.737
2026-11-13 07:40 PT,3.747
2026-11-13 07:41 PT,3.758
2026-11-13 07:42 PT,3.768
2026-11-13 07:43 PT,3.779
2026-11-13 07:44 PT,3.789
2026-11-13 07:45 PT,3.799
2026-11-13 07:46 PT,3.81
2026-11-13 07:47 PT,3.82
2026-11-13 07:48 PT,3.83
2026-11-13 07:49 PT,3.84
2026-11-13 07:50 PT,3.85
2026-11-13 07:51 PT,3.86
2026-11-13 07:52 PT,3.87
2026-11-13 07:53 PT,3.88
2026-11-13 07:54 PT,3.89
2026-11-13 07:55 PT,3.899
2026-11-13 07:56 PT,3.909
2026-11-13 07:57 PT,3.919
2026-11-13 07:58 PT,3.929
2026-11-13 07:59 PT,3.938
2026-11-13 08:00 PT,3.948
2026-11-13 08:01 PT,3.957
2026-11-13 08:02 PT,3.967
2026-11-13 08:03 PT,3.976
2026-11-13 08:04 PT,3.985
2026-11-13 08:05 PT,3.994
2026-11-13 08:06 PT,4.004
2026-11-13 08:07 PT,4.013
2026-11-13 08:08 PT,4.022
2026-11-13 08:09 PT,4.031
2026-11-13 08:10 PT,4.04
2026-11-13 08:11 PT,4.049
2026-11-13 08:12 PT,4.058
2026-11-13 08:13 PT,4.066
2026-11-13 08:14 PT,4.075
2026-11-13 08:15 PT,4.084
2026-11-13 08:16 PT,4.092
2026-11-13 08:17 PT,4.101
2026-11-13 08:18 PT,4.109
2026-11-13 08:19 PT,4.118
2026-11-13 08:20 PT,4.126
2026-11-13 08:21 PT,4.134
2026-11-13 08:22 PT,4.142
2026-11-13 08:23 PT,4.151
2026-11-13 08:24 PT,4.159
2026-11-13 08:25 PT,4.167
2026-11-13 08:26 PT,4.175
2026-11-13 08:27 PT,4.183
2026-11-13 08:28 PT,4.19
2026-11-13 08:29 PT,4.198
2026-11-13 08:30 PT,4.206
2026-11-13 08:31 PT,4.213
2026-11-13 08:32 PT,4.221
2026-11-13 08:33 PT,4.228
2026-11-13 08:34 PT,4.236
2026-11-13 08:35 PT,4.243
2026-11-13 08:36 PT,4.25
2026-11-13 08:37 PT,4.258
2026-11-13 08:38 PT,4.265
2026-11-13 08:39 PT,4.272
2026-11-13 08:40 PT,4.279
2026-11-13 08:41 PT,4.286
2026-11-13 08:42 PT,4.293
2026-11-13 08:43 PT,4.299
2026-11-13 08:44 PT,4.306
2026-11-13 08:45 PT,4.313
2026-11-13 08:46 PT,4.319
2026-11-13 08:47 PT,4.326
2026-11-13 08:48 PT,4.332
2026-11-13 08:49 PT,4.339
2026-11-13 08:50 PT,4.345
2026-11-13 08:51 PT,4.351
2026-11-13 08:52 PT,4.357
2026-11-13 08:53 PT,4.363
2026-11-13 08:54 PT,4.369
2026-11-13 08:55 PT,4.375
2026-11-13 08:56 PT,4.381
2026-11-13 08:57 PT,4.387
2026-11-13 08:58 PT,4.393
2026-11-13 08:59 PT,4.398
2026-11-13 09:00 PT,4.404
2026-11-13 09:01 PT,4.409
2026-11-13 09:02 PT,4.415
2026-11-13 09:03 PT,4.42
2026-11-13 09:04 PT,4.425
2026-11-13 09:05 PT,4.43
2026-11-13 09:06 PT,4.436
2026-11-13 09:07 PT,4.441
2026-11-13 09:08 PT,4.446
2026-11-13 09:09 PT,4.45
2026-11-13 09:10 PT,4.455
2026-11-13 09:11 PT,4.46
2026-11-13 09:12 PT,4.465
2026-11-13 09:13 PT,4.469
2026-11-13 09:14 PT,4.474
2026-11-13 09:15 PT,4.478
2026-11-13 09:16 PT,4.483
2026-11-13 09:17 PT,4.487
2026-11-13 09:18 PT,4.491
2026-11-13 09:19 PT,4.495
2026-11-13 09:20 PT,4.499
2026-11-13 09:21 PT,4.503
2026-11-13 09:22 PT,4.507
2026-11-13 09:23 PT,4.511
2026-11-13 09:24 PT,4.515
2026-11-13 09:25 PT,4.518
2026-11-13 09:26 PT,4.522
2026-11-13 09:27 PT,4.526
2026-11-13 09:28 PT,4.529
2026-11-13 09:29 PT,4.533
2026-11-13 09:30 PT,4.536
2026-11-13 09:31 PT,4.539
2026-11-13 09:32 PT,4.542
2026-11-13 09:33 PT,4.545
2026-11-13 09:34 PT,4.548
2026-11-13 09:35 PT,4.551
2026-11-13 09:36 PT,4.554
2026-11-13 09:37 PT,4.557
2026-11-13 09:38 PT,4.56
2026-11-13 09:39 PT,4.562
2026-11-13 09:40 PT,4.565
2026-11-13 09:41 PT,4.568
2026-11-13 09:42 PT,4.57
2026-11-13 09:43 PT,4.572
2026-11-13 09:44 PT,4.575
2026-11-13 09:45 PT,4.577
2026-11-13 09:46 PT,4.579
2026-11-13 09:47 PT,4.581
2026-11-13 09:48 PT,4.583
2026-11-13 09:49 PT,4.585
2026-11-13 09:50 PT,4.587
2026-11-13 09:51 PT,4.589
2026-11-13 09:52 PT,4.59
2026-11-13 09:53 PT,4.592
2026-11-13 09:54 PT,4.594
2026-11-13 09:55 PT,4.595
2026-11-13 09:56 PT,4.597
2026-11-13 09:57 PT,4.598
2026-11-13 09:58 PT,4.599
2026-11-13 09:59 PT,4.601
2026-11-13 10:00 PT,4.602
2026-11-13 10:01 PT,4.603
2026-11-13 10:02 PT,4.604
2026-11-13 10:03 PT,4.605
2026-11-13 10:04 PT,4.606
2026-11-13 10:05 PT,4.606
2026-11-13 10:06 PT,4.607
2026-11-13 10:07 PT,4.608
2026-11-13 10:08 PT,4.608
2026-11-13 10:09 PT,4.609
2026-11-13 10:10 PT,4.609
2026-11-13 10:11 PT,4.61
2026-11-13 10:12 PT,4.61
2026-11-13 10:13 PT,4.61
2026-11-13 10:14 PT,4.611
2026-11-13 10:15 PT,4.611
2026-11-13 10:16 PT,4.611
2026-11-13 10:17 PT,4.611
2026-11-13 10:18 PT,4.611
2026-11-13 10:19 PT,4.611
2026-11-13 10:20 PT,4.61
2026-11-13 10:21 PT,4.61
2026-11-13 10:22 PT,4.61
2026-11-13 10:23 PT,4.609
2026-11-13 10:24 PT,4.609
2026-11-13 10:25 PT,4.608
2026-11-13 10:26 PT,4.608
2026-11-13 10:27 PT,4.607
2026-11-13 10:28 PT,4.606
2026-11-13 10:29 PT,4.606
2026-11-13 10:30 PT,4.605
2026-11-13 10:31 PT,4.604
2026-11-13 10:32 PT,4.603
2026-11-13 10:33 PT,4.602
2026-11-13 10:34 PT,4.601
2026-11-13 10:35 PT,4.6
2026-11-13 10:36 PT,4.598
2026-11-13 10:37 PT,4.597
2026-11-13 10:38 PT,4.596
2026-11-13 10:39 PT,4.594
2026-11-13 10:40 PT,4.593
2026-11-13 10:41 PT,4.591
2026-11-13 10:42 PT,4.59
2026-11-13 10:43 PT,4.588
2026-11-13 10:44 PT,4.586
2026-11-13 10:45 PT,4.585
2026-11-13 10:46 PT,4.583
2026-11-13 10:47 PT,4.581
2026-11-13 10:48 PT,4.579
2026-11-13 10:49 PT,4.577
2026-11-13 10:50 PT,4.575
2026-11-13 10:51 PT,4.573
2026-11-13 10:52 PT,4.571
2026-11-13 10:53 PT,4.569
2026-11-13 10:54 PT,4.566
2026-11-13 10:55 PT,4.564
2026-11-13 10:56 PT,4.562
2026-11-13 10:57 PT,4.559
2026-11-13 10:58 PT,4.557
2026-11-13 10:59 PT,4.554
2026-11-13 11:00 PT,4.552
2026-11-13 11:01 PT,4.549
2026-11-13 11:02 PT,4.547
2026-11-13 11:03 PT,4.544
2026-11-13 11:04 PT,4.541
2026-11-13 11:05 PT,4.538
2026-11-13 11:06 PT,4.535
2026-11-13 11:07 PT,4.532
2026-11-13 11:08 PT,4.529
2026-11-13 11:09 PT,4.526
2026-11-13 11:10 PT,4.523
2026-11-13 11:11 PT,4.52
2026-11-13 11:12 PT,4.517
2026-11-13 11:13 PT,4.514
2026-11-13 11:14 PT,4.511
2026-11-13 11:15 PT,4.507
2026-11-13 11:16 PT,4.504
2026-11-13 11:17 PT,4.501
2026-11-13 11:18 PT,4.497
2026-11-13 11:19 PT,4.494
2026-11-13 11:20 PT,4.49
2026-11-13 11:21 PT,4.487
2026-11-13 11:22 PT,4.483
2026-11-13 11:23 PT,4.479
2026-11-13 11:24 PT,4.476
2026-11-13 11:25 PT,4.472
2026-11-13 11:26 PT,4.468
2026-11-13 11:27 PT,4.464
2026-11-13 11:28 PT,4.461
2026-11-13 11:29 PT,4.457
2026-11-13 11:30 PT,4.453
2026-11-13 11:31 PT,4.449
2026-11-13 11:32 PT,4.445
2026-11-13 11:33 PT,4.441
2026-11-13 11:34 PT,4.437
2026-11-13 11:35 PT,4.433
2026-11-13 11:36 PT,4.428
2026-11-13 11:37 PT,4.424
2026-11-13 11:38 PT,4.42
2026-11-13 11:39 PT,4.416
2026-11-13 11:40 PT,4.412
2026-11-13 11:41 PT,4.407
2026-11-13 11:42 PT,4.403
2026-11-13 11:43 PT,4.399
2026-11-13 11:44 PT,4.394
2026-11-13 11:45 PT,4.39
2026-11-13 11:46 PT,4.385
2026-11-13 11:47 PT,4.381
2026-11-13 11:48 PT,4.376
2026-11-13 11:49 PT,4.372
2026-11-13 11:50 PT,4.367
2026-11-13 11:51 PT,4.363
2026-11-13 11:52 PT,4.358
2026-11-13 11:53 PT,4.354
2026-11-13 11:54 PT,4.349
2026-11-13 11:55 PT,4.344
2026-11-13 11:56 PT,4.34
2026-11-13 11:57 PT,4.335
2026-11-13 11:58 PT,4.33
2026-11-13 11:59 PT,4.325
2026-11-13 12:00 PT,4.321
2026-11-13 12:01 PT,4.316
2026-11-13 12:02 PT,4.311
2026-11-13 12:03 PT,4.306
2026-11-13 12:04 PT,4.301
2026-11-13 12:05 PT,4.296
2026-11-13 12:06 PT,4.291
2026-11-13 12:07 PT,4.287
2026-11-13 12:08 PT,4.282
2026-11-13 12:09 PT,4.277
2026-11-13 12:10 PT,4.272
2026-11-13 12:11 PT,4.267
2026-11-13 12:12 PT,4.262
2026-11-13 12:13 PT,4.257
2026-11-13 12:14 PT,4.252
2026-11-13 12:15 PT,4.247
2026-11-13 12:16 PT,4.242
2026-11-13 12:17 PT,4.237
2026-11-13 12:18 PT,4.232
2026-11-13 12:19 PT,4.227
2026-11-13 12:20 PT,4.222
2026-11-13 12:21 PT,4.216
2026-11-13 12:22 PT,4.211
2026-11-13 12:23 PT,4.206
2026-11-13 12:24 PT,4.201
2026-11-13 12:25 PT,4.196
2026-11-13 12:26 PT,4.191
2026-11-13 12:27 PT,4.186
2026-11-13 12:28 PT,4.181
2026-11-13 12:29 PT,4.176
2026-11-13 12:30 PT,4.171
2026-11-13 12:31 PT,4.165
2026-11-13 12:32 PT,4.16
2026-11-13 12:33 PT,4.155
2026-11-13 12:34 PT,4.15
2026-11-13 12:35 PT,4.145
2026-11-13 12:36 PT,4.14
2026-11-13 12:37 PT,4.135
2026-11-13 12:38 PT,4.13
2026-11-13 12:39 PT,4.124
2026-11-13 12:40 PT,4.119
2026-11-13 12:41 PT,4.114
2026-11-13 12:42 PT,4.109
2026-11-13 12:43 PT,4.104
2026-11-13 12:44 PT,4.099
2026-11-13 12:45 PT,4.094
2026-11-13 12:46 PT,4.089
2026-11-13 12:47 PT,4.084
2026-11-13 12:48 PT,4.079
2026-11-13 12:49 PT,4.074
2026-11-13 12:50 PT,4.068
2026-11-13 12:51 PT,4.063
2026-11-13 12:52 PT,4.058
2026-11-13 12:53 PT,4.053
2026-11-13 12:54 PT,4.048
2026-11-13 12:55 PT,4.043
2026-11-13 12:56 PT,4.038
2026-11-13 12:57 PT,4.033
2026-11-13 12:58 PT,4.028
2026-11-13 12:59 PT,4.023
2026-11-13 13:00 PT,4.018
2026-11-13 13:01 PT,4.013
2026-11-13 13:02 PT,4.008
2026-11-13 13:03 PT,4.004
2026-11-13 13:04 PT,3.999
2026-11-13 13:05 PT,3.994
2026-11-13 13:06 PT,3.989
2026-11-13 13:07 PT,3.984
2026-11-13 13:08 PT,3.979
2026-11-13 13:09 PT,3.974
2026-11-13 13:10 PT,3.97
2026-11-13 13:11 PT,3.965
2026-11-13 13:12 PT,3.96
2026-11-13 13:13 PT,3.955
2026-11-13 13:14 PT,3.95
2026-11-13 13:15 PT,3.946
2026-11-13 13:16 PT,3.941
2026-11-13 13:17 PT,3.936
2026-11-13 13:18 PT,3.932
2026-11-13 13:19 PT,3.927
2026-11-13 13:20 PT,3.922
2026-11-13 13:21 PT,3.918
2026-11-13 13:22 PT,3.913
2026-11-13 13:23 PT,3.909
2026-11-13 13:24 PT,3.904
2026-11-13 13:25 PT,3.899
2026-11-13 13:26 PT,3.895
2026-11-13 13:27 PT,3.89
2026-11-13 13:28 PT,3.886
2026-11-13 13:29 PT,3.882
2026-11-13 13:30 PT,3.877
2026-11-13 13:31 PT,3.873
2026-11-13 13:32 PT,3.868
2026-11-13 13:33 PT,3.864
2026-11-13 13:34 PT,3.86
2026-11-13 13:35 PT,3.855
2026-11-13 13:36 PT,3.851
2026-11-13 13:37 PT,3.847
2026-11-13 13:38 PT,3.843
2026-11-13 13:39 PT,3.838
2026-11-13 13:40 PT,3.834
2026-11-13 13:41 PT,3.83
2026-11-13 13:42 PT,3.826
2026-11-13 13:43 PT,3.822
2026-11-13 13:44 PT,3.818
2026-11-13 13:45 PT,3.814
2026-11-13 13:46 PT,3.81
2026-11-13 13:47 PT,3.806
2026-11-13 13:48 PT,3.802
2026-11-13 13:49 PT,3.798
2026-11-13 13:50 PT,3.794
2026-11-13 13:51 PT,3.79
2026-11-13 13:52 PT,3.786
2026-11-13 13:53 PT,3.782
2026-11-13 13:54 PT,3.778
2026-11-13 13:55 PT,3.775
2026-11-13 13:56 PT,3.771
2026-11-13 13:57 PT,3.767
2026-11-13 13:58 PT,3.764
2026-11-13 13:59 PT,3.76
2026-11-13 14:00 PT,3.756
2026-11-13 14:01 PT,3.753
2026-11-13 14:02 PT,3.749
2026-11-13 14:03 PT,3.746
2026-11-13 14:04 PT,3.742
2026-11-13 14:05 PT,3.739
2026-11-13 14:06 PT,3.735
2026-11-13 14:07 PT,3.732
2026-11-13 14:08 PT,3.728
2026-11-13 14:09 PT,3.725
2026-11-13 14:10 PT,3.722
2026-11-13 14:11 PT,3.718
2026-11-13 14:12 PT,3.715
2026-11-13 14:13 PT,3.712
2026-11-13 14:14 PT,3.709
2026-11-13 14:15 PT,3.706
2026-11-13 14:16 PT,3.702
2026-11-13 14:17 PT,3.699
2026-11-13 14:18 PT,3.696
2026-11-13 14:19 PT,3.693
2026-11-13 14:20 PT,3.69
2026-11-13 14:21 PT,3.687
2026-11-13 14:22 PT,3.684
2026-11-13 14:23 PT,3.681
2026-11-13 14:24 PT,3.679
2026-11-13 14:25 PT,3.676
2026-11-13 14:26 PT,3.673
2026-11-13 14:27 PT,3.67
2026-11-13 14:28 PT,3.667
2026-11-13 14:29 PT,3.665
2026-11-13 14:30 PT,3.662
2026-11-13 14:31 PT,3.659
2026-11-13 14:32 PT,3.657
2026-11-13 14:33 PT,3.654
2026-11-13 14:34 PT,3.652
2026-11-13 14:35 PT,3.649
2026-11-13 14:36 PT,3.647
2026-11-13 14:37 PT,3.644
2026-11-13 14:38 PT,3.642
2026-11-13 14:39 PT,3.639
2026-11-13 14:40 PT,3.637
2026-11-13 14:41 PT,3.635
2026-11-13 14:42 PT,3.633
2026-11-13 14:43 PT,3.63
2026-11-13 14:44 PT,3.628
2026-11-13 14:45 PT,3.626
2026-11-13 14:46 PT,3.624
2026-11-13 14:47 PT,3.622
2026-11-13 14:48 PT,3.62
2026-11-13 14:49 PT,3.618
2026-11-13 14:50 PT,3.616
2026-11-13 14:51 PT,3.614
2026-11-13 14:52 PT,3.612
2026-11-13 14:53 PT,3.61
2026-11-13 14:54 PT,3.608
2026-11-13 14:55 PT,3.606
2026-11-13 14:56 PT,3.604
2026-11-13 14:57 PT,3.603
2026-11-13 14:58 PT,3.601
2026-11-13 14:59 PT,3.599
2026-11-13 15:00 PT,3.598
2026-11-13 15:01 PT,3.596
2026-11-13 15:02 PT,3.594
2026-11-13 15:03 PT,3.593
2026-11-13 15:04 PT,3.591
2026-11-13 15:05 PT,3.59
2026-11-13 15:06 PT,3.588
2026-11-13 15:07 PT,3.587
2026-11-13 15:08 PT,3.586
2026-11-13 15:09 PT,3.584
2026-11-13 15:10 PT,3.583
2026-11-13 15:11 PT,3.582
2026-11-13 15:12 PT,3.581
2026-11-13 15:13 PT,3.579
2026-11-13 15:14 PT,3.578
2026-11-13 15:15 PT,3.577
2026-11-13 15:16 PT,3.576
2026-11-13 15:17 PT,3.575
2026-11-13 15:18 PT,3.574
2026-11-13 15:19 PT,3.573
2026-11-13 15:20 PT,3.572
2026-11-13 15:21 PT,3.571
2026-11-13 15:22 PT,3.57
2026-11-13 15:23 PT,3.569
2026-11-13 15:24 PT,3.569
2026-11-13 15:25 PT,3.568
2026-11-13 15:26 PT,3.567
2026-11-13 15:27 PT,3.566
2026-11-13 15:28 PT,3.566
2026-11-13 15:29 PT,3.565
2026-11-13 15:30 PT,3.564
2026-11-13 15:31 PT,3.564
2026-11-13 15:32 PT,3.563
2026-11-13 15:33 PT,3.563
2026-11-13 15:34 PT,3.562
2026-11-13 15:35 PT,3.562
2026-11-13 15:36 PT,3.561
2026-11-13 15:37 PT,3.561
2026-11-13 15:38 PT,3.561
2026-11-13 15:39 PT,3.56
2026-11-13 15:40 PT,3.56
2026-11-13 15:41 PT,3.56
2026-11-13 15:42 PT,3.56
2026-11-13 15:43 PT,3.559
2026-11-13 15:44 PT,3.559
2026-11-13 15:45 PT,3.559
2026-11-13 15:46 PT,3.559
2026-11-13 15:47 PT,3.559
2026-11-13 15:48 PT,3.559
2026-11-13 15:49 PT,3.559
2026-11-13 15:50 PT,3.559
2026-11-13 15:51 PT,3.559
2026-11-13 15:52 PT,3.559
2026-11-13 15:53 PT,3.559
2026-11-13 15:54 PT,3.559
2026-11-13 15:55 PT,3.56
2026-11-13 15:56 PT,3.56
2026-11-13 15:57 PT,3.56
2026-11-13 15:58 PT,3.56
2026-11-13 15:59 PT,3.561
2026-11-13 16:00 PT,3.561
2026-11-13 16:01 PT,3.561
2026-11-13 16:02 PT,3.562
2026-11-13 16:03 PT,3.562
2026-11-13 16:04 PT,3.563
2026-11-13 16:05 PT,3.563
2026-11-13 16:06 PT,3.564
2026-11-13 16:07 PT,3.564
2026-11-13 16:08 PT,3.565
2026-11-13 16:09 PT,3.565
2026-11-13 16:10 PT,3.566
2026-11-13 16:11 PT,3.566
2026-11-13 16:12 PT,3.567
2026-11-13 16:13 PT,3.568
2026-11-13 16:14 PT,3.568
2026-11-13 16:15 PT,3.569
2026-11-13 16:16 PT,3.57
2026-11-13 16:17 PT,3.571
2026-11-13 16:18 PT,3.571
2026-11-13 16:19 PT,3.572
2026-11-13 16:20 PT,3.573
2026-11-13 16:21 PT,3.574
2026-11-13 16:22 PT,3.575
2026-11-13 16:23 PT,3.576
2026-11-13 16:24 PT,3.577
2026-11-13 16:25 PT,3.578
2026-11-13 16:26 PT,3.579
2026-11-13 16:27 PT,3.58
2026-11-13 16:28 PT,3.581
2026-11-13 16:29 PT,3.582
2026-11-13 16:30 PT,3.583
2026-11-13 16:31 PT,3.584
2026-11-13 16:32 PT,3.585
2026-11-13 16:33 PT,3.586
2026-11-13 16:34 PT,3.587
2026-11-13 16:35 PT,3.588
2026-11-13 16:36 PT,3.589
2026-11-13 16:37 PT,3.59
2026-11-13 16:38 PT,3.592
2026-11-13 16:39 PT,3.593
2026-11-13 16:40 PT,3.594
2026-11-13 16:41 PT,3.595
2026-11-13 16:42 PT,3.597
2026-11-13 16:43 PT,3.598
2026-11-13 16:44 PT,3.599
2026-11-13 16:45 PT,3.6
2026-11-13 16:46 PT,3.602
2026-11-13 16:47 PT,3.603
2026-11-13 16:48 PT,3.604
2026-11-13 16:49 PT,3.606
2026-11-13 16:50 PT,3.607
2026-11-13 16:51 PT,3.609
2026-11-13 16:52 PT,3.61
2026-11-13 16:53 PT,3.611
2026-11-13 16:54 PT,3.613
2026-11-13 16:55 PT,3.614
2026-11-13 16:56 PT,3.616
2026-11-13 16:57 PT,3.617
2026-11-13 16:58 PT,3.619
2026-11-13 16:59 PT,3.62
2026-11-13 17:00 PT,3.621
2026-11-13 17:01 PT,3.623
2026-11-13 17:02 PT,3.624
2026-11-13 17:03 PT,3.626
2026-11-13 17:04 PT,3.627
2026-11-13 17:05 PT,3.629
2026-11-13 17:06 PT,3.631
2026-11-13 17:07 PT,3.632
2026-11-13 17:08 PT,3.634
2026-11-13 17:09 PT,3.635
2026-11-13 17:10 PT,3.637
2026-11-13 17:11 PT,3.638
2026-11-13 17:12 PT,3.64
2026-11-13 17:13 PT,3.641
2026-11-13 17:14 PT,3.643
2026-11-13 17:15 PT,3.644
2026-11-13 17:16 PT,3.646
2026-11-13 17:17 PT,3.648
2026-11-13 17:18 PT,3.649
2026-11-13 17:19 PT,3.651
2026-11-13 17:20 PT,3.652
2026-11-13 17:21 PT,3.654
2026-11-13 17:22 PT,3.656
2026-11-13 17:23 PT,3.657
2026-11-13 17:24 PT,3.659
2026-11-13 17:25 PT,3.66
2026-11-13 17:26 PT,3.662
2026-11-13 17:27 PT,3.663
2026-11-13 17:28 PT,3.665
2026-11-13 17:29 PT,3.667
2026-11-13 17:30 PT,3.668
2026-11-13 17:31 PT,3.67
2026-11-13 17:32 PT,3.671
2026-11-13 17:33 PT,3.673
2026-11-13 17:34 PT,3.675
2026-11-13 17:35 PT,3.676
2026-11-13 17:36 PT,3.678
2026-11-13 17:37 PT,3.679
2026-11-13 17:38 PT,3.681
2026-11-13 17:39 PT,3.682
2026-11-13 17:40 PT,3.684
2026-11-13 17:41 PT,3.685
2026-11-13 17:42 PT,3.687
2026-11-13 17:43 PT,3.689
2026-11-13 17:44 PT,3.69
2026-11-13 17:45 PT,3.692
2026-11-13 17:46 PT,3.693
2026-11-13 17:47 PT,3.695
2026-11-13 17:48 PT,3.696
2026-11-13 17:49 PT,3.698
2026-11-13 17:50 PT,3.699
2026-11-13 17:51 PT,3.701
2026-11-13 17:52 PT,3.702
2026-11-13 17:53 PT,3.704
2026-11-13 17:54 PT,3.705
2026-11-13 17:55 PT,3.706
2026-11-13 17:56 PT,3.708
2026-11-13 17:57 PT,3.709
2026-11-13 17:58 PT,3.711
2026-11-13 17:59 PT,3.712
2026-11-13 18:00 PT,3.714
2026-11-13 18:01 PT,3.715
2026-11-13 18:02 PT,3.716
2026-11-13 18:03 PT,3.718
2026-11-13 18:04 PT,3.719
2026-11-13 18:05 PT,3.72
2026-11-13 18:06 PT,3.722
2026-11-13 18:07 PT,3.723
2026-11-13 18:08 PT,3.724
2026-11-13 18:09 PT,3.726
2026-11-13 18:10 PT,3.727
2026-11-13 18:11 PT,3.728
2026-11-13 18:12 PT,3.73
2026-11-13 18:13 PT,3.731
2026-11-13 18:14 PT,3.732
2026-11-13 18:15 PT,3.733
2026-11-13 18:16 PT,3.735
2026-11-13 18:17 PT,3.736
2026-11-13 18:18 PT,3.737
2026-11-13 18:19 PT,3.738
2026-11-13 18:20 PT,3.739
2026-11-13 18:21 PT,3.74
2026-11-13 18:22 PT,3.741
2026-11-13 18:23 PT,3.743
2026-11-13 18:24 PT,3.744
2026-11-13 18:25 PT,3.745
2026-11-13 18:26 PT,3.746
2026-11-13 18:27 PT,3.747
2026-11-13 18:28 PT,3.748
2026-11-13 18:29 PT,3.749
2026-11-13 18:30 PT,3.75
2026-11-13 18:31 PT,3.751
2026-11-13 18:32 PT,3.752
2026-11-13 18:33 PT,3.752
2026-11-13 18:34 PT,3.753
2026-11-13 18:35 PT,3.754
2026-11-13 18:36 PT,3.755
2026-11-13 18:37 PT,3.756
2026-11-13 18:38 PT,3.757
2026-11-13 18:39 PT,3.757
2026-11-13 18:40 PT,3.758
2026-11-13 18:41 PT,3.759
2026-11-13 18:42 PT,3.76
2026-11-13 18:43 PT,3.76
2026-11-13 18:44 PT,3.761
2026-11-13 18:45 PT,3.762
2026-11-13 18:46 PT,3.762
2026-11-13 18:47 PT,3.763
2026-11-13 18:48 PT,3.764
2026-11-13 18:49 PT,3.764
2026-11-13 18:50 PT,3.765
2026-11-13 18:51 PT,3.765
2026-11-13 18:52 PT,3.766
2026-11-13 18:53 PT,3.766
2026-11-13 18:54 PT,3.766
2026-11-13 18:55 PT,3.767
2026-11-13 18:56 PT,3.767
2026-11-13 18:57 PT,3.768
2026-11-13 18:58 PT,3.768
2026-11-13 18:59 PT,3.768
2026-11-13 19:00 PT,3.768
2026-11-13 19:01 PT,3.769
2026-11-13 19:02 PT,3.769
2026-11-13 19:03 PT,3.769
2026-11-13 19:04 PT,3.769
2026-11-13 19:05 PT,3.769
2026-11-13 19:06 PT,3.769
2026-11-13 19:07 PT,3.769
2026-11-13 19:08 PT,3.769
2026-11-13 19:09 PT,3.769
2026-11-13 19:10 PT,3.769
2026-11-13 19:11 PT,3.769
2026-11-13 19:12 PT,3.769
2026-11-13 19:13 PT,3.769
2026-11-13 19:14 PT,3.769
2026-11-13 19:15 PT,3.769
2026-11-13 19:16 PT,3.768
2026-11-13 19:17 PT,3.768
2026-11-13 19:18 PT,3.768
2026-11-13 19:19 PT,3.767
2026-11-13 19:20 PT,3.767
2026-11-13 19:21 PT,3.767
2026-11-13 19:22 PT,3.766
2026-11-13 19:23 PT,3.766
2026-11-13 19:24 PT,3.765
2026-11-13 19:25 PT,3.764
2026-11-13 19:26 PT,3.764
2026-11-13 19:27 PT,3.763
2026-11-13 19:28 PT,3.763
2026-11-13 19:29 PT,3.762
2026-11-13 19:30 PT,3.761
2026-11-13 19:31 PT,3.76
2026-11-13 19:32 PT,3.759
2026-11-13 19:33 PT,3.758
2026-11-13 19:34 PT,3.758
2026-11-13 19:35 PT,3.757
2026-11-13 19:36 PT,3.756
2026-11-13 19:37 PT,3.755
2026-11-13 19:38 PT,3.753
2026-11-13 19:39 PT,3.752
2026-11-13 19:40 PT,3.751
2026-11-13 19:41 PT,3.75
2026-11-13 19:42 PT,3.749
2026-11-13 19:43 PT,3.747
2026-11-13 19:44 PT,3.746
2026-11-13 19:45 PT,3.745
2026-11-13 19:46 PT,3.743
2026-11-13 19:47 PT,3.742
2026-11-13 19:48 PT,3.74
2026-11-13 19:49 PT,3.738
2026-11-13 19:50 PT,3.737
2026-11-13 19:51 PT,3.735
2026-11-13 19:52 PT,3.733
2026-11-13 19:53 PT,3.732
2026-11-13 19:54 PT,3.73
2026-11-13 19:55 PT,3.728
2026-11-13 19:56 PT,3.726
2026-11-13 19:57 PT,3.724
2026-11-13 19:58 PT,3.722
2026-11-13 19:59 PT,3.72
2026-11-13 20:00 PT,3.718
2026-11-13 20:01 PT,3.716
2026-11-13 20:02 PT,3.714
2026-11-13 20:03 PT,3.711
2026-11-13 20:04 PT,3.709
2026-11-13 20:05 PT,3.707
2026-11-13 20:06 PT,3.704
2026-11-13 20:07 PT,3.702
2026-11-13 20:08 PT,3.699
2026-11-13 20:09 PT,3.697
2026-11-13 20:10 PT,3.694
2026-11-13 20:11 PT,3.691
2026-11-13 20:12 PT,3.689
2026-11-13 20:13 PT,3.686
2026-11-13 20:14 PT,3.683
2026-11-13 20:15 PT,3.68
2026-11-13 20:16 PT,3.677
2026-11-13 20:17 PT,3.674
2026-11-13 20:18 PT,3.671
2026-11-13 20:19 PT,3.668
2026-11-13 20:20 PT,3.665
2026-11-13 20:21 PT,3.662
2026-11-13 20:22 PT,3.659
2026-11-13 20:23 PT,3.655
2026-11-13 20:24 PT,3.652
2026-11-13 20:25 PT,3.649
2026-11-13 20:26 PT,3.645
2026-11-13 20:27 PT,3.642
2026-11-13 20:28 PT,3.638
2026-11-13 20:29 PT,3.635
2026-11-13 20:30 PT,3.631
2026-11-13 20:31 PT,3.627
2026-11-13 20:32 PT,3.623
2026-11-13 20:33 PT,3.62
2026-11-13 20:34 PT,3.616
2026-11-13 20:35 PT,3.612
2026-11-13 20:36 PT,3.608
2026-11-13 20:37 PT,3.604
2026-11-13 20:38 PT,3.6
2026-11-13 20:39 PT,3.596
2026-11-13 20:40 PT,3.591
2026-11-13 20:41 PT,3.587
2026-11-13 20:42 PT,3.583
2026-11-13 20:43 PT,3.579
2026-11-13 20:44 PT,3.574
2026-11-13 20:45 PT,3.57
2026-11-13 20:46 PT,3.565
2026-11-13 20:47 PT,3.561
2026-11-13 20:48 PT,3.556
2026-11-13 20:49 PT,3.551
2026-11-13 20:50 PT,3.547
2026-11-13 20:51 PT,3.542
2026-11-13 20:52 PT,3.537
2026-11-13 20:53 PT,3.532
2026-11-13 20:54 PT,3.527
2026-11-13 20:55 PT,3.522
2026-11-13 20:56 PT,3.517
2026-11-13 20:57 PT,3.512
2026-11-13 20:58 PT,3.507
2026-11-13 20:59 PT,3.502
2026-11-13 21:00 PT,3.497
2026-11-13 21:01 PT,3.491
2026-11-13 21:02 PT,3.486
2026-11-13 21:03 PT,3.481
2026-11-13 21:04 PT,3.475
2026-11-13 21:05 PT,3.47
2026-11-13 21:06 PT,3.464
2026-11-13 21:07 PT,3.459
2026-11-13 21:08 PT,3.453
2026-11-13 21:09 PT,3.448
2026-11-13 21:10 PT,3.442
2026-11-13 21:11 PT,3.436
2026-11-13 21:12 PT,3.43
2026-11-13 21:13 PT,3.424
2026-11-13 21:14 PT,3.419
2026-11-13 21:15 PT,3.413
2026-11-13 21:16 PT,3.407
2026-11-13 21:17 PT,3.401
2026-11-13 21:18 PT,3.395
2026-11-13 21:19 PT,3.388
2026-11-13 21:20 PT,3.382
2026-11-13 21:21 PT,3.376
2026-11-13 21:22 PT,3.37
2026-11-13 21:23 PT,3.364
2026-11-13 21:24 PT,3.357
2026-11-13 21:25 PT,3.351
2026-11-13 21:26 PT,3.345
2026-11-13 21:27 PT,3.338
2026-11-13 21:28 PT,3.332
2026-11-13 21:29 PT,3.325
2026-11-13 21:30 PT,3.318
2026-11-13 21:31 PT,3.312
2026-11-13 21:32 PT,3.305
2026-11-13 21:33 PT,3.299
2026-11-13 21:34 PT,3.292
2026-11-13 21:35 PT,3.285
2026-11-13 21:36 PT,3.278
2026-11-13 21:37 PT,3.271
2026-11-13 21:38 PT,3.265
2026-11-13 21:39 PT,3.258
2026-11-13 21:40 PT,3.251
2026-11-13 21:41 PT,3.244
2026-11-13 21:42 PT,3.237
2026-11-13 21:43 PT,3.23
2026-11-13 21:44 PT,3.223
2026-11-13 21:45 PT,3.215
2026-11-13 21:46 PT,3.208
2026-11-13 21:47 PT,3.201
2026-11-13 21:48 PT,3.194
2026-11-13 21:49 PT,3.187
2026-11-13 21:50 PT,3.179
2026-11-13 21:51 PT,3.172
2026-11-13 21:52 PT,3.165
2026-11-13 21:53 PT,3.157
2026-11-13 21:54 PT,3.15
2026-11-13 21:55 PT,3.142
2026-11-13 21:56 PT,3.135
2026-11-13 21:57 PT,3.127
2026-11-13 21:58 PT,3.12
2026-11-13 21:59 PT,3.112
2026-11-13 22:00 PT,3.105
2026-11-13 22:01 PT,3.097
2026-11-13 22:02 PT,3.09
2026-11-13 22:03 PT,3.082
2026-11-13 22:04 PT,3.074
2026-11-13 22:05 PT,3.066
2026-11-13 22:06 PT,3.059
2026-11-13 22:07 PT,3.051
2026-11-13 22:08 PT,3.043
2026-11-13 22:09 PT,3.035
2026-11-13 22:10 PT,3.028
2026-11-13 22:11 PT,3.02
2026-11-13 22:12 PT,3.012
2026-11-13 22:13 PT,3.004
2026-11-13 22:14 PT,2.996
2026-11-13 22:15 PT,2.988
2026-11-13 22:16 PT,2.98
2026-11-13 22:17 PT,2.972
2026-11-13 22:18 PT,2.964
2026-11-13 22:19 PT,2.956
2026-11-13 22:20 PT,2.948
2026-11-13 22:21 PT,2.94
2026-11-13 22:22 PT,2.932
2026-11-13 22:23 PT,2.924
2026-11-13 22:24 PT,2.916
2026-11-13 22:25 PT,2.907
2026-11-13 22:26 PT,2.899
2026-11-13 22:27 PT,2.891
2026-11-13 22:28 PT,2.883
2026-11-13 22:29 PT,2.875
2026-11-13 22:30 PT,2.866
2026-11-13 22:31 PT,2.858
2026-11-13 22:32 PT,2.85
2026-11-13 22:33 PT,2.842
2026-11-13 22:34 PT,2.833
2026-11-13 22:35 PT,2.825
2026-11-13 22:36 PT,2.817
2026-11-13 22:37 PT,2.808
2026-11-13 22:38 PT,2.8
2026-11-13 22:39 PT,2.791
2026-11-13 22:40 PT,2.783
2026-11-13 22:41 PT,2.775
2026-11-13 22:42 PT,2.766
2026-11-13 22:43 PT,2.758
2026-11-13 22:44 PT,2.749
2026-11-13 22:45 PT,2.741
2026-11-13 22:46 PT,2.732
2026-11-13 22:47 PT,2.724
2026-11-13 22:48 PT,2.715
2026-11-13 22:49 PT,2.707
2026-11-13 22:50 PT,2.698
2026-11-13 22:51 PT,2.69
2026-11-13 22:52 PT,2.681
2026-11-13 22:53 PT,2.673
2026-11-13 22:54 PT,2.664
2026-11-13 22:55 PT,2.656
2026-11-13 22:56 PT,2.647
2026-11-13 22:57 PT,2.638
2026-11-13 22:58 PT,2.63
2026-11-13 22:59 PT,2.621
2026-11-13 23:00 PT,2.613
2026-11-13 23:01 PT,2.604
2026-11-13 23:02 PT,2.595
2026-11-13 23:03 PT,2.587
2026-11-13 23:04 PT,2.578
2026-11-13 23:05 PT,2.569
2026-11-13 23:06 PT,2.561
2026-11-13 23:07 PT,2.552
2026-11-13 23:08 PT,2.543
2026-11-13 23:09 PT,2.534
2026-11-13 23:10 PT,2.526
2026-11-13 23:11 PT,2.517
2026-11-13 23:12 PT,2.508
2026-11-13 23:13 PT,2.5
2026-11-13 23:14 PT,2.491
2026-11-13 23:15 PT,2.482
2026-11-13 23:16 PT,2.473
2026-11-13 23:17 PT,2.465
2026-11-13 23:18 PT,2.456
2026-11-13 23:19 PT,2.447
2026-11-13 23:20 PT,2.438
2026-11-13 23:21 PT,2.429
2026-11-13 23:22 PT,2.421
2026-11-13 23:23 PT,2.412
2026-11-13 23:24 PT,2.403
2026-11-13 23:25 PT,2.394
2026-11-13 23:26 PT,2.385
2026-11-13 23:27 PT,2.377
2026-11-13 23:28 PT,2.368
2026-11-13 23:29 PT,2.359
2026-11-13 23:30 PT,2.35
2026-11-13 23:31 PT,2.341
2026-11-13 23:32 PT,2.332
2026-11-13 23:33 PT,2.324
2026-11-13 23:34 PT,2.315
2026-11-13 23:35 PT,2.306
2026-11-13 23:36 PT,2.297
2026-11-13 23:37 PT,2.288
2026-11-13 23:38 PT,2.279
2026-11-13 23:39 PT,2.271
2026-11-13 23:40 PT,2.262
2026-11-13 23:41 PT,2.253
2026-11-13 23:42 PT,2.244
2026-11-13 23:43 PT,2.235
2026-11-13 23:44 PT,2.226
2026-11-13 23:45 PT,2.217
2026-11-13 23:46 PT,2.208
2026-11-13 23:47 PT,2.2
2026-11-13 23:48 PT,2.191
2026-11-13 23:49 PT,2.182
2026-11-13 23:50 PT,2.173
2026-11-13 23:51 PT,2.164
2026-11-13 23:52 PT,2.155
2026-11-13 23:53 PT,2.146
2026-11-13 23:54 PT,2.138
2026-11-13 23:55 PT,2.129
2026-11-13 23:56 PT,2.12
2026-11-13 23:57 PT,2.111
2026-11-13 23:58 PT,2.102
2026-11-13 23:59 PT,2.093
2026-11-14 00:00 PT,2.085
2026-11-14 00:01 PT,2.076
2026-11-14 00:02 PT,2.067
2026-11-14 00:03 PT,2.058
2026-11-14 00:04 PT,2.049
2026-11-14 00:05 PT,2.04
2026-11-14 00:06 PT,2.032
2026-11-14 00:07 PT,2.023
2026-11-14 00:08 PT,2.014
2026-11-14 00:09 PT,2.005
2026-11-14 00:10 PT,1.996
2026-11-14 00:11 PT,1.988
2026-11-14 00:12 PT,1.979
2026-11-14 00:13 PT,1.97
2026-11-14 00:14 PT,1.961
2026-11-14 00:15 PT,1.953
2026-11-14 00:16 PT,1.944
2026-11-14 00:17 PT,1.935
2026-11-14 00:18 PT,1.926
2026-11-14 00:19 PT,1.918
2026-11-14 00:20 PT,1.909
2026-11-14 00:21 PT,1.9
2026-11-14 00:22 PT,1.891
2026-11-14 00:23 PT,1.883
2026-11-14 00:24 PT,1.874
2026-11-14 00:25 PT,1.866
2026-11-14 00:26 PT,1.857
2026-11-14 00:27 PT,1.848
2026-11-14 00:28 PT,1.84
2026-11-14 00:29 PT,1.831
2026-11-14 00:30 PT,1.822
2026-11-14 00:31 PT,1.814
2026-11-14 00:32 PT,1.805
2026-11-14 00:33 PT,1.797
2026-11-14 00:34 PT,1.788
2026-11-14 00:35 PT,1.78
2026-11-14 00:36 PT,1.771
2026-11-14 00:37 PT,1.763
2026-11-14 00:38 PT,1.754
2026-11-14 00:39 PT,1.746
2026-11-14 00:40 PT,1.738
2026-11-14 00:41 PT,1.729
2026-11-14 00:42 PT,1.721
2026-11-14 00:43 PT,1.712
2026-11-14 00:44 PT,1.704
2026-11-14 00:45 PT,1.696
2026-11-14 00:46 PT,1.687
2026-11-14 00:47 PT,1.679
2026-11-14 00:48 PT,1.671
2026-11-14 00:49 PT,1.663
2026-11-14 00:50 PT,1.655
2026-11-14 00:51 PT,1.646
2026-11-14 00:52 PT,1.638
2026-11-14 00:53 PT,1.63
2026-11-14 00:54 PT,1.622
2026-11-14 00:55 PT,1.614
2026-11-14 00:56 PT,1.606
2026-11-14 00:57 PT,1.598
2026-11-14 00:58 PT,1.59
2026-11-14 00:59 PT,1.582
2026-11-14 01:00 PT,1.574
2026-11-14 01:01 PT,1.566
2026-11-14 01:02 PT,1.558
2026-11-14 01:03 PT,1.55
2026-11-14 01:04 PT,1.543
2026-11-14 01:05 PT,1.535
2026-11-14 01:06 PT,1.527
2026-11-14 01:07 PT,1.519
2026-11-14 01:08 PT,1.512
2026-11-14 01:09 PT,1.504
2026-11-14 01:10 PT,1.496
2026-11-14 01:11 PT,1.489
2026-11-14 01:12 PT,1.481
2026-11-14 01:13 PT,1.474
2026-11-14 01:14 PT,1.466
2026-11-14 01:15 PT,1.459
2026-11-14 01:16 PT,1.452
2026-11-14 01:17 PT,1.444
2026-11-14 01:18 PT,1.437
2026-11-14 01:19 PT,1.43
2026-11-14 01:20 PT,1.422
2026-11-14 01:21 PT,1.415
2026-11-14 01:22 PT,1.408
2026-11-14 01:23 PT,1.401
2026-11-14 01:24 PT,1.394
2026-11-14 01:25 PT,1.387
2026-11-14 01:26 PT,1.38
2026-11-14 01:27 PT,1.373
2026-11-14 01:28 PT,1.366
2026-11-14 01:29 PT,1.359
2026-11-14 01:30 PT,1.353
2026-11-14 01:31 PT,1.346
2026-11-14 01:32 PT,1.339
2026-11-14 01:33 PT,1.332
2026-11-14 01:34 PT,1.326
2026-11-14 01:35 PT,1.319
2026-11-14 01:36 PT,1.313
2026-11-14 01:37 PT,1.306
2026-11-14 01:38 PT,1.3
2026-11-14 01:39 PT,1.294
2026-11-14 01:40 PT,1.287
2026-11-14 01:41 PT,1.281
2026-11-14 01:42 PT,1.275
2026-11-14 01:43 PT,1.269
2026-11-14 01:44 PT,1.263
2026-11-14 01:45 PT,1.257
2026-11-14 01:46 PT,1.251
2026-11-14 01:47 PT,1.245
2026-11-14 01:48 PT,1.239
2026-11-14 01:49 PT,1.233
2026-11-14 01:50 PT,1.227
2026-11-14 01:51 PT,1.222
2026-11-14 01:52 PT,1.216
2026-11-14 01:53 PT,1.21
2026-11-14 01:54 PT,1.205
2026-11-14 01:55 PT,1.199
2026-11-14 01:56 PT,1.194
2026-11-14 01:57 PT,1.189
2026-11-14 01:58 PT,1.183
2026-11-14 01:59 PT,1.178
2026-11-14 02:00 PT,1.173
2026-11-14 02:01 PT,1.168
2026-11-14 02:02 PT,1.163
2026-11-14 02:03 PT,1.158
2026-11-14 02:04 PT,1.153
2026-11-14 02:05 PT,1.148
2026-11-14 02:06 PT,1.144
2026-11-14 02:07 PT,1.139
2026-11-14 02:08 PT,1.134
2026-11-14 02:09 PT,1.13
2026-11-14 02:10 PT,1.125
2026-11-14 02:11 PT,1.121
2026-11-14 02:12 PT,1.116
2026-11-14 02:13 PT,1.112
2026-11-14 02:14 PT,1.108
2026-11-14 02:15 PT,1.104
2026-11-14 02:16 PT,1.1
2026-11-14 02:17 PT,1.096
2026-11-14 02:18 PT,1.092
2026-11-14 02:19 PT,1.088
2026-11-14 02:20 PT,1.084
2026-11-14 02:21 PT,1.081
2026-11-14 02:22 PT,1.077
2026-11-14 02:23 PT,1.073
2026-11-14 02:24 PT,1.07
2026-11-14 02:25 PT,1.066
2026-11-14 02:26 PT,1.063
2026-11-14 02:27 PT,1.06
2026-11-14 02:28 PT,1.057
2026-11-14 02:29 PT,1.054
2026-11-14 02:30 PT,1.051
2026-11-14 02:31 PT,1.048
2026-11-14 02:32 PT,1.045
2026-11-14 02:33 PT,1.042
2026-11-14 02:34 PT,1.039
2026-11-14 02:35 PT,1.037
2026-11-14 02:36 PT,1.034
2026-11-14 02:37 PT,1.032
2026-11-14 02:38 PT,1.029
2026-11-14 02:39 PT,1.027
2026-11-14 02:40 PT,1.025
2026-11-14 02:41 PT,1.022
2026-11-14 02:42 PT,1.02
2026-11-14 02:43 PT,1.018
2026-11-14 02:44 PT,1.016
2026-11-14 02:45 PT,1.015
2026-11-14 02:46 PT,1.013
2026-11-14 02:47 PT,1.011
2026-11-14 02:48 PT,1.01
2026-11-14 02:49 PT,1.008
2026-11-14 02:50 PT,1.007
2026-11-14 02:51 PT,1.005
2026-11-14 02:52 PT,1.004
2026-11-14 02:53 PT,1.003
2026-11-14 02:54 PT,1.002
2026-11-14 02:55 PT,1.001
2026-11-14 02:56 PT,1
2026-11-14 02:57 PT,0.999
2026-11-14 02:58 PT,0.999
2026-11-14 02:59 PT,0.998
2026-11-14 03:00 PT,0.997
2026-11-14 03:01 PT,0.997
2026-11-14 03:02 PT,0.997
2026-11-14 03:03 PT,0.996
2026-11-14 03:04 PT,0.996
2026-11-14 03:05 PT,0.996
2026-11-14 03:06 PT,0.996
2026-11-14 03:07 PT,0.996
2026-11-14 03:08 PT,0.996
2026-11-14 03:09 PT,0.997
2026-11-14 03:10 PT,0.997
2026-11-14 03:11 PT,0.997
2026-11-14 03:12 PT,0.998
2026-11-14 03:13 PT,0.998
2026-11-14 03:14 PT,0.999
2026-11-14 03:15 PT,1
2026-11-14 03:16 PT,1.001
2026-11-14 03:17 PT,1.002
2026-11-14 03:18 PT,1.003
2026-11-14 03:19 PT,1.004
2026-11-14 03:20 PT,1.005
2026-11-14 03:21 PT,1.007
2026-11-14 03:22 PT,1.008
2026-11-14 03:23 PT,1.009
2026-11-14 03:24 PT,1.011
2026-11-14 03:25 PT,1.013
2026-11-14 03:26 PT,1.015
2026-11-14 03:27 PT,1.016
2026-11-14 03:28 PT,1.018
2026-11-14 03:29 PT,1.02
2026-11-14 03:30 PT,1.023
2026-11-14 03:31 PT,1.025
2026-11-14 03:32 PT,1.027
2026-11-14 03:33 PT,1.03
2026-11-14 03:34 PT,1.032
2026-11-14 03:35 PT,1.035
2026-11-14 03:36 PT,1.037
2026-11-14 03:37 PT,1.04
2026-11-14 03:38 PT,1.043
2026-11-14 03:39 PT,1.046
2026-11-14 03:40 PT,1.049
2026-11-14 03:41 PT,1.052
2026-11-14 03:42 PT,1.055
2026-11-14 03:43 PT,1.059
2026-11-14 03:44 PT,1.062
2026-11-14 03:45 PT,1.066
2026-11-14 03:46 PT,1.069
2026-11-14 03:47 PT,1.073
2026-11-14 03:48 PT,1.077
2026-11-14 03:49 PT,1.081
2026-11-14 03:50 PT,1.085
2026-11-14 03:51 PT,1.089
2026-11-14 03:52 PT,1.093
2026-11-14 03:53 PT,1.097
2026-11-14 03:54 PT,1.101
2026-11-14 03:55 PT,1.106
2026-11-14 03:56 PT,1.11
2026-11-14 03:57 PT,1.115
2026-11-14 03:58 PT,1.119
2026-11-14 03:59 PT,1.124
2026-11-14 04:00 PT,1.129
2026-11-14 04:01 PT,1.134
2026-11-14 04:02 PT,1.139
2026-11-14 04:03 PT,1.144
2026-11-14 04:04 PT,1.149
2026-11-14 04:05 PT,1.154
2026-11-14 04:06 PT,1.16
2026-11-14 04:07 PT,1.165
2026-11-14 04:08 PT,1.17
2026-11-14 04:09 PT,1.176
2026-11-14 04:10 PT,1.182
2026-11-14 04:11 PT,1.187
2026-11-14 04:12 PT,1.193
2026-11-14 04:13 PT,1.199
2026-11-14 04:14 PT,1.205
2026-11-14 04:15 PT,1.211
2026-11-14 04:16 PT,1.217
2026-11-14 04:17 PT,1.224
2026-11-14 04:18 PT,1.23
2026-11-14 04:19 PT,1.236
2026-11-14 04:20 PT,1.243
2026-11-14 04:21 PT,1.249
2026-11-14 04:22 PT,1.256
2026-11-14 04:23 PT,1.263
2026-11-14 04:24 PT,1.269
2026-11-14 04:25 PT,1.276
2026-11-14 04:26 PT,1.283
2026-11-14 04:27 PT,1.29
2026-11-14 04:28 PT,1.297
2026-11-14 04:29 PT,1.304
2026-11-14 04:30 PT,1.312
2026-11-14 04:31 PT,1.319
2026-11-14 04:32 PT,1.326
2026-11-14 04:33 PT,1.334
2026-11-14 04:34 PT,1.341
2026-11-14 04:35 PT,1.349
2026-11-14 04:36 PT,1.356
2026-11-14 04:37 PT,1.364
2026-11-14 04:38 PT,1.372
2026-11-14 04:39 PT,1.38
2026-11-14 04:40 PT,1.388
2026-11-14 04:41 PT,1.396
2026-11-14 04:42 PT,1.404
2026-11-14 04:43 PT,1.412
2026-11-14 04:44 PT,1.42
2026-11-14 04:45 PT,1.428
2026-11-14 04:46 PT,1.436
2026-11-14 04:47 PT,1.445
2026-11-14 04:48 PT,1.453
2026-11-14 04:49 PT,1.462
2026-11-14 04:50 PT,1.47
2026-11-14 04:51 PT,1.479
2026-11-14 04:52 PT,1.488
2026-11-14 04:53 PT,1.496
2026-11-14 04:54 PT,1.505
2026-11-14 04:55 PT,1.514
2026-11-14 04:56 PT,1.523
2026-11-14 04:57 PT,1.532
2026-11-14 04:58 PT,1.541
2026-11-14 04:59 PT,1.55
2026-11-14 05:00 PT,1.559
2026-11-14 05:01 PT,1.568
2026-11-14 05:02 PT,1.577
2026-11-14 05:03 PT,1.587
2026-11-14 05:04 PT,1.596
2026-11-14 05:05 PT,1.605
2026-11-14 05:06 PT,1.615
2026-11-14 05:07 PT,1.624
2026-11-14 05:08 PT,1.634
2026-11-14 05:09 PT,1.643
2026-11-14 05:10 PT,1.653
2026-11-14 05:11 PT,1.663
2026-11-14 05:12 PT,1.672
2026-11-14 05:13 PT,1.682
2026-11-14 05:14 PT,1.692
2026-11-14 05:15 PT,1.702
2026-11-14 05:16 PT,1.712
2026-11-14 05:17 PT,1.722
2026-11-14 05:18 PT,1.732
2026-11-14 05:19 PT,1.742
2026-11-14 05:20 PT,1.752
2026-11-14 05:21 PT,1.762
2026-11-14 05:22 PT,1.772
2026-11-14 05:23 PT,1.782
2026-11-14 05:24 PT,1.792
2026-11-14 05:25 PT,1.803
2026-11-14 05:26 PT,1.813
2026-11-14 05:27 PT,1.823
2026-11-14 05:28 PT,1.834
2026-11-14 05:29 PT,1.844
2026-11-14 05:30 PT,1.854
2026-11-14 05:31 PT,1.865
2026-11-14 05:32 PT,1.875
2026-11-14 05:33 PT,1.886
2026-11-14 05:34 PT,1.896
2026-11-14 05:35 PT,1.907
2026-11-14 05:36 PT,1.918
2026-11-14 05:37 PT,1.928
2026-11-14 05:38 PT,1.939
2026-11-14 05:39 PT,1.95
2026-11-14 05:40 PT,1.96
2026-11-14 05:41 PT,1.971
2026-11-14 05:42 PT,1.982
2026-11-14 05:43 PT,1.993
2026-11-14 05:44 PT,2.003
2026-11-14 05:45 PT,2.014
2026-11-14 05:46 PT,2.025
2026-11-14 05:47 PT,2.036
2026-11-14 05:48 PT,2.047
2026-11-14 05:49 PT,2.058
2026-11-14 05:50 PT,2.069
2026-11-14 05:51 PT,2.08
2026-11-14 05:52 PT,2.091
2026-11-14 05:53 PT,2.102
2026-11-14 05:54 PT,2.113
2026-11-14 05:55 PT,2.124
2026-11-14 05:56 PT,2.135
2026-11-14 05:57 PT,2.146
2026-11-14 05:58 PT,2.157
2026-11-14 05:59 PT,2.169
2026-11-14 06:00 PT,2.18
2026-11-14 06:01 PT,2.191
2026-11-14 06:02 PT,2.202
2026-11-14 06:03 PT,2.213
2026-11-14 06:04 PT,2.225
2026-11-14 06:05 PT,2.236
2026-11-14 06:06 PT,2.247
2026-11-14 06:07 PT,2.258
2026-11-14 06:08 PT,2.27
2026-11-14 06:09 PT,2.281
2026-11-14 06:10 PT,2.292
2026-11-14 06:11 PT,2.304
2026-11-14 06:12 PT,2.315
2026-11-14 06:13 PT,2.326
2026-11-14 06:14 PT,2.338
2026-11-14 06:15 PT,2.349
2026-11-14 06:16 PT,2.36
2026-11-14 06:17 PT,2.372
2026-11-14 06:18 PT,2.383
2026-11-14 06:19 PT,2.394
2026-11-14 06:20 PT,2.406
2026-11-14 06:21 PT,2.417
2026-11-14 06:22 PT,2.429
2026-11-14 06:23 PT,2.44
2026-11-14 06:24 PT,2.452
2026-11-14 06:25 PT,2.463
2026-11-14 06:26 PT,2.475
2026-11-14 06:27 PT,2.486
2026-11-14 06:28 PT,2.497
2026-11-14 06:29 PT,2.509
2026-11-14 06:30 PT,2.52
2026-11-14 06:31 PT,2.532
2026-11-14 06:32 PT,2.543
2026-11-14 06:33 PT,2.555
2026-11-14 06:34 PT,2.566
2026-11-14 06:35 PT,2.578
2026-11-14 06:36 PT,2.589
2026-11-14 06:37 PT,2.601
2026-11-14 06:38 PT,2.612
2026-11-14 06:39 PT,2.624
2026-11-14 06:40 PT,2.635
2026-11-14 06:41 PT,2.647
2026-11-14 06:42 PT,2.658
2026-11-14 06:43 PT,2.67
2026-11-14 06:44 PT,2.681
2026-11-14 06:45 PT,2.693
2026-11-14 06:46 PT,2.704
2026-11-14 06:47 PT,2.716
2026-11-14 06:48 PT,2.727
2026-11-14 06:49 PT,2.739
2026-11-14 06:50 PT,2.75
2026-11-14 06:51 PT,2.762
2026-11-14 06:52 PT,2.773
2026-11-14 06:53 PT,2.785
2026-11-14 06:54 PT,2.796
2026-11-14 06:55 PT,2.808
2026-11-14 06:56 PT,2.819
2026-11-14 06:57 PT,2.831
2026-11-14 06:58 PT,2.842
2026-11-14 06:59 PT,2.854
2026-11-14 07:00 PT,2.865
2026-11-14 07:01 PT,2.877
2026-11-14 07:02 PT,2.888
2026-11-14 07:03 PT,2.9
2026-11-14 07:04 PT,2.911
2026-11-14 07:05 PT,2.922
2026-11-14 07:06 PT,2.934
2026-11-14 07:07 PT,2.945
2026-11-14 07:08 PT,2.957
2026-11-14 07:09 PT,2.968
2026-11-14 07:10 PT,2.98
2026-11-14 07:11 PT,2.991
2026-11-14 07:12 PT,3.002
2026-11-14 07:13 PT,3.014
2026-11-14 07:14 PT,3.025
2026-11-14 07:15 PT,3.036
2026-11-14 07:16 PT,3.048
2026-11-14 07:17 PT,3.059
2026-11-14 07:18 PT,3.07
2026-11-14 07:19 PT,3.082
2026-11-14 07:20 PT,3.093
2026-11-14 07:21 PT,3.104
2026-11-14 07:22 PT,3.116
2026-11-14 07:23 PT,3.127
2026-11-14 07:24 PT,3.138
2026-11-14 07:25 PT,3.149
2026-11-14 07:26 PT,3.161
2026-11-14 07:27 PT,3.172
2026-11-14 07:28 PT,3.183
2026-11-14 07:29 PT,3.194
2026-11-14 07:30 PT,3.205
2026-11-14 07:31 PT,3.217
2026-11-14 07:32 PT,3.228
2026-11-14 07:33 PT,3.239
2026-11-14 07:34 PT,3.25
2026-11-14 07:35 PT,3.261
2026-11-14 07:36 PT,3.272
2026-11-14 07:37 PT,3.283
2026-11-14 07:38 PT,3.294
2026-11-14 07:39 PT,3.305
2026-11-14 07:40 PT,3.316
2026-11-14 07:41 PT,3.327
2026-11-14 07:42 PT,3.338
2026-11-14 07:43 PT,3.349
2026-11-14 07:44 PT,3.36
2026-11-14 07:45 PT,3.371
2026-11-14 07:46 PT,3.382
2026-11-14 07:47 PT,3.393
2026-11-14 07:48 PT,3.404
2026-11-14 07:49 PT,3.414
2026-11-14 07:50 PT,3.425
2026-11-14 07:51 PT,3.436
2026-11-14 07:52 PT,3.447
2026-11-14 07:53 PT,3.457
2026-11-14 07:54 PT,3.468
2026-11-14 07:55 PT,3.479
2026-11-14 07:56 PT,3.489
2026-11-14 07:57 PT,3.5
2026-11-14 07:58 PT,3.511
2026-11-14 07:59 PT,3.521
2026-11-14 08:00 PT,3.532
2026-11-14 08:01 PT,3.542
2026-11-14 08:02 PT,3.553
2026-11-14 08:03 PT,3.563
2026-11-14 08:04 PT,3.574
2026-11-14 08:05 PT,3.584
2026-11-14 08:06 PT,3.594
2026-11-14 08:07 PT,3.605
2026-11-14 08:08 PT,3.615
2026-11-14 08:09 PT,3.625
2026-11-14 08:10 PT,3.635
2026-11-14 08:11 PT,3.646
2026-11-14 08:12 PT,3.656
2026-11-14 08:13 PT,3.666
2026-11-14 08:14 PT,3.676
2026-11-14 08:15 PT,3.686
2026-11-14 08:16 PT,3.696
2026-11-14 08:17 PT,3.706
2026-11-14 08:18 PT,3.716
2026-11-14 08:19 PT,3.726
2026-11-14 08:20 PT,3.736
2026-11-14 08:21 PT,3.746
2026-11-14 08:22 PT,3.755
2026-11-14 08:23 PT,3.765
2026-11-14 08:24 PT,3.775
2026-11-14 08:25 PT,3.785
2026-11-14 08:26 PT,3.794
2026-11-14 08:27 PT,3.804
2026-11-14 08:28 PT,3.813
2026-11-14 08:29 PT,3.823
2026-11-14 08:30 PT,3.832
2026-11-14 08:31 PT,3.842
2026-11-14 08:32 PT,3.851
2026-11-14 08:33 PT,3.861
2026-11-14 08:34 PT,3.87
2026-11-14 08:35 PT,3.879
2026-11-14 08:36 PT,3.888
2026-11-14 08:37 PT,3.897
2026-11-14 08:38 PT,3.906
2026-11-14 08:39 PT,3.916
2026-11-14 08:40 PT,3.925
2026-11-14 08:41 PT,3.933
2026-11-14 08:42 PT,3.942
2026-11-14 08:43 PT,3.951
2026-11-14 08:44 PT,3.96
2026-11-14 08:45 PT,3.969
2026-11-14 08:46 PT,3.978
2026-11-14 08:47 PT,3.986
2026-11-14 08:48 PT,3.995
2026-11-14 08:49 PT,4.003
2026-11-14 08:50 PT,4.012
2026-11-14 08:51 PT,4.02
2026-11-14 08:52 PT,4.029
2026-11-14 08:53 PT,4.037
2026-11-14 08:54 PT,4.045
2026-11-14 08:55 PT,4.054
2026-11-14 08:56 PT,4.062
2026-11-14 08:57 PT,4.07
2026-11-14 08:58 PT,4.078
2026-11-14 08:59 PT,4.086
2026-11-14 09:00 PT,4.094
2026-11-14 09:01 PT,4.102
2026-11-14 09:02 PT,4.11
2026-11-14 09:03 PT,4.117
2026-11-14 09:04 PT,4.125
2026-11-14 09:05 PT,4.133
2026-11-14 09:06 PT,4.14
2026-11-14 09:07 PT,4.148
2026-11-14 09:08 PT,4.155
2026-11-14 09:09 PT,4.163
2026-11-14 09:10 PT,4.17
2026-11-14 09:11 PT,4.177
2026-11-14 09:12 PT,4.185
2026-11-14 09:13 PT,4.192
2026-11-14 09:14 PT,4.199
2026-11-14 09:15 PT,4.206
2026-11-14 09:16 PT,4.213
2026-11-14 09:17 PT,4.22
2026-11-14 09:18 PT,4.227
2026-11-14 09:19 PT,4.234
2026-11-14 09:20 PT,4.24
2026-11-14 09:21 PT,4.247
2026-11-14 09:22 PT,4.254
2026-11-14 09:23 PT,4.26
2026-11-14 09:24 PT,4.267
2026-11-14 09:25 PT,4.273
2026-11-14 09:26 PT,4.279
2026-11-14 09:27 PT,4.286
2026-11-14 09:28 PT,4.292
2026-11-14 09:29 PT,4.298
2026-11-14 09:30 PT,4.304
2026-11-14 09:31 PT,4.31
2026-11-14 09:32 PT,4.316
2026-11-14 09:33 PT,4.322
2026-11-14 09:34 PT,4.328
2026-11-14 09:35 PT,4.333
2026-11-14 09:36 PT,4.339
2026-11-14 09:37 PT,4.345
2026-11-14 09:38 PT,4.35
2026-11-14 09:39 PT,4.356
2026-11-14 09:40 PT,4.361
2026-11-14 09:41 PT,4.367
2026-11-14 09:42 PT,4.372
2026-11-14 09:43 PT,4.377
2026-11-14 09:44 PT,4.382
2026-11-14 09:45 PT,4.387
2026-11-14 09:46 PT,4.392
2026-11-14 09:47 PT,4.397
2026-11-14 09:48 PT,4.402
2026-11-14 09:49 PT,4.407
2026-11-14 09:50 PT,4.412
2026-11-14 09:51 PT,4.416
2026-11-14 09:52 PT,4.421
2026-11-14 09:53 PT,4.425
2026-11-14 09:54 PT,4.43
2026-11-14 09:55 PT,4.434
2026-11-14 09:56 PT,4.438
2026-11-14 09:57 PT,4.443
2026-11-14 09:58 PT,4.447
2026-11-14 09:59 PT,4.451
2026-11-14 10:00 PT,4.455
2026-11-14 10:01 PT,4.459
2026-11-14 10:02 PT,4.463
2026-11-14 10:03 PT,4.467
2026-11-14 10:04 PT,4.47
2026-11-14 10:05 PT,4.474
2026-11-14 10:06 PT,4.478
2026-11-14 10:07 PT,4.481
2026-11-14 10:08 PT,4.485
2026-11-14 10:09 PT,4.488
2026-11-14 10:10 PT,4.491
2026-11-14 10:11 PT,4.495
2026-11-14 10:12 PT,4.498
2026-11-14 10:13 PT,4.501
2026-11-14 10:14 PT,4.504
2026-11-14 10:15 PT,4.507
2026-11-14 10:16 PT,4.51
2026-11-14 10:17 PT,4.513
2026-11-14 10:18 PT,4.516
2026-11-14 10:19 PT,4.518
2026-11-14 10:20 PT,4.521
2026-11-14 10:21 PT,4.524
2026-11-14 10:22 PT,4.526
2026-11-14 10:23 PT,4.528
2026-11-14 10:24 PT,4.531
2026-11-14 10:25 PT,4.533
2026-11-14 10:26 PT,4.535
2026-11-14 10:27 PT,4.538
2026-11-14 10:28 PT,4.54
2026-11-14 10:29 PT,4.542
2026-11-14 10:30 PT,4.544
2026-11-14 10:31 PT,4.546
2026-11-14 10:32 PT,4.547
2026-11-14 10:33 PT,4.549
2026-11-14 10:34 PT,4.551
2026-11-14 10:35 PT,4.552
2026-11-14 10:36 PT,4.554
2026-11-14 10:37 PT,4.555
2026-11-14 10:38 PT,4.557
2026-11-14 10:39 PT,4.558
2026-11-14 10:40 PT,4.56
2026-11-14 10:41 PT,4.561
2026-11-14 10:42 PT,4.562
2026-11-14 10:43 PT,4.563
2026-11-14 10:44 PT,4.564
2026-11-14 10:45 PT,4.565
2026-11-14 10:46 PT,4.566
2026-11-14 10:47 PT,4.567
2026-11-14 10:48 PT,4.567
2026-11-14 10:49 PT,4.568
2026-11-14 10:50 PT,4.569
2026-11-14 10:51 PT,4.569
2026-11-14 10:52 PT,4.57
2026-11-14 10:53 PT,4.57
2026-11-14 10:54 PT,4.571
2026-11-14 10:55 PT,4.571
2026-11-14 10:56 PT,4.571
2026-11-14 10:57 PT,4.571
2026-11-14 10:58 PT,4.572
2026-11-14 10:59 PT,4.572
2026-11-14 11:00 PT,4.572
2026-11-14 11:01 PT,4.572
2026-11-14 11:02 PT,4.571
2026-11-14 11:03 PT,4.571
2026-11-14 11:04 PT,4.571
2026-11-14 11:05 PT,4.571
2026-11-14 11:06 PT,4.57
2026-11-14 11:07 PT,4.57
2026-11-14 11:08 PT,4.569
2026-11-14 11:09 PT,4.569
2026-11-14 11:10 PT,4.568
2026-11-14 11:11 PT,4.568
2026-11-14 11:12 PT,4.567
2026-11-14 11:13 PT,4.566
2026-11-14 11:14 PT,4.565
2026-11-14 11:15 PT,4.564
2026-11-14 11:16 PT,4.563
2026-11-14 11:17 PT,4.562
2026-11-14 11:18 PT,4.561
2026-11-14 11:19 PT,4.56
2026-11-14 11:20 PT,4.559
2026-11-14 11:21 PT,4.558
2026-11-14 11:22 PT,4.556
2026-11-14 11:23 PT,4.555
2026-11-14 11:24 PT,4.554
2026-11-14 11:25 PT,4.552
2026-11-14 11:26 PT,4.55
2026-11-14 11:27 PT,4.549
2026-11-14 11:28 PT,4.547
2026-11-14 11:29 PT,4.546
2026-11-14 11:30 PT,4.544
2026-11-14 11:31 PT,4.542
2026-11-14 11:32 PT,4.54
2026-11-14 11:33 PT,4.538
2026-11-14 11:34 PT,4.536
2026-11-14 11:35 PT,4.534
2026-11-14 11:36 PT,4.532
2026-11-14 11:37 PT,4.53
2026-11-14 11:38 PT,4.528
2026-11-14 11:39 PT,4.526
2026-11-14 11:40 PT,4.523
2026-11-14 11:41 PT,4.521
2026-11-14 11:42 PT,4.519
2026-11-14 11:43 PT,4.516
2026-11-14 11:44 PT,4.514
2026-11-14 11:45 PT,4.511
2026-11-14 11:46 PT,4.509
2026-11-14 11:47 PT,4.506
2026-11-14 11:48 PT,4.503
2026-11-14 11:49 PT,4.501
2026-11-14 11:50 PT,4.498
2026-11-14 11:51 PT,4.495
2026-11-14 11:52 PT,4.492
2026-11-14 11:53 PT,4.489
2026-11-14 11:54 PT,4.486
2026-11-14 11:55 PT,4.483
2026-11-14 11:56 PT,4.48
2026-11-14 11:57 PT,4.477
2026-11-14 11:58 PT,4.474
2026-11-14 11:59 PT,4.471
2026-11-14 12:00 PT,4.468
2026-11-14 12:01 PT,4.465
2026-11-14 12:02 PT,4.461
2026-11-14 12:03 PT,4.458
2026-11-14 12:04 PT,4.455
2026-11-14 12:05 PT,4.451
2026-11-14 12:06 PT,4.448
2026-11-14 12:07 PT,4.444
2026-11-14 12:08 PT,4.441
2026-11-14 12:09 PT,4.437
2026-11-14 12:10 PT,4.434
2026-11-14 12:11 PT,4.43
2026-11-14 12:12 PT,4.426
2026-11-14 12:13 PT,4.423
2026-11-14 12:14 PT,4.419
2026-11-14 12:15 PT,4.415
2026-11-14 12:16 PT,4.411
2026-11-14 12:17 PT,4.408
2026-11-14 12:18 PT,4.404
2026-11-14 12:19 PT,4.4
2026-11-14 12:20 PT,4.396
2026-11-14 12:21 PT,4.392
2026-11-14 12:22 PT,4.388
2026-11-14 12:23 PT,4.384
2026-11-14 12:24 PT,4.38
2026-11-14 12:25 PT,4.376
2026-11-14 12:26 PT,4.371
2026-11-14 12:27 PT,4.367
2026-11-14 12:28 PT,4.363
2026-11-14 12:29 PT,4.359
2026-11-14 12:30 PT,4.355
2026-11-14 12:31 PT,4.35
2026-11-14 12:32 PT,4.346
2026-11-14 12:33 PT,4.342
2026-11-14 12:34 PT,4.338
2026-11-14 12:35 PT,4.333
2026-11-14 12:36 PT,4.329
2026-11-14 12:37 PT,4.324
2026-11-14 12:38 PT,4.32
2026-11-14 12:39 PT,4.315
2026-11-14 12:40 PT,4.311
2026-11-14 12:41 PT,4.307
2026-11-14 12:42 PT,4.302
2026-11-14 12:43 PT,4.297
2026-11-14 12:44 PT,4.293
2026-11-14 12:45 PT,4.288
2026-11-14 12:46 PT,4.284
2026-11-14 12:47 PT,4.279
2026-11-14 12:48 PT,4.275
2026-11-14 12:49 PT,4.27
2026-11-14 12:50 PT,4.265
2026-11-14 12:51 PT,4.261
2026-11-14 12:52 PT,4.256
2026-11-14 12:53 PT,4.251
2026-11-14 12:54 PT,4.246
2026-11-14 12:55 PT,4.242
2026-11-14 12:56 PT,4.237
2026-11-14 12:57 PT,4.232
2026-11-14 12:58 PT,4.227
2026-11-14 12:59 PT,4.223
2026-11-14 13:00 PT,4.218
2026-11-14 13:01 PT,4.213
2026-11-14 13:02 PT,4.208
2026-11-14 13:03 PT,4.203
2026-11-14 13:04 PT,4.199
2026-11-14 13:05 PT,4.194
2026-11-14 13:06 PT,4.189
2026-11-14 13:07 PT,4.184
2026-11-14 13:08 PT,4.179
2026-11-14 13:09 PT,4.174
2026-11-14 13:10 PT,4.17
2026-11-14 13:11 PT,4.165
2026-11-14 13:12 PT,4.16
2026-11-14 13:13 PT,4.155
2026-11-14 13:14 PT,4.15
2026-11-14 13:15 PT,4.145
2026-11-14 13:16 PT,4.14
2026-11-14 13:17 PT,4.136
2026-11-14 13:18 PT,4.131
2026-11-14 13:19 PT,4.126
2026-11-14 13:20 PT,4.121
2026-11-14 13:21 PT,4.116
2026-11-14 13:22 PT,4.111
2026-11-14 13:23 PT,4.106
2026-11-14 13:24 PT,4.101
2026-11-14 13:25 PT,4.097
2026-11-14 13:26 PT,4.092
2026-11-14 13:27 PT,4.087
2026-11-14 13:28 PT,4.082
2026-11-14 13:29 PT,4.077
2026-11-14 13:30 PT,4.072
2026-11-14 13:31 PT,4.067
2026-11-14 13:32 PT,4.063
2026-11-14 13:33 PT,4.058
2026-11-14 13:34 PT,4.053
2026-11-14 13:35 PT,4.048
2026-11-14 13:36 PT,4.043
2026-11-14 13:37 PT,4.039
2026-11-14 13:38 PT,4.034
2026-11-14 13:39 PT,4.029
2026-11-14 13:40 PT,4.024
2026-11-14 13:41 PT,4.019
2026-11-14 13:42 PT,4.015
2026-11-14 13:43 PT,4.01
2026-11-14 13:44 PT,4.005
2026-11-14 13:45 PT,4
2026-11-14 13:46 PT,3.996
2026-11-14 13:47 PT,3.991
2026-11-14 13:48 PT,3.986
2026-11-14 13:49 PT,3.982
2026-11-14 13:50 PT,3.977
2026-11-14 13:51 PT,3.972
2026-11-14 13:52 PT,3.968
2026-11-14 13:53 PT,3.963
2026-11-14 13:54 PT,3.959
2026-11-14 13:55 PT,3.954
2026-11-14 13:56 PT,3.949
2026-11-14 13:57 PT,3.945
2026-11-14 13:58 PT,3.94
2026-11-14 13:59 PT,3.936
2026-11-14 14:00 PT,3.931
2026-11-14 14:01 PT,3.927
2026-11-14 14:02 PT,3.922
2026-11-14 14:03 PT,3.918
2026-11-14 14:04 PT,3.913
2026-11-14 14:05 PT,3.909
2026-11-14 14:06 PT,3.905
2026-11-14 14:07 PT,3.9
2026-11-14 14:08 PT,3.896
2026-11-14 14:09 PT,3.891
2026-11-14 14:10 PT,3.887
2026-11-14 14:11 PT,3.883
2026-11-14 14:12 PT,3.879
2026-11-14 14:13 PT,3.874
2026-11-14 14:14 PT,3.87
2026-11-14 14:15 PT,3.866
2026-11-14 14:16 PT,3.862
2026-11-14 14:17 PT,3.857
2026-11-14 14:18 PT,3.853
2026-11-14 14:19 PT,3.849
2026-11-14 14:20 PT,3.845
2026-11-14 14:21 PT,3.841
2026-11-14 14:22 PT,3.837
2026-11-14 14:23 PT,3.833
2026-11-14 14:24 PT,3.829
2026-11-14 14:25 PT,3.825
2026-11-14 14:26 PT,3.821
2026-11-14 14:27 PT,3.817
2026-11-14 14:28 PT,3.813
2026-11-14 14:29 PT,3.809
2026-11-14 14:30 PT,3.805
2026-11-14 14:31 PT,3.801
2026-11-14 14:32 PT,3.797
2026-11-14 14:33 PT,3.793
2026-11-14 14:34 PT,3.789
2026-11-14 14:35 PT,3.785
2026-11-14 14:36 PT,3.782
2026-11-14 14:37 PT,3.778
2026-11-14 14:38 PT,3.774
2026-11-14 14:39 PT,3.771
2026-11-14 14:40 PT,3.767
2026-11-14 14:41 PT,3.763
2026-11-14 14:42 PT,3.76
2026-11-14 14:43 PT,3.756
2026-11-14 14:44 PT,3.752
2026-11-14 14:45 PT,3.749
2026-11-14 14:46 PT,3.745
2026-11-14 14:47 PT,3.742
2026-11-14 14:48 PT,3.738
2026-11-14 14:49 PT,3.735
2026-11-14 14:50 PT,3.731
2026-11-14 14:51 PT,3.728
2026-11-14 14:52 PT,3.724
2026-11-14 14:53 PT,3.721
2026-11-14 14:54 PT,3.718
2026-11-14 14:55 PT,3.714
2026-11-14 14:56 PT,3.711
2026-11-14 14:57 PT,3.708
2026-11-14 14:58 PT,3.705
2026-11-14 14:59 PT,3.701
2026-11-14 15:00 PT,3.698
2026-11-14 15:01 PT,3.695
2026-11-14 15:02 PT,3.692
2026-11-14 15:03 PT,3.689
2026-11-14 15:04 PT,3.686
2026-11-14 15:05 PT,3.683
2026-11-14 15:06 PT,3.68
2026-11-14 15:07 PT,3.677
2026-11-14 15:08 PT,3.674
2026-11-14 15:09 PT,3.671
2026-11-14 15:10 PT,3.668
2026-11-14 15:11 PT,3.665
2026-11-14 15:12 PT,3.662
2026-11-14 15:13 PT,3.659
2026-11-14 15:14 PT,3.656
2026-11-14 15:15 PT,3.653
2026-11-14 15:16 PT,3.651
2026-11-14 15:17 PT,3.648
2026-11-14 15:18 PT,3.645
2026-11-14 15:19 PT,3.642
2026-11-14 15:20 PT,3.64
2026-11-14 15:21 PT,3.637
2026-11-14 15:22 PT,3.635
2026-11-14 15:23 PT,3.632
2026-11-14 15:24 PT,3.629
2026-11-14 15:25 PT,3.627
2026-11-14 15:26 PT,3.624
2026-11-14 15:27 PT,3.622
2026-11-14 15:28 PT,3.619
2026-11-14 15:29 PT,3.617
2026-11-14 15:30 PT,3.614
2026-11-14 15:31 PT,3.612
2026-11-14 15:32 PT,3.61
2026-11-14 15:33 PT,3.607
2026-11-14 15:34 PT,3.605
2026-11-14 15:35 PT,3.603
2026-11-14 15:36 PT,3.601
2026-11-14 15:37 PT,3.598
2026-11-14 15:38 PT,3.596
2026-11-14 15:39 PT,3.594
2026-11-14 15:40 PT,3.592
2026-11-14 15:41 PT,3.59
2026-11-14 15:42 PT,3.588
2026-11-14 15:43 PT,3.586
2026-11-14 15:44 PT,3.584
2026-11-14 15:45 PT,3.582
2026-11-14 15:46 PT,3.58
2026-11-14 15:47 PT,3.578
2026-11-14 15:48 PT,3.576
2026-11-14 15:49 PT,3.574
2026-11-14 15:50 PT,3.572
2026-11-14 15:51 PT,3.57
2026-11-14 15:52 PT,3.568
2026-11-14 15:53 PT,3.566
2026-11-14 15:54 PT,3.565
2026-11-14 15:55 PT,3.563
2026-11-14 15:56 PT,3.561
2026-11-14 15:57 PT,3.56
2026-11-14 15:58 PT,3.558
2026-11-14 15:59 PT,3.556
2026-11-14 16:00 PT,3.555
2026-11-14 16:01 PT,3.553
2026-11-14 16:02 PT,3.552
2026-11-14 16:03 PT,3.55
2026-11-14 16:04 PT,3.549
2026-11-14 16:05 PT,3.547
2026-11-14 16:06 PT,3.546
2026-11-14 16:07 PT,3.544
2026-11-14 16:08 PT,3.543
2026-11-14 16:09 PT,3.541
2026-11-14 16:10 PT,3.54
2026-11-14 16:11 PT,3.539
2026-11-14 16:12 PT,3.538
2026-11-14 16:13 PT,3.536
2026-11-14 16:14 PT,3.535
2026-11-14 16:15 PT,3.534
2026-11-14 16:16 PT,3.533
2026-11-14 16:17 PT,3.532
2026-11-14 16:18 PT,3.53
2026-11-14 16:19 PT,3.529
2026-11-14 16:20 PT,3.528
2026-11-14 16:21 PT,3.527
2026-11-14 16:22 PT,3.526
2026-11-14 16:23 PT,3.525
2026-11-14 16:24 PT,3.524
2026-11-14 16:25 PT,3.523
2026-11-14 16:26 PT,3.522
2026-11-14 16:27 PT,3.522
2026-11-14 16:28 PT,3.521
2026-11-14 16:29 PT,3.52
2026-11-14 16:30 PT,3.519
2026-11-14 16:31 PT,3.518
2026-11-14 16:32 PT,3.517
2026-11-14 16:33 PT,3.517
2026-11-14 16:34 PT,3.516
2026-11-14 16:35 PT,3.515
2026-11-14 16:36 PT,3.515
2026-11-14 16:37 PT,3.514
2026-11-14 16:38 PT,3.514
2026-11-14 16:39 PT,3.513
2026-11-14 16:40 PT,3.512
2026-11-14 16:41 PT,3.512
2026-11-14 16:42 PT,3.511
2026-11-14 16:43 PT,3.511
2026-11-14 16:44 PT,3.51
2026-11-14 16:45 PT,3.51
2026-11-14 16:46 PT,3.51
2026-11-14 16:47 PT,3.509
2026-11-14 16:48 PT,3.509
2026-11-14 16:49 PT,3.509
2026-11-14 16:50 PT,3.508
2026-11-14 16:51 PT,3.508
2026-11-14 16:52 PT,3.508
2026-11-14 16:53 PT,3.507
2026-11-14 16:54 PT,3.507
2026-11-14 16:55 PT,3.507
2026-11-14 16:56 PT,3.507
2026-11-14 16:57 PT,3.507
2026-11-14 16:58 PT,3.507
2026-11-14 16:59 PT,3.506
2026-11-14 17:00 PT,3.506
2026-11-14 17:01 PT,3.506
2026-11-14 17:02 PT,3.506
2026-11-14 17:03 PT,3.506
2026-11-14 17:04 PT,3.506
2026-11-14 17:05 PT,3.506
2026-11-14 17:06 PT,3.506
2026-11-14 17:07 PT,3.506
2026-11-14 17:08 PT,3.506
2026-11-14 17:09 PT,3.506
2026-11-14 17:10 PT,3.507
2026-11-14 17:11 PT,3.507
2026-11-14 17:12 PT,3.507
2026-11-14 17:13 PT,3.507
2026-11-14 17:14 PT,3.507
2026-11-14 17:15 PT,3.507
2026-11-14 17:16 PT,3.508
2026-11-14 17:17 PT,3.508
2026-11-14 17:18 PT,3.508
2026-11-14 17:19 PT,3.508
2026-11-14 17:20 PT,3.509
2026-11-14 17:21 PT,3.509
2026-11-14 17:22 PT,3.509
2026-11-14 17:23 PT,3.51
2026-11-14 17:24 PT,3.51
2026-11-14 17:25 PT,3.511
2026-11-14 17:26 PT,3.511
2026-11-14 17:27 PT,3.511
2026-11-14 17:28 PT,3.512
2026-11-14 17:29 PT,3.512
2026-11-14 17:30 PT,3.513
2026-11-14 17:31 PT,3.513
2026-11-14 17:32 PT,3.514
2026-11-14 17:33 PT,3.514
2026-11-14 17:34 PT,3.515
2026-11-14 17:35 PT,3.515
2026-11-14 17:36 PT,3.516
2026-11-14 17:37 PT,3.516
2026-11-14 17:38 PT,3.517
2026-11-14 17:39 PT,3.517
2026-11-14 17:40 PT,3.518
2026-11-14 17:41 PT,3.519
2026-11-14 17:42 PT,3.519
2026-11-14 17:43 PT,3.52
2026-11-14 17:44 PT,3.52
2026-11-14 17:45 PT,3.521
2026-11-14 17:46 PT,3.522
2026-11-14 17:47 PT,3.522
2026-11-14 17:48 PT,3.523
2026-11-14 17:49 PT,3.524
2026-11-14 17:50 PT,3.524
2026-11-14 17:51 PT,3.525
2026-11-14 17:52 PT,3.526
2026-11-14 17:53 PT,3.527
2026-11-14 17:54 PT,3.527
2026-11-14 17:55 PT,3.528
2026-11-14 17:56 PT,3.529
2026-11-14 17:57 PT,3.53
2026-11-14 17:58 PT,3.53
2026-11-14 17:59 PT,3.531
2026-11-14 18:00 PT,3.532
2026-11-14 18:01 PT,3.533
2026-11-14 18:02 PT,3.533
2026-11-14 18:03 PT,3.534
2026-11-14 18:04 PT,3.535
2026-11-14 18:05 PT,3.536
2026-11-14 18:06 PT,3.537
2026-11-14 18:07 PT,3.537
2026-11-14 18:08 PT,3.538
2026-11-14 18:09 PT,3.539
2026-11-14 18:10 PT,3.54
2026-11-14 18:11 PT,3.541
2026-11-14 18:12 PT,3.541
2026-11-14 18:13 PT,3.542
2026-11-14 18:14 PT,3.543
2026-11-14 18:15 PT,3.544
2026-11-14 18:16 PT,3.545
2026-11-14 18:17 PT,3.545
2026-11-14 18:18 PT,3.546
2026-11-14 18:19 PT,3.547
2026-11-14 18:20 PT,3.548
2026-11-14 18:21 PT,3.549
2026-11-14 18:22 PT,3.55
2026-11-14 18:23 PT,3.55
2026-11-14 18:24 PT,3.551
2026-11-14 18:25 PT,3.552
2026-11-14 18:26 PT,3.553
2026-11-14 18:27 PT,3.554
2026-11-14 18:28 PT,3.555
2026-11-14 18:29 PT,3.555
2026-11-14 18:30 PT,3.556
2026-11-14 18:31 PT,3.557
2026-11-14 18:32 PT,3.558
2026-11-14 18:33 PT,3.559
2026-11-14 18:34 PT,3.559
2026-11-14 18:35 PT,3.56
2026-11-14 18:36 PT,3.561
2026-11-14 18:37 PT,3.562
2026-11-14 18:38 PT,3.563
2026-11-14 18:39 PT,3.563
2026-11-14 18:40 PT,3.564
2026-11-14 18:41 PT,3.565
2026-11-14 18:42 PT,3.566
2026-11-14 18:43 PT,3.566
2026-11-14 18:44 PT,3.567
2026-11-14 18:45 PT,3.568
2026-11-14 18:46 PT,3.569
2026-11-14 18:47 PT,3.569
2026-11-14 18:48 PT,3.57
2026-11-14 18:49 PT,3.571
2026-11-14 18:50 PT,3.572
2026-11-14 18:51 PT,3.572
2026-11-14 18:52 PT,3.573
2026-11-14 18:53 PT,3.574
2026-11-14 18:54 PT,3.574
2026-11-14 18:55 PT,3.575
2026-11-14 18:56 PT,3.576
2026-11-14 18:57 PT,3.576
2026-11-14 18:58 PT,3.577
2026-11-14 18:59 PT,3.578
2026-11-14 19:00 PT,3.578
2026-11-14 19:01 PT,3.579
2026-11-14 19:02 PT,3.579
2026-11-14 19:03 PT,3.58
2026-11-14 19:04 PT,3.581
2026-11-14 19:05 PT,3.581
2026-11-14 19:06 PT,3.582
2026-11-14 19:07 PT,3.582
2026-11-14 19:08 PT,3.583
2026-11-14 19:09 PT,3.583
2026-11-14 19:10 PT,3.584
2026-11-14 19:11 PT,3.584
2026-11-14 19:12 PT,3.585
2026-11-14 19:13 PT,3.585
2026-11-14 19:14 PT,3.586
2026-11-14 19:15 PT,3.586
2026-11-14 19:16 PT,3.587
2026-11-14 19:17 PT,3.587
2026-11-14 19:18 PT,3.587
2026-11-14 19:19 PT,3.588
2026-11-14 19:20 PT,3.588
2026-11-14 19:21 PT,3.588
2026-11-14 19:22 PT,3.589
2026-11-14 19:23 PT,3.589
2026-11-14 19:24 PT,3.589
2026-11-14 19:25 PT,3.59
2026-11-14 19:26 PT,3.59
2026-11-14 19:27 PT,3.59
2026-11-14 19:28 PT,3.59
2026-11-14 19:29 PT,3.591
2026-11-14 19:30 PT,3.591
2026-11-14 19:31 PT,3.591
2026-11-14 19:32 PT,3.591
2026-11-14 19:33 PT,3.591
2026-11-14 19:34 PT,3.591
2026-11-14 19:35 PT,3.591
2026-11-14 19:36 PT,3.591
2026-11-14 19:37 PT,3.592
2026-11-14 19:38 PT,3.592
2026-11-14 19:39 PT,3.592
2026-11-14 19:40 PT,3.592
2026-11-14 19:41 PT,3.591
2026-11-14 19:42 PT,3.591
2026-11-14 19:43 PT,3.591
2026-11-14 19:44 PT,3.591
2026-11-14 19:45 PT,3.591
2026-11-14 19:46 PT,3.591
2026-11-14 19:47 PT,3.591
2026-11-14 19:48 PT,3.591
2026-11-14 19:49 PT,3.59
2026-11-14 19:50 PT,3.59
2026-11-14 19:51 PT,3.59
2026-11-14 19:52 PT,3.59
2026-11-14 19:53 PT,3.589
2026-11-14 19:54 PT,3.589
2026-11-14 19:55 PT,3.589
2026-11-14 19:56 PT,3.588
2026-11-14 19:57 PT,3.588
2026-11-14 19:58 PT,3.587
2026-11-14 19:59 PT,3.587
2026-11-14 20:00 PT,3.586
2026-11-14 20:01 PT,3.586
2026-11-14 20:02 PT,3.585
2026-11-14 20:03 PT,3.585
2026-11-14 20:04 PT,3.584
2026-11-14 20:05 PT,3.583
2026-11-14 20:06 PT,3.583
2026-11-14 20:07 PT,3.582
2026-11-14 20:08 PT,3.581
2026-11-14 20:09 PT,3.58
2026-11-14 20:10 PT,3.58
2026-11-14 20:11 PT,3.579
2026-11-14 20:12 PT,3.578
2026-11-14 20:13 PT,3.577
2026-11-14 20:14 PT,3.576
2026-11-14 20:15 PT,3.575
2026-11-14 20:16 PT,3.574
2026-11-14 20:17 PT,3.573
2026-11-14 20:18 PT,3.572
2026-11-14 20:19 PT,3.571
2026-11-14 20:20 PT,3.57
2026-11-14 20:21 PT,3.569
2026-11-14 20:22 PT,3.568
2026-11-14 20:23 PT,3.566
2026-11-14 20:24 PT,3.565
2026-11-14 20:25 PT,3.564
2026-11-14 20:26 PT,3.562
2026-11-14 20:27 PT,3.561
2026-11-14 20:28 PT,3.56
2026-11-14 20:29 PT,3.558
2026-11-14 20:30 PT,3.557
2026-11-14 20:31 PT,3.555
2026-11-14 20:32 PT,3.554
2026-11-14 20:33 PT,3.552
2026-11-14 20:34 PT,3.55
2026-11-14 20:35 PT,3.549
2026-11-14 20:36 PT,3.547
2026-11-14 20:37 PT,3.545
2026-11-14 20:38 PT,3.543
2026-11-14 20:39 PT,3.542
2026-11-14 20:40 PT,3.54
2026-11-14 20:41 PT,3.538
2026-11-14 20:42 PT,3.536
2026-11-14 20:43 PT,3.534
2026-11-14 20:44 PT,3.532
2026-11-14 20:45 PT,3.53
2026-11-14 20:46 PT,3.528
2026-11-14 20:47 PT,3.525
2026-11-14 20:48 PT,3.523
2026-11-14 20:49 PT,3.521
2026-11-14 20:50 PT,3.519
2026-11-14 20:51 PT,3.516
2026-11-14 20:52 PT,3.514
2026-11-14 20:53 PT,3.512
2026-11-14 20:54 PT,3.509
2026-11-14 20:55 PT,3.507
2026-11-14 20:56 PT,3.504
2026-11-14 20:57 PT,3.502
2026-11-14 20:58 PT,3.499
2026-11-14 20:59 PT,3.496
2026-11-14 21:00 PT,3.494
2026-11-14 21:01 PT,3.491
2026-11-14 21:02 PT,3.488
2026-11-14 21:03 PT,3.485
2026-11-14 21:04 PT,3.482
2026-11-14 21:05 PT,3.479
2026-11-14 21:06 PT,3.476
2026-11-14 21:07 PT,3.473
2026-11-14 21:08 PT,3.47
2026-11-14 21:09 PT,3.467
2026-11-14 21:10 PT,3.464
2026-11-14 21:11 PT,3.461
2026-11-14 21:12 PT,3.458
2026-11-14 21:13 PT,3.454
2026-11-14 21:14 PT,3.451
2026-11-14 21:15 PT,3.448
2026-11-14 21:16 PT,3.444
2026-11-14 21:17 PT,3.441
2026-11-14 21:18 PT,3.437
2026-11-14 21:19 PT,3.434
2026-11-14 21:20 PT,3.43
2026-11-14 21:21 PT,3.426
2026-11-14 21:22 PT,3.423
2026-11-14 21:23 PT,3.419
2026-11-14 21:24 PT,3.415
2026-11-14 21:25 PT,3.411
2026-11-14 21:26 PT,3.407
2026-11-14 21:27 PT,3.404
2026-11-14 21:28 PT,3.4
2026-11-14 21:29 PT,3.396
2026-11-14 21:30 PT,3.392
2026-11-14 21:31 PT,3.387
2026-11-14 21:32 PT,3.383
2026-11-14 21:33 PT,3.379
2026-11-14 21:34 PT,3.375
2026-11-14 21:35 PT,3.371
2026-11-14 21:36 PT,3.366
2026-11-14 21:37 PT,3.362
2026-11-14 21:38 PT,3.358
2026-11-14 21:39 PT,3.353
2026-11-14 21:40 PT,3.349
2026-11-14 21:41 PT,3.344
2026-11-14 21:42 PT,3.339
2026-11-14 21:43 PT,3.335
2026-11-14 21:44 PT,3.33
2026-11-14 21:45 PT,3.325
2026-11-14 21:46 PT,3.321
2026-11-14 21:47 PT,3.316
2026-11-14 21:48 PT,3.311
2026-11-14 21:49 PT,3.306
2026-11-14 21:50 PT,3.301
2026-11-14 21:51 PT,3.296
2026-11-14 21:52 PT,3.291
2026-11-14 21:53 PT,3.286
2026-11-14 21:54 PT,3.281
2026-11-14 21:55 PT,3.276
2026-11-14 21:56 PT,3.271
2026-11-14 21:57 PT,3.266
2026-11-14 21:58 PT,3.261
2026-11-14 21:59 PT,3.255
2026-11-14 22:00 PT,3.25
2026-11-14 22:01 PT,3.245
2026-11-14 22:02 PT,3.239
2026-11-14 22:03 PT,3.234
2026-11-14 22:04 PT,3.228
2026-11-14 22:05 PT,3.223
2026-11-14 22:06 PT,3.217
2026-11-14 22:07 PT,3.212
2026-11-14 22:08 PT,3.206
2026-11-14 22:09 PT,3.201
2026-11-14 22:10 PT,3.195
2026-11-14 22:11 PT,3.189
2026-11-14 22:12 PT,3.183
2026-11-14 22:13 PT,3.178
2026-11-14 22:14 PT,3.172
2026-11-14 22:15 PT,3.166
2026-11-14 22:16 PT,3.16
2026-11-14 22:17 PT,3.154
2026-11-14 22:18 PT,3.148
2026-11-14 22:19 PT,3.142
2026-11-14 22:20 PT,3.136
2026-11-14 22:21 PT,3.13
2026-11-14 22:22 PT,3.124
2026-11-14 22:23 PT,3.118
2026-11-14 22:24 PT,3.112
2026-11-14 22:25 PT,3.106
2026-11-14 22:26 PT,3.1
2026-11-14 22:27 PT,3.093
2026-11-14 22:28 PT,3.087
2026-11-14 22:29 PT,3.081
2026-11-14 22:30 PT,3.075
2026-11-14 22:31 PT,3.068
2026-11-14 22:32 PT,3.062
2026-11-14 22:33 PT,3.055
2026-11-14 22:34 PT,3.049
2026-11-14 22:35 PT,3.043
2026-11-14 22:36 PT,3.036
2026-11-14 22:37 PT,3.03
2026-11-14 22:38 PT,3.023
2026-11-14 22:39 PT,3.017
2026-11-14 22:40 PT,3.01
2026-11-14 22:41 PT,3.003
2026-11-14 22:42 PT,2.997
2026-11-14 22:43 PT,2.99
2026-11-14 22:44 PT,2.984
2026-11-14 22:45 PT,2.977
2026-11-14 22:46 PT,2.97
2026-11-14 22:47 PT,2.963
2026-11-14 22:48 PT,2.957
2026-11-14 22:49 PT,2.95
2026-11-14 22:50 PT,2.943
2026-11-14 22:51 PT,2.936
2026-11-14 22:52 PT,2.929
2026-11-14 22:53 PT,2.923
2026-11-14 22:54 PT,2.916
2026-11-14 22:55 PT,2.909
2026-11-14 22:56 PT,2.902
2026-11-14 22:57 PT,2.895
2026-11-14 22:58 PT,2.888
2026-11-14 22:59 PT,2.881
2026-11-14 23:00 PT,2.874
2026-11-14 23:01 PT,2.867
2026-11-14 23:02 PT,2.86
2026-11-14 23:03 PT,2.853
2026-11-14 23:04 PT,2.846
2026-11-14 23:05 PT,2.839
2026-11-14 23:06 PT,2.832
2026-11-14 23:07 PT,2.825
2026-11-14 23:08 PT,2.818
2026-11-14 23:09 PT,2.81
2026-11-14 23:10 PT,2.803
2026-11-14 23:11 PT,2.796
2026-11-14 23:12 PT,2.789
2026-11-14 23:13 PT,2.782
2026-11-14 23:14 PT,2.775
2026-11-14 23:15 PT,2.767
2026-11-14 23:16 PT,2.76
2026-11-14 23:17 PT,2.753
2026-11-14 23:18 PT,2.746
2026-11-14 23:19 PT,2.738
2026-11-14 23:20 PT,2.731
2026-11-14 23:21 PT,2.724
2026-11-14 23:22 PT,2.717
2026-11-14 23:23 PT,2.709
2026-11-14 23:24 PT,2.702
2026-11-14 23:25 PT,2.695
2026-11-14 23:26 PT,2.687
2026-11-14 23:27 PT,2.68
2026-11-14 23:28 PT,2.672
2026-11-14 23:29 PT,2.665
2026-11-14 23:30 PT,2.658
2026-11-14 23:31 PT,2.65
2026-11-14 23:32 PT,2.643
2026-11-14 23:33 PT,2.635
2026-11-14 23:34 PT,2.628
2026-11-14 23:35 PT,2.621
2026-11-14 23:36 PT,2.613
2026-11-14 23:37 PT,2.606
2026-11-14 23:38 PT,2.598
2026-11-14 23:39 PT,2.591
2026-11-14 23:40 PT,2.583
2026-11-14 23:41 PT,2.576
2026-11-14 23:42 PT,2.568
2026-11-14 23:43 PT,2.561
2026-11-14 23:44 PT,2.553
2026-11-14 23:45 PT,2.546
2026-11-14 23:46 PT,2.538
2026-11-14 23:47 PT,2.531
2026-11-14 23:48 PT,2.523
2026-11-14 23:49 PT,2.516
2026-11-14 23:50 PT,2.508
2026-11-14 23:51 PT,2.501
2026-11-14 23:52 PT,2.493
2026-11-14 23:53 PT,2.485
2026-11-14 23:54 PT,2.478
2026-11-14 23:55 PT,2.47
2026-11-14 23:56 PT,2.463
2026-11-14 23:57 PT,2.455
2026-11-14 23:58 PT,2.447
2026-11-14 23:59 PT,2.44
2026-11-15 00:00 PT,2.432
2026-11-15 00:01 PT,2.425
2026-11-15 00:02 PT,2.417
2026-11-15 00:03 PT,2.409
2026-11-15 00:04 PT,2.402
2026-11-15 00:05 PT,2.394
2026-11-15 00:06 PT,2.386
2026-11-15 00:07 PT,2.379
2026-11-15 00:08 PT,2.371
2026-11-15 00:09 PT,2.364
2026-11-15 00:10 PT,2.356
2026-11-15 00:11 PT,2.348
2026-11-15 00:12 PT,2.341
2026-11-15 00:13 PT,2.333
2026-11-15 00:14 PT,2.325
2026-11-15 00:15 PT,2.318
2026-11-15 00:16 PT,2.31
2026-11-15 00:17 PT,2.302
2026-11-15 00:18 PT,2.295
2026-11-15 00:19 PT,2.287
2026-11-15 00:20 PT,2.279
2026-11-15 00:21 PT,2.272
2026-11-15 00:22 PT,2.264
2026-11-15 00:23 PT,2.256
2026-11-15 00:24 PT,2.249
2026-11-15 00:25 PT,2.241
2026-11-15 00:26 PT,2.233
2026-11-15 00:27 PT,2.226
2026-11-15 00:28 PT,2.218
2026-11-15 00:29 PT,2.21
2026-11-15 00:30 PT,2.202
2026-11-15 00:31 PT,2.195
2026-11-15 00:32 PT,2.187
2026-11-15 00:33 PT,2.179
2026-11-15 00:34 PT,2.172
2026-11-15 00:35 PT,2.164
2026-11-15 00:36 PT,2.156
2026-11-15 00:37 PT,2.149
2026-11-15 00:38 PT,2.141
2026-11-15 00:39 PT,2.133
2026-11-15 00:40 PT,2.126
2026-11-15 00:41 PT,2.118
2026-11-15 00:42 PT,2.11
2026-11-15 00:43 PT,2.103
2026-11-15 00:44 PT,2.095
2026-11-15 00:45 PT,2.087
2026-11-15 00:46 PT,2.08
2026-11-15 00:47 PT,2.072
2026-11-15 00:48 PT,2.064
2026-11-15 00:49 PT,2.057
2026-11-15 00:50 PT,2.049
2026-11-15 00:51 PT,2.042
2026-11-15 00:52 PT,2.034
2026-11-15 00:53 PT,2.026
2026-11-15 00:54 PT,2.019
2026-11-15 00:55 PT,2.011
2026-11-15 00:56 PT,2.004
2026-11-15 00:57 PT,1.996
2026-11-15 00:58 PT,1.988
2026-11-15 00:59 PT,1.981
2026-11-15 01:00 PT,1.973
2026-11-15 01:01 PT,1.966
2026-11-15 01:02 PT,1.958
2026-11-15 01:03 PT,1.951
2026-11-15 01:04 PT,1.943
2026-11-15 01:05 PT,1.936
2026-11-15 01:06 PT,1.928
2026-11-15 01:07 PT,1.921
2026-11-15 01:08 PT,1.913
2026-11-15 01:09 PT,1.906
2026-11-15 01:10 PT,1.898
2026-11-15 01:11 PT,1.891
2026-11-15 01:12 PT,1.883
2026-11-15 01:13 PT,1.876
2026-11-15 01:14 PT,1.869
2026-11-15 01:15 PT,1.861
2026-11-15 01:16 PT,1.854
2026-11-15 01:17 PT,1.846
2026-11-15 01:18 PT,1.839
2026-11-15 01:19 PT,1.832
2026-11-15 01:20 PT,1.824
2026-11-15 01:21 PT,1.817
2026-11-15 01:22 PT,1.81
2026-11-15 01:23 PT,1.803
2026-11-15 01:24 PT,1.795
2026-11-15 01:25 PT,1.788
2026-11-15 01:26 PT,1.781
2026-11-15 01:27 PT,1.774
2026-11-15 01:28 PT,1.767
2026-11-15 01:29 PT,1.76
2026-11-15 01:30 PT,1.752
2026-11-15 01:31 PT,1.745
2026-11-15 01:32 PT,1.738
2026-11-15 01:33 PT,1.731
2026-11-15 01:34 PT,1.724
2026-11-15 01:35 PT,1.717
2026-11-15 01:36 PT,1.71
2026-11-15 01:37 PT,1.703
2026-11-15 01:38 PT,1.696
2026-11-15 01:39 PT,1.689
2026-11-15 01:40 PT,1.682
2026-11-15 01:41 PT,1.676
2026-11-15 01:42 PT,1.669
2026-11-15 01:43 PT,1.662
2026-11-15 01:44 PT,1.655
2026-11-15 01:45 PT,1.649
2026-11-15 01:46 PT,1.642
2026-11-15 01:47 PT,1.635
2026-11-15 01:48 PT,1.628
2026-11-15 01:49 PT,1.622
2026-11-15 01:50 PT,1.615
2026-11-15 01:51 PT,1.609
2026-11-15 01:52 PT,1.602
2026-11-15 01:53 PT,1.596
2026-11-15 01:54 PT,1.589
2026-11-15 01:55 PT,1.583
2026-11-15 01:56 PT,1.576
2026-11-15 01:57 PT,1.57
2026-11-15 01:58 PT,1.564
2026-11-15 01:59 PT,1.557
2026-11-15 02:00 PT,1.551
2026-11-15 02:01 PT,1.545
2026-11-15 02:02 PT,1.539
2026-11-15 02:03 PT,1.533
2026-11-15 02:04 PT,1.527
2026-11-15 02:05 PT,1.52
2026-11-15 02:06 PT,1.514
2026-11-15 02:07 PT,1.508
2026-11-15 02:08 PT,1.503
2026-11-15 02:09 PT,1.497
2026-11-15 02:10 PT,1.491
2026-11-15 02:11 PT,1.485
2026-11-15 02:12 PT,1.479
2026-11-15 02:13 PT,1.473
2026-11-15 02:14 PT,1.468
2026-11-15 02:15 PT,1.462
2026-11-15 02:16 PT,1.457
2026-11-15 02:17 PT,1.451
2026-11-15 02:18 PT,1.445
2026-11-15 02:19 PT,1.44
2026-11-15 02:20 PT,1.435
2026-11-15 02:21 PT,1.429
2026-11-15 02:22 PT,1.424
2026-11-15 02:23 PT,1.419
2026-11-15 02:24 PT,1.413
2026-11-15 02:25 PT,1.408
2026-11-15 02:26 PT,1.403
2026-11-15 02:27 PT,1.398
2026-11-15 02:28 PT,1.393
2026-11-15 02:29 PT,1.388
2026-11-15 02:30 PT,1.383
2026-11-15 02:31 PT,1.378
2026-11-15 02:32 PT,1.374
2026-11-15 02:33 PT,1.369
2026-11-15 02:34 PT,1.364
2026-11-15 02:35 PT,1.36
2026-11-15 02:36 PT,1.355
2026-11-15 02:37 PT,1.35
2026-11-15 02:38 PT,1.346
2026-11-15 02:39 PT,1.341
2026-11-15 02:40 PT,1.337
2026-11-15 02:41 PT,1.333
2026-11-15 02:42 PT,1.329
2026-11-15 02:43 PT,1.324
2026-11-15 02:44 PT,1.32
2026-11-15 02:45 PT,1.316
2026-11-15 02:46 PT,1.312
2026-11-15 02:47 PT,1.308
2026-11-15 02:48 PT,1.304
2026-11-15 02:49 PT,1.301
2026-11-15 02:50 PT,1.297
2026-11-15 02:51 PT,1.293
2026-11-15 02:52 PT,1.289
2026-11-15 02:53 PT,1.286
2026-11-15 02:54 PT,1.282
2026-11-15 02:55 PT,1.279
2026-11-15 02:56 PT,1.276
2026-11-15 02:57 PT,1.272
2026-11-15 02:58 PT,1.269
2026-11-15 02:59 PT,1.266
2026-11-15 03:00 PT,1.263
2026-11-15 03:01 PT,1.26
2026-11-15 03:02 PT,1.257
2026-11-15 03:03 PT,1.254
2026-11-15 03:04 PT,1.251
2026-11-15 03:05 PT,1.248
2026-11-15 03:06 PT,1.245
2026-11-15 03:07 PT,1.243
2026-11-15 03:08 PT,1.24
2026-11-15 03:09 PT,1.238
2026-11-15 03:10 PT,1.235
2026-11-15 03:11 PT,1.233
2026-11-15 03:12 PT,1.23
2026-11-15 03:13 PT,1.228
2026-11-15 03:14 PT,1.226
2026-11-15 03:15 PT,1.224
2026-11-15 03:16 PT,1.222
2026-11-15 03:17 PT,1.22
2026-11-15 03:18 PT,1.218
2026-11-15 03:19 PT,1.216
2026-11-15 03:20 PT,1.215
2026-11-15 03:21 PT,1.213
2026-11-15 03:22 PT,1.211
2026-11-15 03:23 PT,1.21
2026-11-15 03:24 PT,1.208
2026-11-15 03:25 PT,1.207
2026-11-15 03:26 PT,1.206
2026-11-15 03:27 PT,1.204
2026-11-15 03:28 PT,1.203
2026-11-15 03:29 PT,1.202
2026-11-15 03:30 PT,1.201
2026-11-15 03:31 PT,1.2
2026-11-15 03:32 PT,1.199
2026-11-15 03:33 PT,1.199
2026-11-15 03:34 PT,1.198
2026-11-15 03:35 PT,1.197
2026-11-15 03:36 PT,1.197
2026-11-15 03:37 PT,1.196
2026-11-15 03:38 PT,1.196
2026-11-15 03:39 PT,1.196
2026-11-15 03:40 PT,1.196
2026-11-15 03:41 PT,1.195
2026-11-15 03:42 PT,1.195
2026-11-15 03:43 PT,1.195
2026-11-15 03:44 PT,1.195
2026-11-15 03:45 PT,1.196
2026-11-15 03:46 PT,1.196
2026-11-15 03:47 PT,1.196
2026-11-15 03:48 PT,1.197
2026-11-15 03:49 PT,1.197
2026-11-15 03:50 PT,1.198
2026-11-15 03:51 PT,1.198
2026-11-15 03:52 PT,1.199
2026-11-15 03:53 PT,1.2
2026-11-15 03:54 PT,1.201
2026-11-15 03:55 PT,1.202
2026-11-15 03:56 PT,1.203
2026-11-15 03:57 PT,1.204
2026-11-15 03:58 PT,1.205
2026-11-15 03:59 PT,1.206
2026-11-15 04:00 PT,1.208
2026-11-15 04:01 PT,1.209
2026-11-15 04:02 PT,1.21
2026-11-15 04:03 PT,1.212
2026-11-15 04:04 PT,1.214
2026-11-15 04:05 PT,1.215
2026-11-15 04:06 PT,1.217
2026-11-15 04:07 PT,1.219
2026-11-15 04:08 PT,1.221
2026-11-15 04:09 PT,1.223
2026-11-15 04:10 PT,1.225
2026-11-15 04:11 PT,1.228
2026-11-15 04:12 PT,1.23
2026-11-15 04:13 PT,1.232
2026-11-15 04:14 PT,1.235
2026-11-15 04:15 PT,1.237
2026-11-15 04:16 PT,1.24
2026-11-15 04:17 PT,1.243
2026-11-15 04:18 PT,1.246
2026-11-15 04:19 PT,1.248
2026-11-15 04:20 PT,1.251
2026-11-15 04:21 PT,1.254
2026-11-15 04:22 PT,1.258
2026-11-15 04:23 PT,1.261
2026-11-15 04:24 PT,1.264
2026-11-15 04:25 PT,1.267
2026-11-15 04:26 PT,1.271
2026-11-15 04:27 PT,1.274
2026-11-15 04:28 PT,1.278
2026-11-15 04:29 PT,1.282
2026-11-15 04:30 PT,1.285
2026-11-15 04:31 PT,1.289
2026-11-15 04:32 PT,1.293
2026-11-15 04:33 PT,1.297
2026-11-15 04:34 PT,1.301
2026-11-15 04:35 PT,1.305
2026-11-15 04:36 PT,1.309
2026-11-15 04:37 PT,1.314
2026-11-15 04:38 PT,1.318
2026-11-15 04:39 PT,1.323
2026-11-15 04:40 PT,1.327
2026-11-15 04:41 PT,1.332
2026-11-15 04:42 PT,1.336
2026-11-15 04:43 PT,1.341
2026-11-15 04:44 PT,1.346
2026-11-15 04:45 PT,1.351
2026-11-15 04:46 PT,1.356
2026-11-15 04:47 PT,1.361
2026-11-15 04:48 PT,1.366
2026-11-15 04:49 PT,1.371
2026-11-15 04:50 PT,1.376
2026-11-15 04:51 PT,1.382
2026-11-15 04:52 PT,1.387
2026-11-15 04:53 PT,1.393
2026-11-15 04:54 PT,1.398
2026-11-15 04:55 PT,1.404
2026-11-15 04:56 PT,1.409
2026-11-15 04:57 PT,1.415
2026-11-15 04:58 PT,1.421
2026-11-15 04:59 PT,1.427
2026-11-15 05:00 PT,1.433
2026-11-15 05:01 PT,1.439
2026-11-15 05:02 PT,1.445
2026-11-15 05:03 PT,1.451
2026-11-15 05:04 PT,1.457
2026-11-15 05:05 PT,1.464
2026-11-15 05:06 PT,1.47
2026-11-15 05:07 PT,1.477
2026-11-15 05:08 PT,1.483
2026-11-15 05:09 PT,1.49
2026-11-15 05:10 PT,1.496
2026-11-15 05:11 PT,1.503
2026-11-15 05:12 PT,1.51
2026-11-15 05:13 PT,1.517
2026-11-15 05:14 PT,1.524
2026-11-15 05:15 PT,1.531
2026-11-15 05:16 PT,1.538
2026-11-15 05:17 PT,1.545
2026-11-15 05:18 PT,1.552
2026-11-15 05:19 PT,1.559
2026-11-15 05:20 PT,1.566
2026-11-15 05:21 PT,1.574
2026-11-15 05:22 PT,1.581
2026-11-15 05:23 PT,1.588
2026-11-15 05:24 PT,1.596
2026-11-15 05:25 PT,1.603
2026-11-15 05:26 PT,1.611
2026-11-15 05:27 PT,1.619
2026-11-15 05:28 PT,1.626
2026-11-15 05:29 PT,1.634
2026-11-15 05:30 PT,1.642
2026-11-15 05:31 PT,1.65
2026-11-15 05:32 PT,1.658
2026-11-15 05:33 PT,1.666
2026-11-15 05:34 PT,1.674
2026-11-15 05:35 PT,1.682
2026-11-15 05:36 PT,1.69
2026-11-15 05:37 PT,1.698
2026-11-15 05:38 PT,1.707
2026-11-15 05:39 PT,1.715
2026-11-15 05:40 PT,1.723
2026-11-15 05:41 PT,1.732
2026-11-15 05:42 PT,1.74
2026-11-15 05:43 PT,1.749
2026-11-15 05:44 PT,1.757
2026-11-15 05:45 PT,1.766
2026-11-15 05:46 PT,1.774
2026-11-15 05:47 PT,1.783
2026-11-15 05:48 PT,1.792
2026-11-15 05:49 PT,1.801
2026-11-15 05:50 PT,1.809
2026-11-15 05:51 PT,1.818
2026-11-15 05:52 PT,1.827
2026-11-15 05:53 PT,1.836
2026-11-15 05:54 PT,1.845
2026-11-15 05:55 PT,1.854
2026-11-15 05:56 PT,1.863
2026-11-15 05:57 PT,1.872
2026-11-15 05:58 PT,1.881
2026-11-15 05:59 PT,1.89
2026-11-15 06:00 PT,1.9
2026-11-15 06:01 PT,1.909
2026-11-15 06:02 PT,1.918
2026-11-15 06:03 PT,1.927
2026-11-15 06:04 PT,1.937
2026-11-15 06:05 PT,1.946
2026-11-15 06:06 PT,1.955
2026-11-15 06:07 PT,1.965
2026-11-15 06:08 PT,1.974
2026-11-15 06:09 PT,1.984
2026-11-15 06:10 PT,1.993
2026-11-15 06:11 PT,2.003
2026-11-15 06:12 PT,2.013
2026-11-15 06:13 PT,2.022
2026-11-15 06:14 PT,2.032
2026-11-15 06:15 PT,2.041
2026-11-15 06:16 PT,2.051
2026-11-15 06:17 PT,2.061
2026-11-15 06:18 PT,2.071
2026-11-15 06:19 PT,2.08
2026-11-15 06:20 PT,2.09
2026-11-15 06:21 PT,2.1
2026-11-15 06:22 PT,2.11
2026-11-15 06:23 PT,2.12
2026-11-15 06:24 PT,2.13
2026-11-15 06:25 PT,2.14
2026-11-15 06:26 PT,2.15
2026-11-15 06:27 PT,2.159
2026-11-15 06:28 PT,2.169
2026-11-15 06:29 PT,2.179
2026-11-15 06:30 PT,2.189
2026-11-15 06:31 PT,2.2
2026-11-15 06:32 PT,2.21
2026-11-15 06:33 PT,2.22
2026-11-15 06:34 PT,2.23
2026-11-15 06:35 PT,2.24
2026-11-15 06:36 PT,2.25
2026-11-15 06:37 PT,2.26
2026-11-15 06:38 PT,2.27
2026-11-15 06:39 PT,2.281
2026-11-15 06:40 PT,2.291
2026-11-15 06:41 PT,2.301
2026-11-15 06:42 PT,2.311
2026-11-15 06:43 PT,2.321
2026-11-15 06:44 PT,2.332
2026-11-15 06:45 PT,2.342
2026-11-15 06:46 PT,2.352
2026-11-15 06:47 PT,2.362
2026-11-15 06:48 PT,2.373
2026-11-15 06:49 PT,2.383
2026-11-15 06:50 PT,2.393
2026-11-15 06:51 PT,2.404
2026-11-15 06:52 PT,2.414
2026-11-15 06:53 PT,2.424
2026-11-15 06:54 PT,2.435
2026-11-15 06:55 PT,2.445
2026-11-15 06:56 PT,2.456
2026-11-15 06:57 PT,2.466
2026-11-15 06:58 PT,2.476
2026-11-15 06:59 PT,2.487
2026-11-15 07:00 PT,2.497
2026-11-15 07:01 PT,2.508
2026-11-15 07:02 PT,2.518
2026-11-15 07:03 PT,2.528
2026-11-15 07:04 PT,2.539
2026-11-15 07:05 PT,2.549
2026-11-15 07:06 PT,2.56
2026-11-15 07:07 PT,2.57
2026-11-15 07:08 PT,2.581
2026-11-15 07:09 PT,2.591
2026-11-15 07:10 PT,2.602
2026-11-15 07:11 PT,2.612
2026-11-15 07:12 PT,2.623
2026-11-15 07:13 PT,2.633
2026-11-15 07:14 PT,2.644
2026-11-15 07:15 PT,2.654
2026-11-15 07:16 PT,2.665
2026-11-15 07:17 PT,2.675
2026-11-15 07:18 PT,2.686
2026-11-15 07:19 PT,2.696
2026-11-15 07:20 PT,2.707
2026-11-15 07:21 PT,2.717
2026-11-15 07:22 PT,2.728
2026-11-15 07:23 PT,2.738
2026-11-15 07:24 PT,2.749
2026-11-15 07:25 PT,2.759
2026-11-15 07:26 PT,2.77
2026-11-15 07:27 PT,2.78
2026-11-15 07:28 PT,2.791
2026-11-15 07:29 PT,2.801
2026-11-15 07:30 PT,2.812
2026-11-15 07:31 PT,2.822
2026-11-15 07:32 PT,2.833
2026-11-15 07:33 PT,2.843
2026-11-15 07:34 PT,2.854
2026-11-15 07:35 PT,2.864
2026-11-15 07:36 PT,2.875
2026-11-15 07:37 PT,2.885
2026-11-15 07:38 PT,2.896
2026-11-15 07:39 PT,2.906
2026-11-15 07:40 PT,2.917
2026-11-15 07:41 PT,2.927
2026-11-15 07:42 PT,2.938
2026-11-15 07:43 PT,2.948
2026-11-15 07:44 PT,2.959
2026-11-15 07:45 PT,2.969
2026-11-15 07:46 PT,2.979
2026-11-15 07:47 PT,2.99
2026-11-15 07:48 PT,3
2026-11-15 07:49 PT,3.011
2026-11-15 07:50 PT,3.021
2026-11-15 07:51 PT,3.032
2026-11-15 07:52 PT,3.042
2026-11-15 07:53 PT,3.053
2026-11-15 07:54 PT,3.063
2026-11-15 07:55 PT,3.073
2026-11-15 07:56 PT,3.084
2026-11-15 07:57 PT,3.094
2026-11-15 07:58 PT,3.105
2026-11-15 07:59 PT,3.115
2026-11-15 08:00 PT,3.125
2026-11-15 08:01 PT,3.136
2026-11-15 08:02 PT,3.146
2026-11-15 08:03 PT,3.156
2026-11-15 08:04 PT,3.167
2026-11-15 08:05 PT,3.177
2026-11-15 08:06 PT,3.187
2026-11-15 08:07 PT,3.198
2026-11-15 08:08 PT,3.208
2026-11-15 08:09 PT,3.218
2026-11-15 08:10 PT,3.228
2026-11-15 08:11 PT,3.239
2026-11-15 08:12 PT,3.249
2026-11-15 08:13 PT,3.259
2026-11-15 08:14 PT,3.269
2026-11-15 08:15 PT,3.28
2026-11-15 08:16 PT,3.29
2026-11-15 08:17 PT,3.3
2026-11-15 08:18 PT,3.31
2026-11-15 08:19 PT,3.32
2026-11-15 08:20 PT,3.33
2026-11-15 08:21 PT,3.341
2026-11-15 08:22 PT,3.351
2026-11-15 08:23 PT,3.361
2026-11-15 08:24 PT,3.371
2026-11-15 08:25 PT,3.381
2026-11-15 08:26 PT,3.391
2026-11-15 08:27 PT,3.401
2026-11-15 08:28 PT,3.411
2026-11-15 08:29 PT,3.421
2026-11-15 08:30 PT,3.431
2026-11-15 08:31 PT,3.441
2026-11-15 08:32 PT,3.451
2026-11-15 08:33 PT,3.461
2026-11-15 08:34 PT,3.471
2026-11-15 08:35 PT,3.481
2026-11-15 08:36 PT,3.491
2026-11-15 08:37 PT,3.5
2026-11-15 08:38 PT,3.51
2026-11-15 08:39 PT,3.52
2026-11-15 08:40 PT,3.53
2026-11-15 08:41 PT,3.54
2026-11-15 08:42 PT,3.549
2026-11-15 08:43 PT,3.559
2026-11-15 08:44 PT,3.569
2026-11-15 08:45 PT,3.578
2026-11-15 08:46 PT,3.588
2026-11-15 08:47 PT,3.598
2026-11-15 08:48 PT,3.607
2026-11-15 08:49 PT,3.617
2026-11-15 08:50 PT,3.626
2026-11-15 08:51 PT,3.636
2026-11-15 08:52 PT,3.645
2026-11-15 08:53 PT,3.655
2026-11-15 08:54 PT,3.664
2026-11-15 08:55 PT,3.673
2026-11-15 08:56 PT,3.683
2026-11-15 08:57 PT,3.692
2026-11-15 08:58 PT,3.701
2026-11-15 08:59 PT,3.711
2026-11-15 09:00 PT,3.72
2026-11-15 09:01 PT,3.729
2026-11-15 09:02 PT,3.738
2026-11-15 09:03 PT,3.748
2026-11-15 09:04 PT,3.757
2026-11-15 09:05 PT,3.766
2026-11-15 09:06 PT,3.775
2026-11-15 09:07 PT,3.784
2026-11-15 09:08 PT,3.793
2026-11-15 09:09 PT,3.802
2026-11-15 09:10 PT,3.811
2026-11-15 09:11 PT,3.819
2026-11-15 09:12 PT,3.828
2026-11-15 09:13 PT,3.837
2026-11-15 09:14 PT,3.846
2026-11-15 09:15 PT,3.855
2026-11-15 09:16 PT,3.863
2026-11-15 09:17 PT,3.872
2026-11-15 09:18 PT,3.88
2026-11-15 09:19 PT,3.889
2026-11-15 09:20 PT,3.898
2026-11-15 09:21 PT,3.906
2026-11-15 09:22 PT,3.914
2026-11-15 09:23 PT,3.923
2026-11-15 09:24 PT,3.931
2026-11-15 09:25 PT,3.939
2026-11-15 09:26 PT,3.948
2026-11-15 09:27 PT,3.956
2026-11-15 09:28 PT,3.964
2026-11-15 09:29 PT,3.972
2026-11-15 09:30 PT,3.98
2026-11-15 09:31 PT,3.988
2026-11-15 09:32 PT,3.996
2026-11-15 09:33 PT,4.004
2026-11-15 09:34 PT,4.012
2026-11-15 09:35 PT,4.02
2026-11-15 09:36 PT,4.028
2026-11-15 09:37 PT,4.036
2026-11-15 09:38 PT,4.043
2026-11-15 09:39 PT,4.051
2026-11-15 09:40 PT,4.058
2026-11-15 09:41 PT,4.066
2026-11-15 09:42 PT,4.073
2026-11-15 09:43 PT,4.081
2026-11-15 09:44 PT,4.088
2026-11-15 09:45 PT,4.096
2026-11-15 09:46 PT,4.103
2026-11-15 09:47 PT,4.11
2026-11-15 09:48 PT,4.117
2026-11-15 09:49 PT,4.124
2026-11-15 09:50 PT,4.132
2026-11-15 09:51 PT,4.139
2026-11-15 09:52 PT,4.146
2026-11-15 09:53 PT,4.152
2026-11-15 09:54 PT,4.159
2026-11-15 09:55 PT,4.166
2026-11-15 09:56 PT,4.173
2026-11-15 09:57 PT,4.179
2026-11-15 09:58 PT,4.186
2026-11-15 09:59 PT,4.193
2026-11-15 10:00 PT,4.199
2026-11-15 10:01 PT,4.206
2026-11-15 10:02 PT,4.212
2026-11-15 10:03 PT,4.218
2026-11-15 10:04 PT,4.225
2026-11-15 10:05 PT,4.231
2026-11-15 10:06 PT,4.237
2026-11-15 10:07 PT,4.243
2026-11-15 10:08 PT,4.249
2026-11-15 10:09 PT,4.255
2026-11-15 10:10 PT,4.261
2026-11-15 10:11 PT,4.267
2026-11-15 10:12 PT,4.273
2026-11-15 10:13 PT,4.278
2026-11-15 10:14 PT,4.284
2026-11-15 10:15 PT,4.289
2026-11-15 10:16 PT,4.295
2026-11-15 10:17 PT,4.301
2026-11-15 10:18 PT,4.306
2026-11-15 10:19 PT,4.311
2026-11-15 10:20 PT,4.317
2026-11-15 10:21 PT,4.322
2026-11-15 10:22 PT,4.327
2026-11-15 10:23 PT,4.332
2026-11-15 10:24 PT,4.337
2026-11-15 10:25 PT,4.342
2026-11-15 10:26 PT,4.347
2026-11-15 10:27 PT,4.352
2026-11-15 10:28 PT,4.357
2026-11-15 10:29 PT,4.361
2026-11-15 10:30 PT,4.366
2026-11-15 10:31 PT,4.37
2026-11-15 10:32 PT,4.375
2026-11-15 10:33 PT,4.379
2026-11-15 10:34 PT,4.384
2026-11-15 10:35 PT,4.388
2026-11-15 10:36 PT,4.392
2026-11-15 10:37 PT,4.397
2026-11-15 10:38 PT,4.401
2026-11-15 10:39 PT,4.405
2026-11-15 10:40 PT,4.409
2026-11-15 10:41 PT,4.413
2026-11-15 10:42 PT,4.417
2026-11-15 10:43 PT,4.42
2026-11-15 10:44 PT,4.424
2026-11-15 10:45 PT,4.428
2026-11-15 10:46 PT,4.431
2026-11-15 10:47 PT,4.435
2026-11-15 10:48 PT,4.438
2026-11-15 10:49 PT,4.442
2026-11-15 10:50 PT,4.445
2026-11-15 10:51 PT,4.448
2026-11-15 10:52 PT,4.451
2026-11-15 10:53 PT,4.455
2026-11-15 10:54 PT,4.458
2026-11-15 10:55 PT,4.461
2026-11-15 10:56 PT,4.464
2026-11-15 10:57 PT,4.467
2026-11-15 10:58 PT,4.469
2026-11-15 10:59 PT,4.472
2026-11-15 11:00 PT,4.475
2026-11-15 11:01 PT,4.477
2026-11-15 11:02 PT,4.48
2026-11-15 11:03 PT,4.482
2026-11-15 11:04 PT,4.485
2026-11-15 11:05 PT,4.487
2026-11-15 11:06 PT,4.489
2026-11-15 11:07 PT,4.492
2026-11-15 11:08 PT,4.494
2026-11-15 11:09 PT,4.496
2026-11-15 11:10 PT,4.498
2026-11-15 11:11 PT,4.5
2026-11-15 11:12 PT,4.502
2026-11-15 11:13 PT,4.504
2026-11-15 11:14 PT,4.505
2026-11-15 11:15 PT,4.507
2026-11-15 11:16 PT,4.509
2026-11-15 11:17 PT,4.51
2026-11-15 11:18 PT,4.512
2026-11-15 11:19 PT,4.513
2026-11-15 11:20 PT,4.515
2026-11-15 11:21 PT,4.516
2026-11-15 11:22 PT,4.517
2026-11-15 11:23 PT,4.518
2026-11-15 11:24 PT,4.52
2026-11-15 11:25 PT,4.521
2026-11-15 11:26 PT,4.522
2026-11-15 11:27 PT,4.523
2026-11-15 11:28 PT,4.523
2026-11-15 11:29 PT,4.524
2026-11-15 11:30 PT,4.525
2026-11-15 11:31 PT,4.526
2026-11-15 11:32 PT,4.526
2026-11-15 11:33 PT,4.527
2026-11-15 11:34 PT,4.527
2026-11-15 11:35 PT,4.528
2026-11-15 11:36 PT,4.528
2026-11-15 11:37 PT,4.529
2026-11-15 11:38 PT,4.529
2026-11-15 11:39 PT,4.529
2026-11-15 11:40 PT,4.529
2026-11-15 11:41 PT,4.529
2026-11-15 11:42 PT,4.529
2026-11-15 11:43 PT,4.529
2026-11-15 11:44 PT,4.529
2026-11-15 11:45 PT,4.529
2026-11-15 11:46 PT,4.529
2026-11-15 11:47 PT,4.529
2026-11-15 11:48 PT,4.528
2026-11-15 11:49 PT,4.528
2026-11-15 11:50 PT,4.528
2026-11-15 11:51 PT,4.527
2026-11-15 11:52 PT,4.526
2026-11-15 11:53 PT,4.526
2026-11-15 11:54 PT,4.525
2026-11-15 11:55 PT,4.525
2026-11-15 11:56 PT,4.524
2026-11-15 11:57 PT,4.523
2026-11-15 11:58 PT,4.522
2026-11-15 11:59 PT,4.521
2026-11-15 12:00 PT,4.52
2026-11-15 12:01 PT,4.519
2026-11-15 12:02 PT,4.518
2026-11-15 12:03 PT,4.517
2026-11-15 12:04 PT,4.516
2026-11-15 12:05 PT,4.514
2026-11-15 12:06 PT,4.513
2026-11-15 12:07 PT,4.512
2026-11-15 12:08 PT,4.51
2026-11-15 12:09 PT,4.509
2026-11-15 12:10 PT,4.507
2026-11-15 12:11 PT,4.506
2026-11-15 12:12 PT,4.504
2026-11-15 12:13 PT,4.502
2026-11-15 12:14 PT,4.501
2026-11-15 12:15 PT,4.499
2026-11-15 12:16 PT,4.497
2026-11-15 12:17 PT,4.495
2026-11-15 12:18 PT,4.493
2026-11-15 12:19 PT,4.491
2026-11-15 12:20 PT,4.489
2026-11-15 12:21 PT,4.487
2026-11-15 12:22 PT,4.485
2026-11-15 12:23 PT,4.483
2026-11-15 12:24 PT,4.48
2026-11-15 12:25 PT,4.478
2026-11-15 12:26 PT,4.476
2026-11-15 12:27 PT,4.473
2026-11-15 12:28 PT,4.471
2026-11-15 12:29 PT,4.469
2026-11-15 12:30 PT,4.466
2026-11-15 12:31 PT,4.464
2026-11-15 12:32 PT,4.461
2026-11-15 12:33 PT,4.458
2026-11-15 12:34 PT,4.456
2026-11-15 12:35 PT,4.453
2026-11-15 12:36 PT,4.45
2026-11-15 12:37 PT,4.447
2026-11-15 12:38 PT,4.444
2026-11-15 12:39 PT,4.442
2026-11-15 12:40 PT,4.439
2026-11-15 12:41 PT,4.436
2026-11-15 12:42 PT,4.433
2026-11-15 12:43 PT,4.43
2026-11-15 12:44 PT,4.426
2026-11-15 12:45 PT,4.423
2026-11-15 12:46 PT,4.42
2026-11-15 12:47 PT,4.417
2026-11-15 12:48 PT,4.414
2026-11-15 12:49 PT,4.41
2026-11-15 12:50 PT,4.407
2026-11-15 12:51 PT,4.404
2026-11-15 12:52 PT,4.4
2026-11-15 12:53 PT,4.397
2026-11-15 12:54 PT,4.393
2026-11-15 12:55 PT,4.39
2026-11-15 12:56 PT,4.386
2026-11-15 12:57 PT,4.383
2026-11-15 12:58 PT,4.379
2026-11-15 12:59 PT,4.375
2026-11-15 13:00 PT,4.372
2026-11-15 13:01 PT,4.368
2026-11-15 13:02 PT,4.364
2026-11-15 13:03 PT,4.36
2026-11-15 13:04 PT,4.357
2026-11-15 13:05 PT,4.353
2026-11-15 13:06 PT,4.349
2026-11-15 13:07 PT,4.345
2026-11-15 13:08 PT,4.341
2026-11-15 13:09 PT,4.337
2026-11-15 13:10 PT,4.333
2026-11-15 13:11 PT,4.329
2026-11-15 13:12 PT,4.325
2026-11-15 13:13 PT,4.321
2026-11-15 13:14 PT,4.317
2026-11-15 13:15 PT,4.313
2026-11-15 13:16 PT,4.308
2026-11-15 13:17 PT,4.304
2026-11-15 13:18 PT,4.3
2026-11-15 13:19 PT,4.296
2026-11-15 13:20 PT,4.292
2026-11-15 13:21 PT,4.287
2026-11-15 13:22 PT,4.283
2026-11-15 13:23 PT,4.279
2026-11-15 13:24 PT,4.274
2026-11-15 13:25 PT,4.27
2026-11-15 13:26 PT,4.266
2026-11-15 13:27 PT,4.261
2026-11-15 13:28 PT,4.257
2026-11-15 13:29 PT,4.252
2026-11-15 13:30 PT,4.248
2026-11-15 13:31 PT,4.243
2026-11-15 13:32 PT,4.239
2026-11-15 13:33 PT,4.234
2026-11-15 13:34 PT,4.23
2026-11-15 13:35 PT,4.225
2026-11-15 13:36 PT,4.221
2026-11-15 13:37 PT,4.216
2026-11-15 13:38 PT,4.212
2026-11-15 13:39 PT,4.207
2026-11-15 13:40 PT,4.202
2026-11-15 13:41 PT,4.198
2026-11-15 13:42 PT,4.193
2026-11-15 13:43 PT,4.188
2026-11-15 13:44 PT,4.184
2026-11-15 13:45 PT,4.179
2026-11-15 13:46 PT,4.174
2026-11-15 13:47 PT,4.17
2026-11-15 13:48 PT,4.165
2026-11-15 13:49 PT,4.16
2026-11-15 13:50 PT,4.155
2026-11-15 13:51 PT,4.151
2026-11-15 13:52 PT,4.146
2026-11-15 13:53 PT,4.141
2026-11-15 13:54 PT,4.136
2026-11-15 13:55 PT,4.132
2026-11-15 13:56 PT,4.127
2026-11-15 13:57 PT,4.122
2026-11-15 13:58 PT,4.117
2026-11-15 13:59 PT,4.112
2026-11-15 14:00 PT,4.108
2026-11-15 14:01 PT,4.103
2026-11-15 14:02 PT,4.098
2026-11-15 14:03 PT,4.093
2026-11-15 14:04 PT,4.088
2026-11-15 14:05 PT,4.084
2026-11-15 14:06 PT,4.079
2026-11-15 14:07 PT,4.074
2026-11-15 14:08 PT,4.069
2026-11-15 14:09 PT,4.064
2026-11-15 14:10 PT,4.06
2026-11-15 14:11 PT,4.055
2026-11-15 14:12 PT,4.05
2026-11-15 14:13 PT,4.045
2026-11-15 14:14 PT,4.04
2026-11-15 14:15 PT,4.035
2026-11-15 14:16 PT,4.031
2026-11-15 14:17 PT,4.026
2026-11-15 14:18 PT,4.021
2026-11-15 14:19 PT,4.016
2026-11-15 14:20 PT,4.011
2026-11-15 14:21 PT,4.007
2026-11-15 14:22 PT,4.002
2026-11-15 14:23 PT,3.997
2026-11-15 14:24 PT,3.992
2026-11-15 14:25 PT,3.988
2026-11-15 14:26 PT,3.983
2026-11-15 14:27 PT,3.978
2026-11-15 14:28 PT,3.973
2026-11-15 14:29 PT,3.969
2026-11-15 14:30 PT,3.964
2026-11-15 14:31 PT,3.959
2026-11-15 14:32 PT,3.954
2026-11-15 14:33 PT,3.95
2026-11-15 14:34 PT,3.945
2026-11-15 14:35 PT,3.94
2026-11-15 14:36 PT,3.936
2026-11-15 14:37 PT,3.931
2026-11-15 14:38 PT,3.926
2026-11-15 14:39 PT,3.922
2026-11-15 14:40 PT,3.917
2026-11-15 14:41 PT,3.912
2026-11-15 14:42 PT,3.908
2026-11-15 14:43 PT,3.903
2026-11-15 14:44 PT,3.899
2026-11-15 14:45 PT,3.894
2026-11-15 14:46 PT,3.889
2026-11-15 14:47 PT,3.885
2026-11-15 14:48 PT,3.88
2026-11-15 14:49 PT,3.876
2026-11-15 14:50 PT,3.871
2026-11-15 14:51 PT,3.867
2026-11-15 14:52 PT,3.862
2026-11-15 14:53 PT,3.858
2026-11-15 14:54 PT,3.853
2026-11-15 14:55 PT,3.849
2026-11-15 14:56 PT,3.844
2026-11-15 14:57 PT,3.84
2026-11-15 14:58 PT,3.835
2026-11-15 14:59 PT,3.831
2026-11-15 15:00 PT,3.827
2026-11-15 15:01 PT,3.822
2026-11-15 15:02 PT,3.818
2026-11-15 15:03 PT,3.814
2026-11-15 15:04 PT,3.809
2026-11-15 15:05 PT,3.805
2026-11-15 15:06 PT,3.801
2026-11-15 15:07 PT,3.796
2026-11-15 15:08 PT,3.792
2026-11-15 15:09 PT,3.788
2026-11-15 15:10 PT,3.784
2026-11-15 15:11 PT,3.779
2026-11-15 15:12 PT,3.775
2026-11-15 15:13 PT,3.771
2026-11-15 15:14 PT,3.767
2026-11-15 15:15 PT,3.763
2026-11-15 15:16 PT,3.759
2026-11-15 15:17 PT,3.755
2026-11-15 15:18 PT,3.75
2026-11-15 15:19 PT,3.746
2026-11-15 15:20 PT,3.742
2026-11-15 15:21 PT,3.738
2026-11-15 15:22 PT,3.734
2026-11-15 15:23 PT,3.73
2026-11-15 15:24 PT,3.726
2026-11-15 15:25 PT,3.722
2026-11-15 15:26 PT,3.718
2026-11-15 15:27 PT,3.714
2026-11-15 15:28 PT,3.71
2026-11-15 15:29 PT,3.707
2026-11-15 15:30 PT,3.703
2026-11-15 15:31 PT,3.699
2026-11-15 15:32 PT,3.695
2026-11-15 15:33 PT,3.691
2026-11-15 15:34 PT,3.687
2026-11-15 15:35 PT,3.683
2026-11-15 15:36 PT,3.68
2026-11-15 15:37 PT,3.676
2026-11-15 15:38 PT,3.672
2026-11-15 15:39 PT,3.669
2026-11-15 15:40 PT,3.665
2026-11-15 15:41 PT,3.661
2026-11-15 15:42 PT,3.657
2026-11-15 15:43 PT,3.654
2026-11-15 15:44 PT,3.65
2026-11-15 15:45 PT,3.647
2026-11-15 15:46 PT,3.643
2026-11-15 15:47 PT,3.639
2026-11-15 15:48 PT,3.636
2026-11-15 15:49 PT,3.632
2026-11-15 15:50 PT,3.629
2026-11-15 15:51 PT,3.625
2026-11-15 15:52 PT,3.622
2026-11-15 15:53 PT,3.618
2026-11-15 15:54 PT,3.615
2026-11-15 15:55 PT,3.612
2026-11-15 15:56 PT,3.608
2026-11-15 15:57 PT,3.605
2026-11-15 15:58 PT,3.602
2026-11-15 15:59 PT,3.598
2026-11-15 16:00 PT,3.595
2026-11-15 16:01 PT,3.592
2026-11-15 16:02 PT,3.588
2026-11-15 16:03 PT,3.585
2026-11-15 16:04 PT,3.582
2026-11-15 16:05 PT,3.579
2026-11-15 16:06 PT,3.575
2026-11-15 16:07 PT,3.572
2026-11-15 16:08 PT,3.569
2026-11-15 16:09 PT,3.566
2026-11-15 16:10 PT,3.563
2026-11-15 16:11 PT,3.56
2026-11-15 16:12 PT,3.557
2026-11-15 16:13 PT,3.554
2026-11-15 16:14 PT,3.551
2026-11-15 16:15 PT,3.548
2026-11-15 16:16 PT,3.545
2026-11-15 16:17 PT,3.542
2026-11-15 16:18 PT,3.539
2026-11-15 16:19 PT,3.536
2026-11-15 16:20 PT,3.533
2026-11-15 16:21 PT,3.53
2026-11-15 16:22 PT,3.527
2026-11-15 16:23 PT,3.524
2026-11-15 16:24 PT,3.521
2026-11-15 16:25 PT,3.519
2026-11-15 16:26 PT,3.516
2026-11-15 16:27 PT,3.513
2026-11-15 16:28 PT,3.51
2026-11-15 16:29 PT,3.508
2026-11-15 16:30 PT,3.505
2026-11-15 16:31 PT,3.502
2026-11-15 16:32 PT,3.5
2026-11-15 16:33 PT,3.497
2026-11-15 16:34 PT,3.494
2026-11-15 16:35 PT,3.492
2026-11-15 16:36 PT,3.489
2026-11-15 16:37 PT,3.487
2026-11-15 16:38 PT,3.484
2026-11-15 16:39 PT,3.482
2026-11-15 16:40 PT,3.479
2026-11-15 16:41 PT,3.477
2026-11-15 16:42 PT,3.474
2026-11-15 16:43 PT,3.472
2026-11-15 16:44 PT,3.47
2026-11-15 16:45 PT,3.467
2026-11-15 16:46 PT,3.465
2026-11-15 16:47 PT,3.463
2026-11-15 16:48 PT,3.46
2026-11-15 16:49 PT,3.458
2026-11-15 16:50 PT,3.456
2026-11-15 16:51 PT,3.454
2026-11-15 16:52 PT,3.451
2026-11-15 16:53 PT,3.449
2026-11-15 16:54 PT,3.447
2026-11-15 16:55 PT,3.445
2026-11-15 16:56 PT,3.443
2026-11-15 16:57 PT,3.441
2026-11-15 16:58 PT,3.439
2026-11-15 16:59 PT,3.437
2026-11-15 17:00 PT,3.435
2026-11-15 17:01 PT,3.433
2026-11-15 17:02 PT,3.431
2026-11-15 17:03 PT,3.429
2026-11-15 17:04 PT,3.427
2026-11-15 17:05 PT,3.425
2026-11-15 17:06 PT,3.423
2026-11-15 17:07 PT,3.421
2026-11-15 17:08 PT,3.419
2026-11-15 17:09 PT,3.417
2026-11-15 17:10 PT,3.416
2026-11-15 17:11 PT,3.414
2026-11-15 17:12 PT,3.412
2026-11-15 17:13 PT,3.41
2026-11-15 17:14 PT,3.409
2026-11-15 17:15 PT,3.407
2026-11-15 17:16 PT,3.405
2026-11-15 17:17 PT,3.404
2026-11-15 17:18 PT,3.402
2026-11-15 17:19 PT,3.401
2026-11-15 17:20 PT,3.399
2026-11-15 17:21 PT,3.398
2026-11-15 17:22 PT,3.396
2026-11-15 17:23 PT,3.395
2026-11-15 17:24 PT,3.393
2026-11-15 17:25 PT,3.392
2026-11-15 17:26 PT,3.39
2026-11-15 17:27 PT,3.389
2026-11-15 17:28 PT,3.388
2026-11-15 17:29 PT,3.386
2026-11-15 17:30 PT,3.385
2026-11-15 17:31 PT,3.384
2026-11-15 17:32 PT,3.382
2026-11-15 17:33 PT,3.381
2026-11-15 17:34 PT,3.38
2026-11-15 17:35 PT,3.379
2026-11-15 17:36 PT,3.377
2026-11-15 17:37 PT,3.376
2026-11-15 17:38 PT,3.375
2026-11-15 17:39 PT,3.374
2026-11-15 17:40 PT,3.373
2026-11-15 17:41 PT,3.372
2026-11-15 17:42 PT,3.371
2026-11-15 17:43 PT,3.37
2026-11-15 17:44 PT,3.369
2026-11-15 17:45 PT,3.368
2026-11-15 17:46 PT,3.367
2026-11-15 17:47 PT,3.366
2026-11-15 17:48 PT,3.365
2026-11-15 17:49 PT,3.364
2026-11-15 17:50 PT,3.363
2026-11-15 17:51 PT,3.363
2026-11-15 17:52 PT,3.362
2026-11-15 17:53 PT,3.361
2026-11-15 17:54 PT,3.36
2026-11-15 17:55 PT,3.359
2026-11-15 17:56 PT,3.359
2026-11-15 17:57 PT,3.358
2026-11-15 17:58 PT,3.357
2026-11-15 17:59 PT,3.357
2026-11-15 18:00 PT,3.356
2026-11-15 18:01 PT,3.355
2026-11-15 18:02 PT,3.355
2026-11-15 18:03 PT,3.354
2026-11-15 18:04 PT,3.354
2026-11-15 18:05 PT,3.353
2026-11-15 18:06 PT,3.353
2026-11-15 18:07 PT,3.352
2026-11-15 18:08 PT,3.352
2026-11-15 18:09 PT,3.351
2026-11-15 18:10 PT,3.351
2026-11-15 18:11 PT,3.35
2026-11-15 18:12 PT,3.35
2026-11-15 18:13 PT,3.349
2026-11-15 18:14 PT,3.349
2026-11-15 18:15 PT,3.349
2026-11-15 18:16 PT,3.348
2026-11-15 18:17 PT,3.348
2026-11-15 18:18 PT,3.348
2026-11-15 18:19 PT,3.348
2026-11-15 18:20 PT,3.347
2026-11-15 18:21 PT,3.347
2026-11-15 18:22 PT,3.347
2026-11-15 18:23 PT,3.347
2026-11-15 18:24 PT,3.346
2026-11-15 18:25 PT,3.346
2026-11-15 18:26 PT,3.346
2026-11-15 18:27 PT,3.346
2026-11-15 18:28 PT,3.346
2026-11-15 18:29 PT,3.346
2026-11-15 18:30 PT,3.345
2026-11-15 18:31 PT,3.345
2026-11-15 18:32 PT,3.345
2026-11-15 18:33 PT,3.345
2026-11-15 18:34 PT,3.345
2026-11-15 18:35 PT,3.345
2026-11-15 18:36 PT,3.345
2026-11-15 18:37 PT,3.345
2026-11-15 18:38 PT,3.345
2026-11-15 18:39 PT,3.345
2026-11-15 18:40 PT,3.345
2026-11-15 18:41 PT,3.345
2026-11-15 18:42 PT,3.345
2026-11-15 18:43 PT,3.345
2026-11-15 18:44 PT,3.345
2026-11-15 18:45 PT,3.346
2026-11-15 18:46 PT,3.346
2026-11-15 18:47 PT,3.346
2026-11-15 18:48 PT,3.346
2026-11-15 18:49 PT,3.346
2026-11-15 18:50 PT,3.346
2026-11-15 18:51 PT,3.346
2026-11-15 18:52 PT,3.347
2026-11-15 18:53 PT,3.347
2026-11-15 18:54 PT,3.347
2026-11-15 18:55 PT,3.347
2026-11-15 18:56 PT,3.347
2026-11-15 18:57 PT,3.347
2026-11-15 18:58 PT,3.348
2026-11-15 18:59 PT,3.348
2026-11-15 19:00 PT,3.348
2026-11-15 19:01 PT,3.348
2026-11-15 19:02 PT,3.349
2026-11-15 19:03 PT,3.349
2026-11-15 19:04 PT,3.349
2026-11-15 19:05 PT,3.349
2026-11-15 19:06 PT,3.35
2026-11-15 19:07 PT,3.35
2026-11-15 19:08 PT,3.35
2026-11-15 19:09 PT,3.351
2026-11-15 19:10 PT,3.351
2026-11-15 19:11 PT,3.351
2026-11-15 19:12 PT,3.352
2026-11-15 19:13 PT,3.352
2026-11-15 19:14 PT,3.352
2026-11-15 19:15 PT,3.353
2026-11-15 19:16 PT,3.353
2026-11-15 19:17 PT,3.353
2026-11-15 19:18 PT,3.354
2026-11-15 19:19 PT,3.354
2026-11-15 19:20 PT,3.354
2026-11-15 19:21 PT,3.355
2026-11-15 19:22 PT,3.355
2026-11-15 19:23 PT,3.355
2026-11-15 19:24 PT,3.356
2026-11-15 19:25 PT,3.356
2026-11-15 19:26 PT,3.356
2026-11-15 19:27 PT,3.357
2026-11-15 19:28 PT,3.357
2026-11-15 19:29 PT,3.357
2026-11-15 19:30 PT,3.358
2026-11-15 19:31 PT,3.358
2026-11-15 19:32 PT,3.359
2026-11-15 19:33 PT,3.359
2026-11-15 19:34 PT,3.359
2026-11-15 19:35 PT,3.36
2026-11-15 19:36 PT,3.36
2026-11-15 19:37 PT,3.36
2026-11-15 19:38 PT,3.361
2026-11-15 19:39 PT,3.361
2026-11-15 19:40 PT,3.361
2026-11-15 19:41 PT,3.362
2026-11-15 19:42 PT,3.362
2026-11-15 19:43 PT,3.362
2026-11-15 19:44 PT,3.363
2026-11-15 19:45 PT,3.363
2026-11-15 19:46 PT,3.364
2026-11-15 19:47 PT,3.364
2026-11-15 19:48 PT,3.364
2026-11-15 19:49 PT,3.365
2026-11-15 19:50 PT,3.365
2026-11-15 19:51 PT,3.365
2026-11-15 19:52 PT,3.365
2026-11-15 19:53 PT,3.366
2026-11-15 19:54 PT,3.366
2026-11-15 19:55 PT,3.366
2026-11-15 19:56 PT,3.367
2026-11-15 19:57 PT,3.367
2026-11-15 19:58 PT,3.367
2026-11-15 19:59 PT,3.368
2026-11-15 20:00 PT,3.368
2026-11-15 20:01 PT,3.368
2026-11-15 20:02 PT,3.368
2026-11-15 20:03 PT,3.369
2026-11-15 20:04 PT,3.369
2026-11-15 20:05 PT,3.369
2026-11-15 20:06 PT,3.369
2026-11-15 20:07 PT,3.37
2026-11-15 20:08 PT,3.37
2026-11-15 20:09 PT,3.37
2026-11-15 20:10 PT,3.37
2026-11-15 20:11 PT,3.37
2026-11-15 20:12 PT,3.37
2026-11-15 20:13 PT,3.371
2026-11-15 20:14 PT,3.371
2026-11-15 20:15 PT,3.371
2026-11-15 20:16 PT,3.371
2026-11-15 20:17 PT,3.371
2026-11-15 20:18 PT,3.371